{"5491122378664@s.whatsapp.net":true,"5491122378664:59@s.whatsapp.net":true,"5491122378664:60@s.whatsapp.net":true,"56958528401@s.whatsapp.net":true,"56958528401:1@s.whatsapp.net":true,"573026947386@s.whatsapp.net":true,"51938253664@s.whatsapp.net":true,"5215521494898@s.whatsapp.net":true,"573042158601@s.whatsapp.net":true,"5491166400904@s.whatsapp.net":true,"5492215078947@s.whatsapp.net":true,"5493704840770@s.whatsapp.net":true,"573239976220@s.whatsapp.net":true,"595983744773@s.whatsapp.net":true,"573229649027@s.whatsapp.net":true,"50237949577@s.whatsapp.net":true,"18494083631@s.whatsapp.net":true,"5214427764571@s.whatsapp.net":true,"573166956104@s.whatsapp.net":true,"573166956104:7@s.whatsapp.net":true,"584126548906@s.whatsapp.net":true,"5216319443398@s.whatsapp.net":true,"51961270728@s.whatsapp.net":true,"51961270728:8@s.whatsapp.net":true,"51961270728:9@s.whatsapp.net":true,"51961270728:10@s.whatsapp.net":true,"51961270728:11@s.whatsapp.net":true,"573229266042@s.whatsapp.net":true,"51947150898@s.whatsapp.net":true,"51947150898:43@s.whatsapp.net":true,"5215618996826@s.whatsapp.net":true,"573113973456@s.whatsapp.net":true,"573134123324@s.whatsapp.net":true,"573123891449@s.whatsapp.net":true,"573123891449:10@s.whatsapp.net":true,"573123891449:11@s.whatsapp.net":true,"573228100188@s.whatsapp.net":true,"573228100188:36@s.whatsapp.net":true,"573135972266@s.whatsapp.net":true,"13346632358@s.whatsapp.net":true,"59169959959@s.whatsapp.net":true,"5493878394819@s.whatsapp.net":true,"51931919795@s.whatsapp.net":true,"573227994602@s.whatsapp.net":true,"5218411164837@s.whatsapp.net":true,"5215635878662@s.whatsapp.net":true,"573168350300@s.whatsapp.net":true,"56945101901@s.whatsapp.net":true,"5218948465616@s.whatsapp.net":true,"56973175094@s.whatsapp.net":true,"18494246014@s.whatsapp.net":true,"5491168057280@s.whatsapp.net":true,"573137293435@s.whatsapp.net":true}