[{"senderKeyId":2033699952,"senderChainKey":{"iteration":23,"seed":"2rjov9ddb89q5hm85SmEq7rGG4xtGoeN269BNELKXCA="},"senderSigningKey":{"public":"BVaBvYOssSjf50lzzO1QNktgtf9OTCqun9m88h2fNzp5"},"senderMessageKeys":[]},{"senderKeyId":2033699952,"senderChainKey":{"iteration":0,"seed":"aSUGGLYTcSktHujnf/V9DaJi6OlCsfbP1ynbxiQhxyU="},"senderSigningKey":{"public":"BVaBvYOssSjf50lzzO1QNktgtf9OTCqun9m88h2fNzp5"},"senderMessageKeys":[]},{"senderKeyId":2033699952,"senderChainKey":{"iteration":1,"seed":"otq6aimZK8hNIaoBgQlwvHTtqKtwzE8Uaoc+EXKOsxw="},"senderSigningKey":{"public":"BVaBvYOssSjf50lzzO1QNktgtf9OTCqun9m88h2fNzp5"},"senderMessageKeys":[]},{"senderKeyId":2033699952,"senderChainKey":{"iteration":3,"seed":"vLs1sF+aOY1vjMe2lCmoBeFSWxSh4qngeTkiH7uIlA8="},"senderSigningKey":{"public":"BVaBvYOssSjf50lzzO1QNktgtf9OTCqun9m88h2fNzp5"},"senderMessageKeys":[]},{"senderKeyId":2033699952,"senderChainKey":{"iteration":4,"seed":"ZtTIriwn3eCRkSGws47ieuQFaAQjKKRI90Kqb2Gh2Cc="},"senderSigningKey":{"public":"BVaBvYOssSjf50lzzO1QNktgtf9OTCqun9m88h2fNzp5"},"senderMessageKeys":[]}]