[{"senderKeyId":2141845311,"senderChainKey":{"iteration":4,"seed":"csbxjz3wDSXBrKQxTIJSoKmnE3mGtmDRMSVnqPy5d6A="},"senderSigningKey":{"public":"BXPO3gB41MJoiZqF19s++TxQs7nTv75AMHXucBfG2I19"},"senderMessageKeys":[]},{"senderKeyId":213095202,"senderChainKey":{"iteration":45,"seed":"Es32r9yi4VOBcBy0ivhsm1AbGsqUNnuRrwR7pCv+Dpg="},"senderSigningKey":{"public":"BY/4OUOLlghiHsBltDd57bNRuHdgUMxeMpqBf1JtJAcG"},"senderMessageKeys":[{}]},{"senderKeyId":1608148082,"senderChainKey":{"iteration":5,"seed":"CZuQkvlMQCHT0s+hI60eAx+0nglAdL1h+AdiMq8pzWg="},"senderSigningKey":{"public":"BZfLh0iREqVmToUcXMq/Oq2PoeebuPE3sTKE4f2eSk4S"},"senderMessageKeys":[]}]