[{"senderKeyId":1564098041,"senderChainKey":{"iteration":2,"seed":"7butl+O4Yg9x7B9xZsFbkR+bUJxzrIPiUyInrbzGRs4="},"senderSigningKey":{"public":"Beg2JqIGrsTPH/JpdQpXNIydAUR9YgXqx9+Qv8tAbs9p"},"senderMessageKeys":[]},{"senderKeyId":1492168178,"senderChainKey":{"iteration":8,"seed":"Lz23eo1JvREFkrmik/yJwu6wpwaTPj4Efu1aDdzxQDY="},"senderSigningKey":{"public":"BUyFSWLGL+8UJQICs8eAOlz1IyjGQyrptTO+GzXkbXR4"},"senderMessageKeys":[]},{"senderKeyId":228133631,"senderChainKey":{"iteration":5,"seed":"ZqVJfYyJN+j2VJHXv2p3eRsqiOg+Ok3Dizn1RdJSinA="},"senderSigningKey":{"public":"BbaJyDU7iGFhqO6s3SHT5sUnzVGo6wdYtsKfo72VdhtY"},"senderMessageKeys":[]}]