{"50684284962@s.whatsapp.net":true,"50683505309@s.whatsapp.net":true,"5491122378664@s.whatsapp.net":true,"5491122378664:59@s.whatsapp.net":true,"5491122378664:60@s.whatsapp.net":true,"59173117846@s.whatsapp.net":true,"59173117846:96@s.whatsapp.net":true,"5217293832607@s.whatsapp.net":true,"51912390703@s.whatsapp.net":true,"573229522044@s.whatsapp.net":true,"5214428073898@s.whatsapp.net":true,"51925960324@s.whatsapp.net":true,"51902782818@s.whatsapp.net":true,"593963953723@s.whatsapp.net":true,"51993587055@s.whatsapp.net":true,"17739683618@s.whatsapp.net":true,"50231186260@s.whatsapp.net":true,"51961733442@s.whatsapp.net":true,"51927532671@s.whatsapp.net":true,"5358866674@s.whatsapp.net":true,"584125096853@s.whatsapp.net":true,"12056342082@s.whatsapp.net":true,"15612554024@s.whatsapp.net":true,"59169511540@s.whatsapp.net":true,"213668972336@s.whatsapp.net":true,"51901091350@s.whatsapp.net":true,"14703976115@s.whatsapp.net":true,"5491176390744@s.whatsapp.net":true,"593981416769@s.whatsapp.net":true,"51963026191@s.whatsapp.net":true,"19393229981@s.whatsapp.net":true,"51967357176@s.whatsapp.net":true,"15416212076@s.whatsapp.net":true,"59175788533@s.whatsapp.net":true,"56958365124@s.whatsapp.net":true,"56931722341@s.whatsapp.net":true,"5214891978676@s.whatsapp.net":true,"18294600481@s.whatsapp.net":true,"5215510315928@s.whatsapp.net":true,"5492996905658@s.whatsapp.net":true,"50254642633@s.whatsapp.net":true,"584127291316@s.whatsapp.net":true,"573236574257@s.whatsapp.net":true,"5493888420573@s.whatsapp.net":true,"5215644591420@s.whatsapp.net":true,"593992538244@s.whatsapp.net":true,"593992538244:8@s.whatsapp.net":true,"994408946318@s.whatsapp.net":true,"50231696163@s.whatsapp.net":true,"491736485210@s.whatsapp.net":true,"491736485210:8@s.whatsapp.net":true,"51926270027@s.whatsapp.net":true,"50487575942@s.whatsapp.net":true,"51986711738@s.whatsapp.net":true,"51959794544@s.whatsapp.net":true,"15039756958@s.whatsapp.net":true,"56937282596@s.whatsapp.net":true,"59176453579@s.whatsapp.net":true,"5356498658@s.whatsapp.net":true,"573227905738@s.whatsapp.net":true,"16309974464@s.whatsapp.net":true,"51902363905@s.whatsapp.net":true,"51902363905:2@s.whatsapp.net":true,"573178029993@s.whatsapp.net":true,"51994254957@s.whatsapp.net":true,"51904429118@s.whatsapp.net":true,"12014498833@s.whatsapp.net":true,"12014498833:1@s.whatsapp.net":true,"12014498833:2@s.whatsapp.net":true,"51921348271@s.whatsapp.net":true,"19176514904@s.whatsapp.net":true,"18099677385@s.whatsapp.net":true,"13854637901@s.whatsapp.net":true,"5491155717298@s.whatsapp.net":true,"584124079729@s.whatsapp.net":true,"59169780774@s.whatsapp.net":true,"213791959583@s.whatsapp.net":true,"50257343654@s.whatsapp.net":true,"573001472609@s.whatsapp.net":true,"213798359821@s.whatsapp.net":true,"16095750674@s.whatsapp.net":true,"13109452258@s.whatsapp.net":true,"59172619323@s.whatsapp.net":true,"50662706363@s.whatsapp.net":true,"50662706363:10@s.whatsapp.net":true,"50585500789@s.whatsapp.net":true,"5492644825073@s.whatsapp.net":true,"5213326770448@s.whatsapp.net":true,"5213326770448:9@s.whatsapp.net":true,"5213326770448:10@s.whatsapp.net":true,"18093968263@s.whatsapp.net":true,"18093968263:1@s.whatsapp.net":true,"18093968263:2@s.whatsapp.net":true,"51993211330@s.whatsapp.net":true,"5212722053165@s.whatsapp.net":true,"51931796554@s.whatsapp.net":true,"51931796554:3@s.whatsapp.net":true,"51916950705@s.whatsapp.net":true,"50232022409@s.whatsapp.net":true,"18594286755@s.whatsapp.net":true,"584120234999@s.whatsapp.net":true,"16673918083@s.whatsapp.net":true,"5355486357@s.whatsapp.net":true,"59165540051@s.whatsapp.net":true,"5214431863053@s.whatsapp.net":true,"5214431863053:9@s.whatsapp.net":true,"573115825409@s.whatsapp.net":true,"573115825409:7@s.whatsapp.net":true,"51924963009@s.whatsapp.net":true,"593985951796@s.whatsapp.net":true,"56965518194@s.whatsapp.net":true,"14079076598@s.whatsapp.net":true,"51923489403@s.whatsapp.net":true,"18297282591@s.whatsapp.net":true,"573001472725@s.whatsapp.net":true,"51963272880@s.whatsapp.net":true,"51963272880:55@s.whatsapp.net":true,"51963272880:60@s.whatsapp.net":true,"51963272880:61@s.whatsapp.net":true,"5493777752080@s.whatsapp.net":true,"51936731777@s.whatsapp.net":true,"18494483353@s.whatsapp.net":true,"5493413164791@s.whatsapp.net":true,"59164871318@s.whatsapp.net":true,"51925242810@s.whatsapp.net":true,"51986061164@s.whatsapp.net":true,"18292465308@s.whatsapp.net":true,"51946402064@s.whatsapp.net":true,"5356563232@s.whatsapp.net":true,"573245265358@s.whatsapp.net":true,"51921758093@s.whatsapp.net":true,"34644504635@s.whatsapp.net":true,"34644504635:8@s.whatsapp.net":true,"50237996808@s.whatsapp.net":true,"50497820785@s.whatsapp.net":true,"17054103563@s.whatsapp.net":true,"34676652698@s.whatsapp.net":true,"56926195934@s.whatsapp.net":true,"573226569013@s.whatsapp.net":true,"56935558580@s.whatsapp.net":true,"18482036108@s.whatsapp.net":true,"19803477756@s.whatsapp.net":true,"5493455087052@s.whatsapp.net":true,"51949830763@s.whatsapp.net":true,"51949830763:27@s.whatsapp.net":true,"5492644569947@s.whatsapp.net":true,"51967553002@s.whatsapp.net":true,"51967553002:14@s.whatsapp.net":true,"595984943549@s.whatsapp.net":true,"595984943549:17@s.whatsapp.net":true,"50767203952@s.whatsapp.net":true,"5492984885193@s.whatsapp.net":true,"56935607152@s.whatsapp.net":true,"573172865042@s.whatsapp.net":true,"22567151700@s.whatsapp.net":true,"50686864028@s.whatsapp.net":true,"593989114497@s.whatsapp.net":true,"593989114497:2@s.whatsapp.net":true,"12497022308@s.whatsapp.net":true,"51938426125@s.whatsapp.net":true,"5216145999441@s.whatsapp.net":true,"5492622546705@s.whatsapp.net":true,"584128484928@s.whatsapp.net":true,"5359211281@s.whatsapp.net":true,"59165425198@s.whatsapp.net":true,"51983491238@s.whatsapp.net":true,"51983491238:20@s.whatsapp.net":true,"51983491238:22@s.whatsapp.net":true,"5218941522863@s.whatsapp.net":true,"5218941522863:2@s.whatsapp.net":true,"51918537361@s.whatsapp.net":true,"51987936044@s.whatsapp.net":true,"593963144591@s.whatsapp.net":true,"593982681293@s.whatsapp.net":true,"5492616683104@s.whatsapp.net":true,"5492616683104:1@s.whatsapp.net":true,"51969304691@s.whatsapp.net":true,"51969304691:96@s.whatsapp.net":true,"56972003523@s.whatsapp.net":true,"56972003523:5@s.whatsapp.net":true,"50231486906@s.whatsapp.net":true,"5491151388974@s.whatsapp.net":true,"51937672531@s.whatsapp.net":true,"5212751124764@s.whatsapp.net":true,"56967087008@s.whatsapp.net":true,"573052988668@s.whatsapp.net":true,"5491130737519@s.whatsapp.net":true,"51952679028@s.whatsapp.net":true,"573011690498@s.whatsapp.net":true,"12052877481@s.whatsapp.net":true,"593992103161@s.whatsapp.net":true,"573175593214@s.whatsapp.net":true,"573175593214:9@s.whatsapp.net":true,"18493502446@s.whatsapp.net":true,"18493502446:63@s.whatsapp.net":true,"18493502446:73@s.whatsapp.net":true,"18493502446:75@s.whatsapp.net":true,"18493502446:76@s.whatsapp.net":true,"12027587283@s.whatsapp.net":true,"56974928623@s.whatsapp.net":true,"56974928623:31@s.whatsapp.net":true,"51901985019@s.whatsapp.net":true,"59160958049@s.whatsapp.net":true,"5493813653014@s.whatsapp.net":true,"56953607324@s.whatsapp.net":true,"50251275226@s.whatsapp.net":true,"18292024961@s.whatsapp.net":true,"5213339368701@s.whatsapp.net":true,"5217774133795@s.whatsapp.net":true,"584244163785@s.whatsapp.net":true,"573043056117@s.whatsapp.net":true,"59162489723@s.whatsapp.net":true,"573209513798@s.whatsapp.net":true,"13045793767@s.whatsapp.net":true,"19792153494@s.whatsapp.net":true,"50242687904@s.whatsapp.net":true,"34667397218@s.whatsapp.net":true,"59177320073@s.whatsapp.net":true,"573204757680@s.whatsapp.net":true,"18296830679@s.whatsapp.net":true,"18296830679:1@s.whatsapp.net":true,"584129733498@s.whatsapp.net":true,"18295256242@s.whatsapp.net":true,"51921500788@s.whatsapp.net":true,"5218715254548@s.whatsapp.net":true,"51925126483@s.whatsapp.net":true,"50576218366@s.whatsapp.net":true,"50576218366:4@s.whatsapp.net":true,"5493794736087@s.whatsapp.net":true,"584248741518@s.whatsapp.net":true,"584248741518:3@s.whatsapp.net":true,"584248741518:4@s.whatsapp.net":true,"584248741518:5@s.whatsapp.net":true,"584248741518:6@s.whatsapp.net":true,"50493954139@s.whatsapp.net":true,"50493954139:15@s.whatsapp.net":true,"50493954139:16@s.whatsapp.net":true,"15713976952@s.whatsapp.net":true,"59162624640@s.whatsapp.net":true,"51926896705@s.whatsapp.net":true,"595986961385@s.whatsapp.net":true,"18095371408@s.whatsapp.net":true,"5493513561638@s.whatsapp.net":true,"50488865565@s.whatsapp.net":true,"5493844569010@s.whatsapp.net":true,"59168398991@s.whatsapp.net":true,"19089065315@s.whatsapp.net":true,"573153539212@s.whatsapp.net":true,"51913690684@s.whatsapp.net":true,"14244733680@s.whatsapp.net":true,"5217751293700@s.whatsapp.net":true,"593997774567@s.whatsapp.net":true,"51972328017@s.whatsapp.net":true,"50558320642@s.whatsapp.net":true,"37745608343@s.whatsapp.net":true,"51965965893@s.whatsapp.net":true}