{"_sessions":{"BUQnXAgNYKHduhcKneLel07E+z9nTeCicbX80AP4DCBA":{"registrationId":14150,"currentRatchet":{"ephemeralKeyPair":{"pubKey":"BTEVF+rS1/rBezKFaUbs1dZMiZsU5wcB5slTOPLNmv06","privKey":"gM3C2lP6YaC2JCCXXy7E/qROOScrvqyFGC7w79bL/F8="},"lastRemoteEphemeralKey":"BYWqWRZYjOLSuHVp2Ilwm6Nvfpamlq2/fwdvYya5cMNj","previousCounter":0,"rootKey":"yHbSWSuYf7GhEgbBrLM5UxumlWfPqWiXWXdjZVMdig4="},"indexInfo":{"baseKey":"BUQnXAgNYKHduhcKneLel07E+z9nTeCicbX80AP4DCBA","baseKeyType":1,"closed":-1,"used":1689735105540,"created":1689735105540,"remoteIdentityKey":"BYk1KFUFpW8gp0XGyu+CGPqiPDsERyiZs+zFFu32N+8Q"},"_chains":{"BTEVF+rS1/rBezKFaUbs1dZMiZsU5wcB5slTOPLNmv06":{"chainKey":{"counter":0,"key":"DVpdtxkipUpLPMDM3zbkEC9vDNvIt+G9K11iNY/JAwg="},"chainType":1,"messageKeys":{}}},"pendingPreKey":{"signedKeyId":1,"baseKey":"BUQnXAgNYKHduhcKneLel07E+z9nTeCicbX80AP4DCBA","preKeyId":149}}},"version":"v1"}