{"_sessions":{"BX9XAQDZQnsJp8WI1cvW7vkuMdiT30vs53O5AjMHPqId":{"registrationId":938126232,"currentRatchet":{"ephemeralKeyPair":{"pubKey":"BZEn8NGi4woX24L0zsatsKt8QTXnzXqB6uJQCs7PhD8A","privKey":"gEBFqtwi1KxRrcDNb94v98b51A8nVnEIVUaW+lids1Q="},"lastRemoteEphemeralKey":"BbzDZ5M7XM3j0N2Cq2KfLQQFZSTaSl9i2zY+VOdJQpMz","previousCounter":0,"rootKey":"RfvaI2jJDYWNNmtjZyzM5jHBIDuLb1G4pfjgvDBzRqU="},"indexInfo":{"baseKey":"BX9XAQDZQnsJp8WI1cvW7vkuMdiT30vs53O5AjMHPqId","baseKeyType":1,"closed":-1,"used":1689735106292,"created":1689735106292,"remoteIdentityKey":"BS6gRgQE8YLiMH8v3xT+nO1LTec7k+CWYNxWD3Pq3kgp"},"_chains":{"BZEn8NGi4woX24L0zsatsKt8QTXnzXqB6uJQCs7PhD8A":{"chainKey":{"counter":0,"key":"Kr4B4aoPRwxBATX/b9L1wJS0P/gANFdcHKFbXJfh/b4="},"chainType":1,"messageKeys":{}}},"pendingPreKey":{"signedKeyId":4,"baseKey":"BX9XAQDZQnsJp8WI1cvW7vkuMdiT30vs53O5AjMHPqId","preKeyId":11203250}}},"version":"v1"}