{"_sessions":{"BbBZ9JHtRpkRLCttKNSiWQpY5oHMeiDqz73DhjqPz1dw":{"registrationId":1526452013,"currentRatchet":{"ephemeralKeyPair":{"pubKey":"Bc6WGVLWDwbegk5wkKk2IwUjRGnMl5tiRzNdH9JQ6nxg","privKey":"8IcKL1pxVPv+pqn+aZyfr6XVrspwi1kOvuhYbpkk9WY="},"lastRemoteEphemeralKey":"BfSgsUS3RmjMyeF9mjPz1VtkMfAJbfgNffPxGerQrDwM","previousCounter":0,"rootKey":"Tz1+GUHgV3wNOfPnmjS2Dz5UQbHc/jzyOnxmcD8nUKo="},"indexInfo":{"baseKey":"BbBZ9JHtRpkRLCttKNSiWQpY5oHMeiDqz73DhjqPz1dw","baseKeyType":1,"closed":-1,"used":1689735105759,"created":1689735105759,"remoteIdentityKey":"BSS0rwPzX6koCxk1LT2S5ZePA46K5hONgHHJTVBzxKlt"},"_chains":{"Bc6WGVLWDwbegk5wkKk2IwUjRGnMl5tiRzNdH9JQ6nxg":{"chainKey":{"counter":0,"key":"wl0okk9U0tNFUVuQIWpC55joV+/EZLNFrZFDXPehIl0="},"chainType":1,"messageKeys":{}}},"pendingPreKey":{"signedKeyId":0,"baseKey":"BbBZ9JHtRpkRLCttKNSiWQpY5oHMeiDqz73DhjqPz1dw"}}},"version":"v1"}