{"_sessions":{"BX7TvHCdTialonAhUjlXoZcHaW/EnyNKPjyMlRVtgXkO":{"registrationId":185598551,"currentRatchet":{"ephemeralKeyPair":{"pubKey":"BS/3N74QwyksPe7v6eQs+YYdEmNEi5VScRe6OdvIzWs9","privKey":"6BtAEtP97Z20zQ87/U+X02dybvVW5QtryK5MsSLs7UI="},"lastRemoteEphemeralKey":"BTEZhf5ig42enOcF3jDi0yR04DUaHYuyWFslTHF20ZFk","previousCounter":0,"rootKey":"gVi8YDI1sD3EMKiHpPkt9jEUbY+GdTQbHTydPO/f31c="},"indexInfo":{"baseKey":"BX7TvHCdTialonAhUjlXoZcHaW/EnyNKPjyMlRVtgXkO","baseKeyType":1,"closed":-1,"used":1689735106320,"created":1689735106320,"remoteIdentityKey":"BQ8Q52djqYscHTehk0dh5Myscpe8XGZYtRUNVsIYbGEr"},"_chains":{"BS/3N74QwyksPe7v6eQs+YYdEmNEi5VScRe6OdvIzWs9":{"chainKey":{"counter":0,"key":"fpWOZ8ca/DSL1itNuEu90+zeRqPKOwL65lEO/pWPdWk="},"chainType":1,"messageKeys":{}}},"pendingPreKey":{"signedKeyId":1,"baseKey":"BX7TvHCdTialonAhUjlXoZcHaW/EnyNKPjyMlRVtgXkO"}}},"version":"v1"}