{"_sessions":{"BQPOEUxVdnyyPXFIlWF5AJJ9SHze6SnPGn/fTERc6LQz":{"registrationId":1904262297,"currentRatchet":{"ephemeralKeyPair":{"pubKey":"BTJVo35+LTQd8NSutrDJTLIw8xhflcJUx+JfWPf0nKlX","privKey":"2FwgzRemW0YCgcqCvqY+452qotg9O3rgA+1sEIpf6Gg="},"lastRemoteEphemeralKey":"BXYtpOQGLf0jWqXqUMgAHPzaL+dYwb+B7D8iBKTY5MNw","previousCounter":0,"rootKey":"bUd3Z1m1P2WXNoMrP5eA/fyJ5qU8Qccrc2nUiZCKpSg="},"indexInfo":{"baseKey":"BQPOEUxVdnyyPXFIlWF5AJJ9SHze6SnPGn/fTERc6LQz","baseKeyType":1,"closed":-1,"used":1689735028089,"created":1689735028089,"remoteIdentityKey":"BVnUV2Xu+88z3ihib5wDJ3YivFTwRdpheVfdSDgpj9Bk"},"_chains":{"BTJVo35+LTQd8NSutrDJTLIw8xhflcJUx+JfWPf0nKlX":{"chainKey":{"counter":0,"key":"f6YwhuGe2B6CgISXkhfB3IfVCC9IbdZ7VGIs/nE+92I="},"chainType":1,"messageKeys":{}}},"pendingPreKey":{"signedKeyId":2,"baseKey":"BQPOEUxVdnyyPXFIlWF5AJJ9SHze6SnPGn/fTERc6LQz","preKeyId":5338336}}},"version":"v1"}