{"_sessions":{"BTinHRdbZmnr4oQlea+Jt/gLx8FAT5uKxDM6ZwiOjTAy":{"registrationId":459784424,"currentRatchet":{"ephemeralKeyPair":{"pubKey":"BaPHgT4tHz/QB9NyjCwKcDFs+Sly+az/qPJkjF9+ApBF","privKey":"oBXCAv1rWPWpfEp55XbG5fT/m0h4lbbQt+ZJ2oCzUUE="},"lastRemoteEphemeralKey":"Bb7mUT2NwdRKAKs2CNZF+pOZSlwwmrPmnFb03epypEYB","previousCounter":0,"rootKey":"fT599wk+UEKsWiP5MYhNYWPFs1Rt99iDw2nBhcmqEI0="},"indexInfo":{"baseKey":"BTinHRdbZmnr4oQlea+Jt/gLx8FAT5uKxDM6ZwiOjTAy","baseKeyType":1,"closed":-1,"used":1689735106248,"created":1689735106248,"remoteIdentityKey":"Bdpb8uIrU/qg9neqUkNMukbb/Zx8ys7CpRPMc72kku0q"},"_chains":{"BaPHgT4tHz/QB9NyjCwKcDFs+Sly+az/qPJkjF9+ApBF":{"chainKey":{"counter":0,"key":"LrsPCsZpND4an+7rmySdPqu4ptgbRFOrA69DZB3hKow="},"chainType":1,"messageKeys":{}}},"pendingPreKey":{"signedKeyId":0,"baseKey":"BTinHRdbZmnr4oQlea+Jt/gLx8FAT5uKxDM6ZwiOjTAy"}}},"version":"v1"}