{"_sessions":{"BS67UW1d9I21T67UR1ckgtlw8bR40X5ADk5DOqhrPQlI":{"registrationId":637151992,"currentRatchet":{"ephemeralKeyPair":{"pubKey":"BSt1Qgpfs0n9NgL2PRlTfe3/pL3Tdxpzc6JwVir8l3cp","privKey":"2JeeL/INkqJ9xMkfKtwqutFpAN6SMAi9fzdZJ+Rn92k="},"lastRemoteEphemeralKey":"BaKw10eaSpCj5TvapEzQKAXLDRIxhlRxZ6eDQSEs0atm","previousCounter":0,"rootKey":"eCFafjTRD4inhshCZF3JWp0sm0OBXOUAmcJZanQkNOk="},"indexInfo":{"baseKey":"BS67UW1d9I21T67UR1ckgtlw8bR40X5ADk5DOqhrPQlI","baseKeyType":1,"closed":-1,"used":1689734147547,"created":1689734147547,"remoteIdentityKey":"BTBoOlrezfFa7vg8dNi1X5ejMm6+3+I8IPcZC9mZRiIo"},"_chains":{"BSt1Qgpfs0n9NgL2PRlTfe3/pL3Tdxpzc6JwVir8l3cp":{"chainKey":{"counter":0,"key":"gDPxJVnovF0+UsMPLNJRNWyz1aZRhEgo0U5extdBPiY="},"chainType":1,"messageKeys":{}}},"pendingPreKey":{"signedKeyId":0,"baseKey":"BS67UW1d9I21T67UR1ckgtlw8bR40X5ADk5DOqhrPQlI","preKeyId":5784655}}},"version":"v1"}