{"_sessions":{"BXG88zCiOgNTQEJ8f8b0WZ7S3OHppulAeMCGS+o9vsNH":{"registrationId":1855191400,"currentRatchet":{"ephemeralKeyPair":{"pubKey":"BQADqsnjgQjvcs/zMS6iaQyfLdjjIWBZ6OyajcV6jSUh","privKey":"eFHr+u0wRSkVxxUb1Fr/OpxBkqoXP+2WzjecXmK//Xo="},"lastRemoteEphemeralKey":"BYjgdJuAGjmkdM8Svz3dSCBHG65NsJ3l3aas6AaBjYck","previousCounter":0,"rootKey":"L+1V9FmXshxTrmsabnq9gVK9sNJnBv1RSioJpxsp4WI="},"indexInfo":{"baseKey":"BXG88zCiOgNTQEJ8f8b0WZ7S3OHppulAeMCGS+o9vsNH","baseKeyType":1,"closed":-1,"used":1689735105811,"created":1689735105811,"remoteIdentityKey":"BaTjTIahBsric/mxE+HsEe5QT/05scU6jA0Gs0hmR9xw"},"_chains":{"BQADqsnjgQjvcs/zMS6iaQyfLdjjIWBZ6OyajcV6jSUh":{"chainKey":{"counter":0,"key":"rWcYLkJoiupDfDRrq/7rJsC7FHR/E+qAPJfuYom1Ptc="},"chainType":1,"messageKeys":{}}},"pendingPreKey":{"signedKeyId":2,"baseKey":"BXG88zCiOgNTQEJ8f8b0WZ7S3OHppulAeMCGS+o9vsNH"}}},"version":"v1"}