{"_sessions":{"BX/Q9UnxvbII7GDim1qZRIgEyNWq8hVmEzmcur1KAblM":{"registrationId":601584375,"currentRatchet":{"ephemeralKeyPair":{"pubKey":"BU20YG+Mrqh/2i+ufpNw4sFswL4reHBoBGivxn8eMOZI","privKey":"yEux/LIAt5qlx/8Vi6GVuiC2JdJ1fQBJEoVtnO6u6Xg="},"lastRemoteEphemeralKey":"Bcvux9akBy88R1kTRTvfBE1TRWmzuT0tU/XDKlOTKdIR","previousCounter":0,"rootKey":"BO20o/FfTPA7arcnXCyLj6P3BEfSG3My6eJsCRC83Aw="},"indexInfo":{"baseKey":"BX/Q9UnxvbII7GDim1qZRIgEyNWq8hVmEzmcur1KAblM","baseKeyType":1,"closed":-1,"used":1689734147647,"created":1689734147647,"remoteIdentityKey":"BW8upNJcJsK2l6co7tj6uU7qYjmAv++zl3zJ+KGCf8gO"},"_chains":{"BU20YG+Mrqh/2i+ufpNw4sFswL4reHBoBGivxn8eMOZI":{"chainKey":{"counter":0,"key":"i3JmeYCR25KF+Ag7b3ORrfZyFZj5nNnIF/PY6gD3lJ4="},"chainType":1,"messageKeys":{}}},"pendingPreKey":{"signedKeyId":1,"baseKey":"BX/Q9UnxvbII7GDim1qZRIgEyNWq8hVmEzmcur1KAblM","preKeyId":14101871}}},"version":"v1"}