{"_sessions":{"BUQB+x3sFVNtUPnfIZd+GAPeemdOw7hI8qa+7lVdx+15":{"registrationId":465244701,"currentRatchet":{"ephemeralKeyPair":{"pubKey":"BXdVw5IPsCGBP0hhdn8tWFn7+sPZfLsbeX6LkK53RF4d","privKey":"SC/FfO6V2PZ2iJAVZxW8qgE3GBa3GCmx93S1wfac8nk="},"lastRemoteEphemeralKey":"BcanoQRK35Xiv9HH52N8oQ6t0H0+bdSowTw3YzkpdmkZ","previousCounter":0,"rootKey":"PWXaN3nD3SKMRXf7m963sROGGSR74sHbEbIkZuxJrn8="},"indexInfo":{"baseKey":"BUQB+x3sFVNtUPnfIZd+GAPeemdOw7hI8qa+7lVdx+15","baseKeyType":1,"closed":-1,"used":1689735106191,"created":1689735106191,"remoteIdentityKey":"BTztSXFFxS6PLAcw4GWGdFGJJAka0yaMRRMTSdIJi0tT"},"_chains":{"BXdVw5IPsCGBP0hhdn8tWFn7+sPZfLsbeX6LkK53RF4d":{"chainKey":{"counter":0,"key":"jBgnRos5gXj2z7Ryi8e5mmmyPMry+IyxcMG6uwGKwnA="},"chainType":1,"messageKeys":{}}},"pendingPreKey":{"signedKeyId":0,"baseKey":"BUQB+x3sFVNtUPnfIZd+GAPeemdOw7hI8qa+7lVdx+15"}}},"version":"v1"}