{"_sessions":{"BUVFFEW1gzD0Xh07F9cCNFsk4mL52pLP4aCF52E1EX4m":{"registrationId":590474099,"currentRatchet":{"ephemeralKeyPair":{"pubKey":"BZvuj7G10dEKT/BUySHniwINZWrojyMT7L7U4BqN+6gV","privKey":"oPk3H7tYm9n9grnSnz2lggO4Hvb+Mj/FJV7MccwciUs="},"lastRemoteEphemeralKey":"BWaRCF3FP86Dte1Kixp+PeKIufUQ/YzOl+RUGqlYCQ0b","previousCounter":0,"rootKey":"FECzS2wo70vhGuLYogNNe0A9SedgC6IpZ5pH5RwfF+E="},"indexInfo":{"baseKey":"BUVFFEW1gzD0Xh07F9cCNFsk4mL52pLP4aCF52E1EX4m","baseKeyType":1,"closed":-1,"used":1689735106383,"created":1689735106383,"remoteIdentityKey":"Bdj85uN1yXuU71EiGAERHFN0ezdHXkEn7u9c+YDExZde"},"_chains":{"BZvuj7G10dEKT/BUySHniwINZWrojyMT7L7U4BqN+6gV":{"chainKey":{"counter":0,"key":"V/erA0kAA2c0GJoBcUGi4U7IkwvTPX2kXqJhbaIYhrE="},"chainType":1,"messageKeys":{}}},"pendingPreKey":{"signedKeyId":23,"baseKey":"BUVFFEW1gzD0Xh07F9cCNFsk4mL52pLP4aCF52E1EX4m","preKeyId":7823421}}},"version":"v1"}