{"_sessions":{"BTtLj83c7UUTluy0HIoE5g/kIAH8LlSKZpjwZnurSPs4":{"registrationId":174854014,"currentRatchet":{"ephemeralKeyPair":{"pubKey":"BUd7bctBBmSlVNbx0aa+7Wgos1Jpky6N3V9sZlHI4olh","privKey":"yC+A2aJC+7gpRPW0EiLtWL61G+Gtz8Ozei8dlOqVpnk="},"lastRemoteEphemeralKey":"BXf3pAkn5DzsBExD2Wlxw7BM40aJM2duR2p87yceBzs+","previousCounter":0,"rootKey":"YfVVfqJmbznFN0Pxmy9bi24kUCoDaviF9L24TbJlbGA="},"indexInfo":{"baseKey":"BTtLj83c7UUTluy0HIoE5g/kIAH8LlSKZpjwZnurSPs4","baseKeyType":1,"closed":-1,"used":1689735106065,"created":1689735106065,"remoteIdentityKey":"BfhYhSbUzrqpOxWnR3tYN6ByKMWt+rYtLEx8tYXrcKRa"},"_chains":{"BUd7bctBBmSlVNbx0aa+7Wgos1Jpky6N3V9sZlHI4olh":{"chainKey":{"counter":0,"key":"XoJ0GbIwIMQCebXPOSiu1D+4u85Isle2XdblZ7ZMhT4="},"chainType":1,"messageKeys":{}}},"pendingPreKey":{"signedKeyId":2,"baseKey":"BTtLj83c7UUTluy0HIoE5g/kIAH8LlSKZpjwZnurSPs4","preKeyId":1657457}}},"version":"v1"}