{"_sessions":{"BVXNexwnac7ViOmuilV0y5SukkZ6NXZOc8UsmgqorGUg":{"registrationId":1282669904,"currentRatchet":{"ephemeralKeyPair":{"pubKey":"BaRcoKDda5u5O/Ws0pFJhQ4wysGTghbF5Gur5Vh6sLgj","privKey":"yJ7jKwFf7Qs1rSBVvvho81B007H1H275MuZfs9h0QVs="},"lastRemoteEphemeralKey":"Bb0J4jeuQaU3lS7AUiihON3Kq0QUPT00LllWUss+7tF1","previousCounter":0,"rootKey":"YCf7ud1f7GmS1h+0vBxUOlB1XYsDGpSCfuRGprbS1cY="},"indexInfo":{"baseKey":"BVXNexwnac7ViOmuilV0y5SukkZ6NXZOc8UsmgqorGUg","baseKeyType":1,"closed":-1,"used":1689735106093,"created":1689735106093,"remoteIdentityKey":"BSOpI7YOvKPW4JY58B3K2fpEuxJrlCAKLQQgaEhxcotm"},"_chains":{"BaRcoKDda5u5O/Ws0pFJhQ4wysGTghbF5Gur5Vh6sLgj":{"chainKey":{"counter":0,"key":"0QJxagpIuIoLfSKfvncjtrX2uts84mAf2YzHvIN+bg8="},"chainType":1,"messageKeys":{}}},"pendingPreKey":{"signedKeyId":14,"baseKey":"BVXNexwnac7ViOmuilV0y5SukkZ6NXZOc8UsmgqorGUg"}}},"version":"v1"}