{"_sessions":{"BXOIb2NyL2N0sxcpCxvLFwic6q0kTSFh2ociSIFs901X":{"registrationId":9469,"currentRatchet":{"ephemeralKeyPair":{"pubKey":"BYfeOGRGXw5fF+RslHQAmJK6dhqpx6sywLGjl4T1TBF4","privKey":"8MalttEl0JKgmQ77Q1PhBLEEpBSvgrFNfjDHxglR8m4="},"lastRemoteEphemeralKey":"BeJi2T/GOm6crgz5bwTZ9CKx+FhzE1FFEzgSY21HrFpj","previousCounter":0,"rootKey":"YCiHebXyeQ5irce5VWQBVnTlBencn7H0nbGU2mzx3gs="},"indexInfo":{"baseKey":"BXOIb2NyL2N0sxcpCxvLFwic6q0kTSFh2ociSIFs901X","baseKeyType":1,"closed":-1,"used":1689735105512,"created":1689735105512,"remoteIdentityKey":"BVthTTbSMsrc2rIk3wAio27e/fCGcfYT9pC6Y30RL5l3"},"_chains":{"BYfeOGRGXw5fF+RslHQAmJK6dhqpx6sywLGjl4T1TBF4":{"chainKey":{"counter":0,"key":"sHeya0BvyqF78lfe+aDdtDc6gSer/iT/ZTmU2mh8TAI="},"chainType":1,"messageKeys":{}}},"pendingPreKey":{"signedKeyId":1,"baseKey":"BXOIb2NyL2N0sxcpCxvLFwic6q0kTSFh2ociSIFs901X"}}},"version":"v1"}