{"_sessions":{"BRwSaK78bgfJUq5zSZlHIv+O9t3ZjcGnT+I/24Ek1Q8p":{"registrationId":28355989,"currentRatchet":{"ephemeralKeyPair":{"pubKey":"BTI8ZHCmwL6SFpg22ND2Xzn6r9Au4zZuItLcLB+ev6J5","privKey":"WH3ikcwzi3ESm4dqHlX3dr9Ypa+q6P4rCXvrs+RkyFk="},"lastRemoteEphemeralKey":"BUL+6O5sWh8ykuNLpc2A7iArKoCzkKMKrCyIVXIgQ+kM","previousCounter":0,"rootKey":"TwpEA8AQtRJDrUFja5DfAOmWhl61RkCOGzC4BgJqaPk="},"indexInfo":{"baseKey":"BRwSaK78bgfJUq5zSZlHIv+O9t3ZjcGnT+I/24Ek1Q8p","baseKeyType":1,"closed":-1,"used":1689735106251,"created":1689735106251,"remoteIdentityKey":"BV++iJ0SL1Lxk53m5VaXNge1MgYe+1vE27DMG3KBdN0A"},"_chains":{"BTI8ZHCmwL6SFpg22ND2Xzn6r9Au4zZuItLcLB+ev6J5":{"chainKey":{"counter":0,"key":"aXKazh5y/pUDWeuHwjCiHknYmrXg9UqJmP+5qcn5+AY="},"chainType":1,"messageKeys":{}}},"pendingPreKey":{"signedKeyId":3,"baseKey":"BRwSaK78bgfJUq5zSZlHIv+O9t3ZjcGnT+I/24Ek1Q8p","preKeyId":1578914}}},"version":"v1"}