{"_sessions":{"Bf6CX27oiWf3L3Nv7wEWDkPHJ6p/Q3SzlblKjL4Z26Ml":{"registrationId":186590421,"currentRatchet":{"ephemeralKeyPair":{"pubKey":"BZ82frvEKOWUoWsw5TC+GrL0Gp5dcLzdxmlycjhcSrFy","privKey":"+IOg5QgCPuFr/XtK0fuMdO4Am6DqDATRoj6LJY9M12I="},"lastRemoteEphemeralKey":"BQzkhpvZv8BHyHdnERGl5kZMgh6UeAGoai5EnFGXFnUx","previousCounter":0,"rootKey":"NK5OEfMOq55y8LA8NCpWIw51xZOkmcMtBxs1UBDmD/k="},"indexInfo":{"baseKey":"Bf6CX27oiWf3L3Nv7wEWDkPHJ6p/Q3SzlblKjL4Z26Ml","baseKeyType":1,"closed":-1,"used":1689734809457,"created":1689734809457,"remoteIdentityKey":"Bah3dcyEo1dCvfGn1X1CGjsiWvzoH0+q7iOxDRfgQEsu"},"_chains":{"BZ82frvEKOWUoWsw5TC+GrL0Gp5dcLzdxmlycjhcSrFy":{"chainKey":{"counter":0,"key":"x80WkARRgHgwjMnMkx9GBBp8SZi82rdcwE2BqbGrt/s="},"chainType":1,"messageKeys":{}}},"pendingPreKey":{"signedKeyId":22,"baseKey":"Bf6CX27oiWf3L3Nv7wEWDkPHJ6p/Q3SzlblKjL4Z26Ml"}}},"version":"v1"}