{"_sessions":{"Bc39hgcuxMM2NkPJPTcTkDD9sVRVS/QTUgKcjH3dUJtn":{"registrationId":1895582882,"currentRatchet":{"ephemeralKeyPair":{"pubKey":"BSH9cmFJXa+VgQ/owSYMjJrCN2i5+qqnlMxMmAk2cosy","privKey":"mH3JHCJ17TG9oNG5PbkGaglEE2v0H280BLAz3gUaHWc="},"lastRemoteEphemeralKey":"BTGab5XZedkMlIVbRbvyJlNoZ6l79pb3/iskEl9RZRtn","previousCounter":0,"rootKey":"YmC+GxgauOLcs7CM8VK3iWaNzCdTccgnK9FLXU52PTk="},"indexInfo":{"baseKey":"Bc39hgcuxMM2NkPJPTcTkDD9sVRVS/QTUgKcjH3dUJtn","baseKeyType":1,"closed":-1,"used":1689735105848,"created":1689735105848,"remoteIdentityKey":"BeJeW800mJGaJTC6rdy4FZUjhMsgonxLqImbnWuqcZRc"},"_chains":{"BSH9cmFJXa+VgQ/owSYMjJrCN2i5+qqnlMxMmAk2cosy":{"chainKey":{"counter":0,"key":"rpjU1dCB+DZlFfH7gxOMg3U8oQnvF5LK+ElBfz3v1UY="},"chainType":1,"messageKeys":{}}},"pendingPreKey":{"signedKeyId":5,"baseKey":"Bc39hgcuxMM2NkPJPTcTkDD9sVRVS/QTUgKcjH3dUJtn","preKeyId":6153579}}},"version":"v1"}