{"_sessions":{"BT5Z8i2plX0xLAttbQ14lMFPGuSujY9TWk2iQguPLyYS":{"registrationId":11197,"currentRatchet":{"ephemeralKeyPair":{"pubKey":"BeaTYZGDbL5rVfOMXIpeTSZayroQTqS1RT0Pzm8ZSvcF","privKey":"kD+2k9VztFNyzyrW/d4OQyf7YqbfmGRRTjrrn/r+LXE="},"lastRemoteEphemeralKey":"BXJLXHCzR80ytoELtRxpgv1cTdfuBO7xCB6E1SiOI3JJ","previousCounter":0,"rootKey":"bGsRXZgWvveNXQh3HY1qIaPawsOGGNWHv2tSRwL3SEk="},"indexInfo":{"baseKey":"BT5Z8i2plX0xLAttbQ14lMFPGuSujY9TWk2iQguPLyYS","baseKeyType":1,"closed":-1,"used":1689733338560,"created":1689733338560,"remoteIdentityKey":"BfRNuz18CnLqmzi5JzTjMXnvoysnzrs18HymlijC5SxN"},"_chains":{"BeaTYZGDbL5rVfOMXIpeTSZayroQTqS1RT0Pzm8ZSvcF":{"chainKey":{"counter":0,"key":"/4n9Z0fKQXftVmz5Noc9gijjtsYfbkDxxGkfflUxN+8="},"chainType":1,"messageKeys":{}}},"pendingPreKey":{"signedKeyId":1,"baseKey":"BT5Z8i2plX0xLAttbQ14lMFPGuSujY9TWk2iQguPLyYS"}}},"version":"v1"}