{"_sessions":{"BXlRW6mvdqZTxhfjKeyrlyV039NIbld6eQOoYjxbAS4/":{"registrationId":1014137912,"currentRatchet":{"ephemeralKeyPair":{"pubKey":"BWb0ikgNZXk91ZicYqJtIzpoBq1P/O6DlQAIIhyinz9I","privKey":"iCKDjboIP1O9zgubzoXDAgSJyvc9FrBTic6yZlNmBGc="},"lastRemoteEphemeralKey":"BaOynSR+JUu1S9IlSHz4Zn1HAsw4UenY93c1dIL5/fgg","previousCounter":0,"rootKey":"tm107L6EWoPqMcpp/Q9Oy+1t5G9r8qorjR8agRZctWM="},"indexInfo":{"baseKey":"BXlRW6mvdqZTxhfjKeyrlyV039NIbld6eQOoYjxbAS4/","baseKeyType":1,"closed":-1,"used":1689735105943,"created":1689735105943,"remoteIdentityKey":"BaslZ9IYrrqmdtOem4dUo70e06lvdnuF/MDDoi3lE8U7"},"_chains":{"BWb0ikgNZXk91ZicYqJtIzpoBq1P/O6DlQAIIhyinz9I":{"chainKey":{"counter":0,"key":"oa6q3iPzrGmAei5T+uemIBGBMCmyiNO2kOhWxthEaPs="},"chainType":1,"messageKeys":{}}},"pendingPreKey":{"signedKeyId":7,"baseKey":"BXlRW6mvdqZTxhfjKeyrlyV039NIbld6eQOoYjxbAS4/","preKeyId":16043509}}},"version":"v1"}