{"_sessions":{"BaaE6hSxA7lZxPOkrMiqGdkCsoZvrGj4KN27hgiBCZ5Y":{"registrationId":257768162,"currentRatchet":{"ephemeralKeyPair":{"pubKey":"BdZw8HMXDVSsVVcJbxnSP+IkV4mxu7CFIlYHSIQEIbtl","privKey":"MGvts5uVBVgSZvg8NhRTlRKfSvsv7gWXs96hK4R3j3s="},"lastRemoteEphemeralKey":"BWdqD6n6AKooInJjPwLJtIa9+c0cfBZIzBeIroOvstha","previousCounter":0,"rootKey":"e3ZlvOwjs6Zyzct/yEn/Qj/hvMwAJEBQ5W8/gw1y2tw="},"indexInfo":{"baseKey":"BaaE6hSxA7lZxPOkrMiqGdkCsoZvrGj4KN27hgiBCZ5Y","baseKeyType":1,"closed":-1,"used":1689735105753,"created":1689735105753,"remoteIdentityKey":"BYtm86H6Fl4JgFOPa8kmHOigd8c3zF428Hc9FUneLRgQ"},"_chains":{"BdZw8HMXDVSsVVcJbxnSP+IkV4mxu7CFIlYHSIQEIbtl":{"chainKey":{"counter":0,"key":"6FgzDUVOSQ9/8+MCfVz2A2L23t38Cx48lFyBJaaJ+3Q="},"chainType":1,"messageKeys":{}}},"pendingPreKey":{"signedKeyId":0,"baseKey":"BaaE6hSxA7lZxPOkrMiqGdkCsoZvrGj4KN27hgiBCZ5Y"}}},"version":"v1"}