{"_sessions":{"BXmrMzIvtnQEN2JFLLsS8BPvL0vrtXkQCP2+U4SG3+Rn":{"registrationId":1907515727,"currentRatchet":{"ephemeralKeyPair":{"pubKey":"Ba7RLNBWCBLDcSxaaLTd+eLeqxbtj4brpUTLiIB6DOBR","privKey":"+J54zVe+Fuk6C2fi/HVYTZ7ib6KHJgSjs2iuiYTLQ0A="},"lastRemoteEphemeralKey":"Bfd6rbwliq20S5uJPD4PeS7U9PhDwKZmO++74JVe5XoT","previousCounter":0,"rootKey":"SX0AyEHBW3kgjn8BdeSF4RfaocLoUAg5Fo5VF/0UVbU="},"indexInfo":{"baseKey":"BXmrMzIvtnQEN2JFLLsS8BPvL0vrtXkQCP2+U4SG3+Rn","baseKeyType":1,"closed":-1,"used":1689734147556,"created":1689734147556,"remoteIdentityKey":"BXVUYsrq0baNNHqA6HPwWDj1prY/Ckhpyz2FoRCNq8ZK"},"_chains":{"Ba7RLNBWCBLDcSxaaLTd+eLeqxbtj4brpUTLiIB6DOBR":{"chainKey":{"counter":0,"key":"T7/bZ3D5Xkv8uwv0BNueEug17U3Iqodzd8HrgUjia4s="},"chainType":1,"messageKeys":{}}},"pendingPreKey":{"signedKeyId":2,"baseKey":"BXmrMzIvtnQEN2JFLLsS8BPvL0vrtXkQCP2+U4SG3+Rn","preKeyId":9344440}}},"version":"v1"}