{"_sessions":{"BbHb5q38rtqvIZCpkBPVpZNcefZrkoeBe7VODa+1Tr1v":{"registrationId":1906744552,"currentRatchet":{"ephemeralKeyPair":{"pubKey":"BZLiQ5TOtSvoAz0RknoM8Nv0PPuX8kqeu5/fGxpCEawx","privKey":"WOe8HbTyXJL0SvjNJBeT228Am60qUFm+quodvoyylVY="},"lastRemoteEphemeralKey":"BSFTQppEm7+FYdAjgOhVY+Rpaph0z3wb8H0qrw1VIZAE","previousCounter":0,"rootKey":"3VdDODGoD5qOgaUx/WcNyOIC2RJgVkncGnqkL1ax420="},"indexInfo":{"baseKey":"BbHb5q38rtqvIZCpkBPVpZNcefZrkoeBe7VODa+1Tr1v","baseKeyType":1,"closed":-1,"used":1689735106122,"created":1689735106122,"remoteIdentityKey":"BVM0irGpDmIlp3RywE8Etj1JxMFIVVmATPcb7XuE3IYV"},"_chains":{"BZLiQ5TOtSvoAz0RknoM8Nv0PPuX8kqeu5/fGxpCEawx":{"chainKey":{"counter":0,"key":"1hHQPrinXpQr/KOuM+nUT35Xxthz0UX2JTVmYdx/5KY="},"chainType":1,"messageKeys":{}}},"pendingPreKey":{"signedKeyId":4,"baseKey":"BbHb5q38rtqvIZCpkBPVpZNcefZrkoeBe7VODa+1Tr1v","preKeyId":1342561}}},"version":"v1"}