{"_sessions":{"BQfZPatgygfkSP8wr1KQ8jc8SphT98iRqFOK8exA/BRy":{"registrationId":135772342,"currentRatchet":{"ephemeralKeyPair":{"pubKey":"Bbt9zf33pGOrZxFW3CYYONGTa7krSBQKY5NhPwEAWndP","privKey":"OB1OmCtsyW7wt0yF7j0nF1PFQrSH1aHK/ObRZhvIpU0="},"lastRemoteEphemeralKey":"BV3oCQE7v2fUr98ASKSydMJzLjEG/tTlq+sULU9/bohH","previousCounter":0,"rootKey":"4KtCWQ1askJ+LgWrFxuM6YZPpFkmf57n+5UN5qTb6Eo="},"indexInfo":{"baseKey":"BQfZPatgygfkSP8wr1KQ8jc8SphT98iRqFOK8exA/BRy","baseKeyType":1,"closed":-1,"used":1689735106266,"created":1689735106266,"remoteIdentityKey":"BTESSAH89jY6/8jEPQCLBBwsaR863yaQ3YxgxXpBcKBz"},"_chains":{"Bbt9zf33pGOrZxFW3CYYONGTa7krSBQKY5NhPwEAWndP":{"chainKey":{"counter":0,"key":"dQ43SZuy2i7KIWIU5mIsBvNQnIC3zb1Vgf7hQUqcwt4="},"chainType":1,"messageKeys":{}}},"pendingPreKey":{"signedKeyId":0,"baseKey":"BQfZPatgygfkSP8wr1KQ8jc8SphT98iRqFOK8exA/BRy"}}},"version":"v1"}