{"_sessions":{"BScvwLpdMV4CUjqLMs6MFYL6+ciVxqCPLWj0jA5dAil3":{"registrationId":2024965253,"currentRatchet":{"ephemeralKeyPair":{"pubKey":"BZYfQBQiUCNQkTr3y3zhOBg1cANTufGrRZf7tlM5Vfld","privKey":"YJsig2YKVh/visGpnbLVGufa5juN1WLGKM+mBBNDrmU="},"lastRemoteEphemeralKey":"BbHC2C9C939yr0ZLt36nNUYLpptcX7sOzzt8l1qUq5MU","previousCounter":1,"rootKey":"Kd/IuWVfaEN9CcMVeD/nl59txH1V7l8yS2PWiwyOzJU="},"indexInfo":{"baseKey":"BScvwLpdMV4CUjqLMs6MFYL6+ciVxqCPLWj0jA5dAil3","baseKeyType":1,"closed":-1,"used":1689737235946,"created":1689734809413,"remoteIdentityKey":"BTKyyh/lsgsfqgFbzFMDrkF2ALVhWQNdna1OFP4g2Xpo"},"_chains":{"BSEJun2rSc3FBLjmgc2TMm9rdgLwzVe3/B0en93K+op3":{"chainKey":{"counter":2},"chainType":2,"messageKeys":{}},"BaUwOqaqsN9IokuaZDHlEeZVh6OnzNpcRCdIwXjnQrB+":{"chainKey":{"counter":1},"chainType":2,"messageKeys":{}},"BV+fLq6Spz2kVxZ8U1j8qn6ivmJLzeoQoi7Lp14VBChD":{"chainKey":{"counter":0},"chainType":2,"messageKeys":{}},"BR0t3pA+L3LuExpiBes7oXD88ReAtGooQ61Rt2vJOfED":{"chainKey":{"counter":1},"chainType":2,"messageKeys":{}},"Bf2swc+cTbFZbreL/E/tSu0TNMh2T1UXo9QOpFpeKOEz":{"chainKey":{"counter":3},"chainType":2,"messageKeys":{"0":"xFtTzF0zftjCRnsHWcSk0pNRD7tU8w3w8++AqjszepU="}},"BeMr//lsZY6vqJWJGbJptItBPoSn4TOkZnVIEpjMez0P":{"chainKey":{"counter":0},"chainType":2,"messageKeys":{}},"BVa4pjRvbko4u17lZqbiwH/qPJVZL7uQQEQy+jGNsgt3":{"chainKey":{"counter":0},"chainType":2,"messageKeys":{}},"BU53BPmBx8YVPR7XP380tS2uUvJSjQHiJtK//ceBQ0QX":{"chainKey":{"counter":0},"chainType":2,"messageKeys":{}},"BSHKOqwiu1OonTOlGJ4KnYK6IQgQF4fU3aMApIedrH9E":{"chainKey":{"counter":0},"chainType":2,"messageKeys":{}},"BbHC2C9C939yr0ZLt36nNUYLpptcX7sOzzt8l1qUq5MU":{"chainKey":{"counter":1,"key":"HkywVKwL0/z77Qna7bcRTLFKwaQS00z7ss5YVWfdQeQ="},"chainType":2,"messageKeys":{}},"BZYfQBQiUCNQkTr3y3zhOBg1cANTufGrRZf7tlM5Vfld":{"chainKey":{"counter":1,"key":"syvCdZmYmFRoIt2wyZxFyLifeQqeqL2b0HPBCl2B2jk="},"chainType":1,"messageKeys":{}}}}},"version":"v1"}