{"_sessions":{"BailGkKcTjEq32t/X+VOIV7jHf5J9+rFD/NssK1OoVkI":{"registrationId":356855961,"currentRatchet":{"ephemeralKeyPair":{"pubKey":"BcWLzeC69de3wjYJYC0CZTkZZAv42Hh4BVA2b+q6LCl0","privKey":"MJ1VBPo+hCE4KAchqIEljptSIN88vNptlzGsgXu3JXU="},"lastRemoteEphemeralKey":"Be86YEZb+OwC9ZP02KnrygL+a3WJ2fdBI7LZwYykINo2","previousCounter":0,"rootKey":"l7zEeI8RSw/THTVa5Nn1RdKpUIqbgge6hu35M5b1jo4="},"indexInfo":{"baseKey":"BailGkKcTjEq32t/X+VOIV7jHf5J9+rFD/NssK1OoVkI","baseKeyType":1,"closed":-1,"used":1689735105896,"created":1689735105896,"remoteIdentityKey":"BTJyDC4yA8Ya8Ogu6Vqv09Q7vPNUlwqagEoYdAKtO4Ne"},"_chains":{"BcWLzeC69de3wjYJYC0CZTkZZAv42Hh4BVA2b+q6LCl0":{"chainKey":{"counter":0,"key":"m6ui8s8D6LT0PzEmeEyGocZk541amIuuNGYf8a86Rok="},"chainType":1,"messageKeys":{}}},"pendingPreKey":{"signedKeyId":2,"baseKey":"BailGkKcTjEq32t/X+VOIV7jHf5J9+rFD/NssK1OoVkI","preKeyId":13884802}}},"version":"v1"}