{"_sessions":{"BdvHCBm9gvlc9xivW5T2ZBbYjrWhdMc1NyAiQdWqhSoc":{"registrationId":1537217318,"currentRatchet":{"ephemeralKeyPair":{"pubKey":"BfeOSJ7elU17Hqtot3nJI+dcwn71cloRq/BRU3qWqXJt","privKey":"8PcXZ/dnCoyX45dueQZLnHWmOoJI5rlh9/VmclWgLVE="},"lastRemoteEphemeralKey":"BcMs3i0bc+BDP7tDUu2jhos5bFuNpqV6SuLRPRM8RPk+","previousCounter":0,"rootKey":"bE1ABgA4xf8umJBnK/EdC6dYo9iHXr6ySpuj0+SBPtQ="},"indexInfo":{"baseKey":"BdvHCBm9gvlc9xivW5T2ZBbYjrWhdMc1NyAiQdWqhSoc","baseKeyType":1,"closed":-1,"used":1689735105958,"created":1689735105958,"remoteIdentityKey":"BbplqmrTl6H/vTyE+srKlMMy5NcUJt/Jc50P0oGHpGls"},"_chains":{"BfeOSJ7elU17Hqtot3nJI+dcwn71cloRq/BRU3qWqXJt":{"chainKey":{"counter":0,"key":"Mfjc2NtBC/MGPe1sIz0pjP/BmDDxR6dtyr8tfuOwT+o="},"chainType":1,"messageKeys":{}}},"pendingPreKey":{"signedKeyId":1,"baseKey":"BdvHCBm9gvlc9xivW5T2ZBbYjrWhdMc1NyAiQdWqhSoc","preKeyId":1850477}}},"version":"v1"}