{"_sessions":{"BbYUbMD7pQNv5avkC+RbdOzCxa3odzloOQGYdXcSXF18":{"registrationId":1024,"currentRatchet":{"ephemeralKeyPair":{"pubKey":"BdGDVnRdKn3soqXo5AqF0IzlezRIgCUYgaRLX1uISXQu","privKey":"uBZiL8bnerDSSTHBZtY/OAZYvhire1iOk06pyehiSlE="},"lastRemoteEphemeralKey":"BQYT+cOmpfHO/ObeZNsOwe60YWOWJ0Kciws6uNLvk5gM","previousCounter":0,"rootKey":"829ZoZse2ovfoy1y1qxnzHCs0ObmH5io2lwFzKqoaLg="},"indexInfo":{"baseKey":"BbYUbMD7pQNv5avkC+RbdOzCxa3odzloOQGYdXcSXF18","baseKeyType":1,"closed":-1,"used":1689734502051,"created":1689734502051,"remoteIdentityKey":"BbBL0du27euXuTy3OjZAvUzRfpB225OaKh/k5vqY09Ee"},"_chains":{"BdGDVnRdKn3soqXo5AqF0IzlezRIgCUYgaRLX1uISXQu":{"chainKey":{"counter":0,"key":"f+KnALZtOm9ypGbzS22aEMOm8L9//89hCioB2rxMcaQ="},"chainType":1,"messageKeys":{}}},"pendingPreKey":{"signedKeyId":1,"baseKey":"BbYUbMD7pQNv5avkC+RbdOzCxa3odzloOQGYdXcSXF18","preKeyId":155}}},"version":"v1"}