{"_sessions":{"BR/5OdvFKEHJGsYsBa+C3dQw9+jkcDaO5cg9Rvra3zo8":{"registrationId":1309918693,"currentRatchet":{"ephemeralKeyPair":{"pubKey":"BVdP9stQuLAdqYAicbJvXV9X6ZsoGL/0TwUVVcMpIdZq","privKey":"qA+IVFNyDJ/MBdvPf/1g3K7xDv8a6QEQ8ZLLiuXlR0M="},"lastRemoteEphemeralKey":"BVgXAoJduvC5dpx24zoNoe+Z3oemhiEIkJ8wsvquhAxL","previousCounter":0,"rootKey":"oNIOwAJR8IjKIOY3ZIY2cDUiCv9MWDSJ4ghDLSnE6Eo="},"indexInfo":{"baseKey":"BR/5OdvFKEHJGsYsBa+C3dQw9+jkcDaO5cg9Rvra3zo8","baseKeyType":1,"closed":-1,"used":1689735106303,"created":1689735106303,"remoteIdentityKey":"BbSSp5MJ2oJPT5YY+TbO4xdskqvaV039EfHr+ZpbfeYj"},"_chains":{"BVdP9stQuLAdqYAicbJvXV9X6ZsoGL/0TwUVVcMpIdZq":{"chainKey":{"counter":0,"key":"qvkwVsPvrHrYUPL8hHUXVKxVg1Mvim5jvFSwxtt69Dc="},"chainType":1,"messageKeys":{}}},"pendingPreKey":{"signedKeyId":10,"baseKey":"BR/5OdvFKEHJGsYsBa+C3dQw9+jkcDaO5cg9Rvra3zo8"}}},"version":"v1"}