{"_sessions":{"BSJobFuPRphHRcvPSgYem3OVcqdoFUMtqUJa0P6fkJgO":{"registrationId":1240051808,"currentRatchet":{"ephemeralKeyPair":{"pubKey":"BWCU+Cf+PSTZUWLnvjb15Yg9QsdK9OKEwg4aAsOKhlwB","privKey":"yFdeZ5cJ7h8+rzrQssLirxWscTdYhPa5fHx+sQLJ82E="},"lastRemoteEphemeralKey":"BcjZIA3CT6kJVo7bCqu8pwvS94gCG8gW586fwSURLFRY","previousCounter":0,"rootKey":"SY9TjcOBGyc0M5jrhZmUhr37WnLRysrsj8MP0zeT1OE="},"indexInfo":{"baseKey":"BSJobFuPRphHRcvPSgYem3OVcqdoFUMtqUJa0P6fkJgO","baseKeyType":1,"closed":-1,"used":1689734147662,"created":1689734147662,"remoteIdentityKey":"BVcMWdRl3JnWt/bc5FPK6d2CtCH9tUI9Dd2d/MvrsTl2"},"_chains":{"BWCU+Cf+PSTZUWLnvjb15Yg9QsdK9OKEwg4aAsOKhlwB":{"chainKey":{"counter":0,"key":"H03BOP9tE6i+ugrtdJCcnbDs/7+Hc/oadpiv63Rpi3g="},"chainType":1,"messageKeys":{}}},"pendingPreKey":{"signedKeyId":1,"baseKey":"BSJobFuPRphHRcvPSgYem3OVcqdoFUMtqUJa0P6fkJgO","preKeyId":1176048}}},"version":"v1"}