{"_sessions":{"BVOW4YKnBre68zliBvXPiKL8VAhZsofveTOQl8cKyKE/":{"registrationId":1912233527,"currentRatchet":{"ephemeralKeyPair":{"pubKey":"Bd5yQls62gDevrK85iq2bRKjn89rjGpeKJ/mZB3Se5hh","privKey":"gFPBF8FlU4iQrLu9X+PYhx6DlT9Y5fXsY+UI7kBmpF0="},"lastRemoteEphemeralKey":"BfF1hsjujcTf1IJDespG7PZzfHy3zu5hCN/eVk7KjZpC","previousCounter":0,"rootKey":"Ii/mUTxlggfH9BDAoqXKPesF4NV0b/8YJ8p5mFA+27k="},"indexInfo":{"baseKey":"BVOW4YKnBre68zliBvXPiKL8VAhZsofveTOQl8cKyKE/","baseKeyType":1,"closed":-1,"used":1689735106083,"created":1689735106083,"remoteIdentityKey":"BYtmGWzonQChXn/D3ayCCQQwVjcTuWBncMuqL19N14R0"},"_chains":{"Bd5yQls62gDevrK85iq2bRKjn89rjGpeKJ/mZB3Se5hh":{"chainKey":{"counter":0,"key":"SZzZjtSFhHpDbgPi2HYZPv3tVt90/whs+lr0GUPns5E="},"chainType":1,"messageKeys":{}}},"pendingPreKey":{"signedKeyId":24,"baseKey":"BVOW4YKnBre68zliBvXPiKL8VAhZsofveTOQl8cKyKE/","preKeyId":11518408}}},"version":"v1"}