{"_sessions":{"BcIonVpIIj4csXShVVOaMszGyfqD3NtPt8lySce/20l5":{"registrationId":2124756155,"currentRatchet":{"ephemeralKeyPair":{"pubKey":"BUmFfx9n3JyaLLDRMEU+W1GrWWKvpxle0O/wVtg6G8x+","privKey":"EFV1oWcTcRFbfMLNrYoc8sYpEB+e7T88mE0+nu1O300="},"lastRemoteEphemeralKey":"BY5fB0GbhwvbIfCE7RcFKVErbkswTelySGlOsQFFeu0E","previousCounter":0,"rootKey":"Uf9y9FHSgp4Z7HCyL9AvDyqBR3FvZYNSoo2Tq3TjruE="},"indexInfo":{"baseKey":"BcIonVpIIj4csXShVVOaMszGyfqD3NtPt8lySce/20l5","baseKeyType":1,"closed":-1,"used":1689734809428,"created":1689734809428,"remoteIdentityKey":"BUbJgEij7Ij4I7uDpclSwGs1V4udGfd0OuaQkQyv8IUa"},"_chains":{"BUmFfx9n3JyaLLDRMEU+W1GrWWKvpxle0O/wVtg6G8x+":{"chainKey":{"counter":0,"key":"25j+JW4aWQGj1F1GZkUyWIhDM4ivmzgf0ZNaP10pp4A="},"chainType":1,"messageKeys":{}}},"pendingPreKey":{"signedKeyId":4,"baseKey":"BcIonVpIIj4csXShVVOaMszGyfqD3NtPt8lySce/20l5","preKeyId":16486011}}},"version":"v1"}