{"_sessions":{"Bdb6WvAjTpoEr+eTOtMs3apqf8lvmVcSN2fA4oYCpNw5":{"registrationId":2035887952,"currentRatchet":{"ephemeralKeyPair":{"pubKey":"BUL4PD6haY3f9v/WFJtGAd3Yhca2iSq461oalfGhTdFi","privKey":"kFlfhymQFU6CNloBiJ6LKekZdcdZD08oecqHHq3JFU0="},"lastRemoteEphemeralKey":"BZOmRw5w7v/ukKUpZHzFnCE/8VCkvMrs27bnqj1I1n07","previousCounter":0,"rootKey":"Ni8z8Nktqrj058SlSq6XXP5dqwuMi5lHiKYWUVTTgJo="},"indexInfo":{"baseKey":"Bdb6WvAjTpoEr+eTOtMs3apqf8lvmVcSN2fA4oYCpNw5","baseKeyType":1,"closed":-1,"used":1689734809417,"created":1689734809417,"remoteIdentityKey":"BURXh5420V/Ff+9lSN9o/UeOPQ3h2FryDZ0zubTeQpQ5"},"_chains":{"BUL4PD6haY3f9v/WFJtGAd3Yhca2iSq461oalfGhTdFi":{"chainKey":{"counter":0,"key":"oamqbkJTv/gZJGGL2vSTd4X1dhUib+3f6VKkOU2K7m0="},"chainType":1,"messageKeys":{}}},"pendingPreKey":{"signedKeyId":4,"baseKey":"Bdb6WvAjTpoEr+eTOtMs3apqf8lvmVcSN2fA4oYCpNw5","preKeyId":13687895}}},"version":"v1"}