{"_sessions":{"BWJqkBsk2LK7iOOQpSTET2Qn8RmNiP4igywgL7BjsZcS":{"registrationId":248148426,"currentRatchet":{"ephemeralKeyPair":{"pubKey":"BdCoH/Zo6Qvd5G6kUKb5aUcddF2z065L8d2gbalJGnp8","privKey":"aNzWxu+dcW7Txto+9UZm9b2VejY2ZH0IPwwdBdiSekQ="},"lastRemoteEphemeralKey":"BXO8pbhBPo/hVC9rwoPi0CSgJrUz5yHILNH1S6Xhyp19","previousCounter":0,"rootKey":"TTlTQAYc8UiE0RNw/TUCL2imbNei2mmUfi8+lAEIp/M="},"indexInfo":{"baseKey":"BWJqkBsk2LK7iOOQpSTET2Qn8RmNiP4igywgL7BjsZcS","baseKeyType":1,"closed":-1,"used":1689733722323,"created":1689733717422,"remoteIdentityKey":"BVmLN0OjjeLUeS57eo0AVTgwhKdaSWkOG8GtvrrW3Q1Z"},"_chains":{"BXO8pbhBPo/hVC9rwoPi0CSgJrUz5yHILNH1S6Xhyp19":{"chainKey":{"counter":0,"key":"UMdN6sN8Jps/NA20ujnM9z+s+6EDkZmvpVMIR4VrBKY="},"chainType":2,"messageKeys":{}},"BdCoH/Zo6Qvd5G6kUKb5aUcddF2z065L8d2gbalJGnp8":{"chainKey":{"counter":-1,"key":"J65BLLXTVauH17Z17Bw5bAnRLxEMnpsNV4btFnCp//g="},"chainType":1,"messageKeys":{}}}}},"version":"v1"}