{"_sessions":{"BdIVM/IBOvZb+ghvBYGRX/XwJEfPYw54cRlRrnQmipda":{"registrationId":1812106409,"currentRatchet":{"ephemeralKeyPair":{"pubKey":"BYADH6LQ4IRwYax6oXuf9YmvzsnfCdB3ziHvBuIVBwcn","privKey":"0MxXo/CLM+Mv1J2nr8y8OPHoqJsYaG44dXYcp5py9Uo="},"lastRemoteEphemeralKey":"BS7YPLrEfVmvPoHLaaDN+K4CYIkDCoTN3fJoEb29c/87","previousCounter":0,"rootKey":"ggqP1EVKfSzPSWwE3O8u2O0Y49UxZrxX4j37N17+MKE="},"indexInfo":{"baseKey":"BdIVM/IBOvZb+ghvBYGRX/XwJEfPYw54cRlRrnQmipda","baseKeyType":1,"closed":-1,"used":1689735106263,"created":1689735106263,"remoteIdentityKey":"BYxn8hQ3GkSH1JPYLd1ee8jBFSoyf1nnGgCa4sEqGxBS"},"_chains":{"BYADH6LQ4IRwYax6oXuf9YmvzsnfCdB3ziHvBuIVBwcn":{"chainKey":{"counter":0,"key":"eGANiydaZYuelg96QtX3G3wDs4eDsCjfB2yzfEDQupU="},"chainType":1,"messageKeys":{}}},"pendingPreKey":{"signedKeyId":0,"baseKey":"BdIVM/IBOvZb+ghvBYGRX/XwJEfPYw54cRlRrnQmipda","preKeyId":9514897}}},"version":"v1"}