{"_sessions":{"BXYKSvA61xsWi1HlMd/5lE8EeKQ76LV/6/ivhyjiEyxR":{"registrationId":469765169,"currentRatchet":{"ephemeralKeyPair":{"pubKey":"BbrVU9zdf6tJzGc6d6DW4cg8koM1rpPg4oxSqw16Pn4e","privKey":"UEk2Jh1kJ7fa3GwoJ4G09zFL+wotGnHVu4JDWSmHLUY="},"lastRemoteEphemeralKey":"BQmORVmegn+kmT3WUvNpk17Vj49Pin0RNyjYer3ypE8l","previousCounter":0,"rootKey":"L6Jg8eBmEBknY8wmHxvSb/UY4gmr3vOV6sm/UXSB16c="},"indexInfo":{"baseKey":"BXYKSvA61xsWi1HlMd/5lE8EeKQ76LV/6/ivhyjiEyxR","baseKeyType":1,"closed":-1,"used":1689735105865,"created":1689735105865,"remoteIdentityKey":"BWvmScvTXzk0ycil0f2u3tkovCjcdt6MdXzJfJdRaLl8"},"_chains":{"BbrVU9zdf6tJzGc6d6DW4cg8koM1rpPg4oxSqw16Pn4e":{"chainKey":{"counter":0,"key":"FP/aTTaQgUlNDxjKqtqTbgXhYwwRc3nP2dJGH4sZ3sc="},"chainType":1,"messageKeys":{}}},"pendingPreKey":{"signedKeyId":1,"baseKey":"BXYKSvA61xsWi1HlMd/5lE8EeKQ76LV/6/ivhyjiEyxR","preKeyId":2230580}}},"version":"v1"}