{"_sessions":{"BXiKIvZ0S6lay2NrFeEucOzYcv0Zav7gZ+ewg2nuUIJI":{"registrationId":1928231357,"currentRatchet":{"ephemeralKeyPair":{"pubKey":"BWtdzPCTKt66BMJ/FZ3DwDxMS9qkCTi5J7bmgUEmh6JE","privKey":"gKoU0k9H8sO03jTEpM5fJ2wi3OlncZuBt6kD/koe3Go="},"lastRemoteEphemeralKey":"BYwmUtdPByG88sRThfWRwlqPGp17MaylBq9Ycy7gQB8f","previousCounter":0,"rootKey":"WpRSzdZEglHIo18XpJ3Uopy2EZX9K0WezLhZDqVy16E="},"indexInfo":{"baseKey":"BXiKIvZ0S6lay2NrFeEucOzYcv0Zav7gZ+ewg2nuUIJI","baseKeyType":1,"closed":-1,"used":1689735105794,"created":1689735105794,"remoteIdentityKey":"BX0+isCVtx++M17F0/eNkuFPgJA42WadGifZ4LpvLgEz"},"_chains":{"BWtdzPCTKt66BMJ/FZ3DwDxMS9qkCTi5J7bmgUEmh6JE":{"chainKey":{"counter":0,"key":"BxxqZG4n7NmhWPQsOq94o3K5d69CGsuX14Ij78+9H1Y="},"chainType":1,"messageKeys":{}}},"pendingPreKey":{"signedKeyId":0,"baseKey":"BXiKIvZ0S6lay2NrFeEucOzYcv0Zav7gZ+ewg2nuUIJI","preKeyId":1578830}}},"version":"v1"}