{"_sessions":{"BU2aN4T0eGRM70/xclM7rKVPJLyGVYuJI0lr1MN8PMN6":{"registrationId":3987,"currentRatchet":{"ephemeralKeyPair":{"pubKey":"Bcfvuyy58HhVLY9qHbFlRtRMKUfWzbMqj+fKZYznV4Jn","privKey":"cEhTGwT7e+VxwtrwFrOhabBkJ26f+NT6ADhezfZMNn4="},"lastRemoteEphemeralKey":"BaAL63kzeQY9iVwtcUHCJ5iZWCe4tsLyLFjHQssEwBg4","previousCounter":0,"rootKey":"NVYrgZf2iyXA0W200hUkkzz3sJVOz7YZVp9HeZ84sEc="},"indexInfo":{"baseKey":"BU2aN4T0eGRM70/xclM7rKVPJLyGVYuJI0lr1MN8PMN6","baseKeyType":1,"closed":-1,"used":1689735105533,"created":1689735105533,"remoteIdentityKey":"BV99+0S2ek/Jis8fO0W7afDLS2WtGRMZt8srfOgNet8K"},"_chains":{"Bcfvuyy58HhVLY9qHbFlRtRMKUfWzbMqj+fKZYznV4Jn":{"chainKey":{"counter":0,"key":"lYlmKb33fHwl//MpMECnlkAd7lxwkxGPGALoOvjhtt8="},"chainType":1,"messageKeys":{}}},"pendingPreKey":{"signedKeyId":2,"baseKey":"BU2aN4T0eGRM70/xclM7rKVPJLyGVYuJI0lr1MN8PMN6"}}},"version":"v1"}