{"_sessions":{"BaI9RQq8B70A/ikPfiJbH4eCS7AL/VxGKf/EV9ym3JhW":{"registrationId":2041829484,"currentRatchet":{"ephemeralKeyPair":{"pubKey":"Bb3mptn3gdhaUYc4EilQp12TrtICTvHYGNferWUiZb5l","privKey":"KFnBJMDO+U/nOakpGZPW6qCmZhRJ8X7ygod7HQO6x0Q="},"lastRemoteEphemeralKey":"BWe0xGLN733kQ2NvGr+kWxObW2nHDEIIdURgiwV74usa","previousCounter":0,"rootKey":"0J7PhmjjnN0LcDdmtY7vxSE8L1abXiNhCuyRgUTZbyg="},"indexInfo":{"baseKey":"BaI9RQq8B70A/ikPfiJbH4eCS7AL/VxGKf/EV9ym3JhW","baseKeyType":1,"closed":-1,"used":1689735106216,"created":1689735106216,"remoteIdentityKey":"BZ3vCpLZGax6qf9Uf7xzxQtCsTBABAT+c5U2FXQDL7Au"},"_chains":{"Bb3mptn3gdhaUYc4EilQp12TrtICTvHYGNferWUiZb5l":{"chainKey":{"counter":0,"key":"OuGOwj7WWUMmERh/dcyQfAGg7Jymk1QKiYEE+vWx8bU="},"chainType":1,"messageKeys":{}}},"pendingPreKey":{"signedKeyId":6,"baseKey":"BaI9RQq8B70A/ikPfiJbH4eCS7AL/VxGKf/EV9ym3JhW","preKeyId":7474098}}},"version":"v1"}