{"_sessions":{"BT/0v8VQhViVwJJE+/3kxJ6LUdumNVz8wwCNpkQOL/Jw":{"registrationId":13253,"currentRatchet":{"ephemeralKeyPair":{"pubKey":"BQQPoU1S8oTPPuofADQexjWQjje9XPfwesjU/EHC4mtd","privKey":"SPVovD4T+EDU4LKW/zmeAbDawg/jBrWCVbiQkIQZwEQ="},"lastRemoteEphemeralKey":"Bdve9hbqQKdHmuXazaBKcSzGop9Uh96To2v2RKDbp9pF","previousCounter":0,"rootKey":"vOARSwtD07ZMZ0lGBorj2GwX+83h+Qn75r+3tIn7/i4="},"indexInfo":{"baseKey":"BT/0v8VQhViVwJJE+/3kxJ6LUdumNVz8wwCNpkQOL/Jw","baseKeyType":1,"closed":-1,"used":1689735105530,"created":1689735105530,"remoteIdentityKey":"BQhEvHYPjLn62RuOejXLOQnkwnz9116hndJxXsbLKVpG"},"_chains":{"BQQPoU1S8oTPPuofADQexjWQjje9XPfwesjU/EHC4mtd":{"chainKey":{"counter":0,"key":"WiE/0cO68W/+nU0VzyIgfp3AmWX7p4CxgkuTpIp5VVU="},"chainType":1,"messageKeys":{}}},"pendingPreKey":{"signedKeyId":1,"baseKey":"BT/0v8VQhViVwJJE+/3kxJ6LUdumNVz8wwCNpkQOL/Jw"}}},"version":"v1"}