{"_sessions":{"BXDtui9hssFAtMoz1DUJayesODhW8SNoqUeHhPdgPpVN":{"registrationId":1020240567,"currentRatchet":{"ephemeralKeyPair":{"pubKey":"BW6DIIg0jBOxn7tAWc/O/jk5ovRCd7tCDRW0mxl8Ec48","privKey":"kH0qvsK6kd8aTGXG+pkg+taQKIi0MudcLBkj//yGwVY="},"lastRemoteEphemeralKey":"Bffpzx0Bjf4Mb7gYhwFCeMzrl3c6eV47KhIJ3jJMl/hg","previousCounter":0,"rootKey":"3IynUT4xhVucsB7O0COX71LUWIfjxrlRBscQXdxFo2s="},"indexInfo":{"baseKey":"BXDtui9hssFAtMoz1DUJayesODhW8SNoqUeHhPdgPpVN","baseKeyType":1,"closed":-1,"used":1689733359944,"created":1689733338571,"remoteIdentityKey":"BSn9n0Q6iSIciGyN8flR3/8C6qJNCxZwkJvQZrKUNnh9"},"_chains":{"Bffpzx0Bjf4Mb7gYhwFCeMzrl3c6eV47KhIJ3jJMl/hg":{"chainKey":{"counter":0,"key":"PpnN/XZki0h7e89p6CQv5Kik7HjPMFIL8pBOf8wiiPk="},"chainType":2,"messageKeys":{}},"BW6DIIg0jBOxn7tAWc/O/jk5ovRCd7tCDRW0mxl8Ec48":{"chainKey":{"counter":-1,"key":"9ZvY/PF9YGa/WUWsB25muEz4VtvKn4VNpxh51RHaBSo="},"chainType":1,"messageKeys":{}}}}},"version":"v1"}