{"_sessions":{"BaM03Boc8GH8ClQiyJBpcKo0O2LGooqaq3+VCOXaKCAZ":{"registrationId":575609041,"currentRatchet":{"ephemeralKeyPair":{"pubKey":"BWMGzFuiR7FcD1Fv5d3LTo2Q1tf+mFWIFJhCPJ57HYYR","privKey":"KEFRASpFDP+ufo51XQdemuruAuMYTIoCja7yuIeh+mc="},"lastRemoteEphemeralKey":"BRg9WjtDk/7HTSR5e6uyv8SCiyq4aIZz7JyGOtN6zFUX","previousCounter":0,"rootKey":"TfdW1Nbgq9HTdx7Si1I7zq14YiHAT4jwpllE3ylOmCA="},"indexInfo":{"baseKey":"BaM03Boc8GH8ClQiyJBpcKo0O2LGooqaq3+VCOXaKCAZ","baseKeyType":1,"closed":-1,"used":1689735679758,"created":1689735679758,"remoteIdentityKey":"BWUlz+Gyrx/Ds2PKmg22Sdf0HHrgYJofpsp6hWj0cZ1T"},"_chains":{"BWMGzFuiR7FcD1Fv5d3LTo2Q1tf+mFWIFJhCPJ57HYYR":{"chainKey":{"counter":0,"key":"igKMMIgG/qGlnHvQV4RO4YE2b24a+13d02KC0XuGJ9M="},"chainType":1,"messageKeys":{}}},"pendingPreKey":{"signedKeyId":21,"baseKey":"BaM03Boc8GH8ClQiyJBpcKo0O2LGooqaq3+VCOXaKCAZ","preKeyId":3506489}}},"version":"v1"}