{"_sessions":{"BaCdeY/G+6XhZ73M0pkV1aXmpNgYVAS/9qDJCq0tsUI5":{"registrationId":1241425935,"currentRatchet":{"ephemeralKeyPair":{"pubKey":"BdQUvTtgpGuwos8IATPDVnxHv6YUDMdl7Q8WU/25qbdj","privKey":"cEqOg/mNU4XioAh65nwt3fygC7W50jUlTSl/P7HvM2c="},"lastRemoteEphemeralKey":"BZHddAZ3NJC58f50LfEeuBjLGXo+EicHuxDS5lNoAw9F","previousCounter":0,"rootKey":"hsoC88SguLHMcRvPyDv4jZHJuz+5ByfJJTRixhbZBsQ="},"indexInfo":{"baseKey":"BaCdeY/G+6XhZ73M0pkV1aXmpNgYVAS/9qDJCq0tsUI5","baseKeyType":1,"closed":-1,"used":1689735106105,"created":1689735106105,"remoteIdentityKey":"BVHQa/463rVUfT/w9j+IlVi3MNz+n1TFp7hoS/0/w71K"},"_chains":{"BdQUvTtgpGuwos8IATPDVnxHv6YUDMdl7Q8WU/25qbdj":{"chainKey":{"counter":0,"key":"W+5PgbAEYk1asNyi3AJrQ2lfDwaS5adUZA0Lz+Vb+3s="},"chainType":1,"messageKeys":{}}},"pendingPreKey":{"signedKeyId":5,"baseKey":"BaCdeY/G+6XhZ73M0pkV1aXmpNgYVAS/9qDJCq0tsUI5","preKeyId":9433770}}},"version":"v1"}