{"_sessions":{"BaUT6u2QJIgR0vvJs6ZvX0j3IUIwrvH2b18zrsk1Kr8q":{"registrationId":211576206,"currentRatchet":{"ephemeralKeyPair":{"pubKey":"BbfdTb6dEPAxLurU5hIZI7QSsf4hr6cnqtB9+ui5zVlL","privKey":"aDgA0Y3ss1lcujEe4FrHybwLsxwMXyn8/qxjtAr6dmg="},"lastRemoteEphemeralKey":"Bbzk5FdJ+s0mJT+nuZDkjDtslSMxYsbzh01ANbfuLwJC","previousCounter":0,"rootKey":"m6B296yvqCkYxJqUxOrvW9ultNtXYPpm9zqB0tlsq1M="},"indexInfo":{"baseKey":"BaUT6u2QJIgR0vvJs6ZvX0j3IUIwrvH2b18zrsk1Kr8q","baseKeyType":1,"closed":-1,"used":1689735105877,"created":1689735105877,"remoteIdentityKey":"BfcvwG5r8QwFCEJfWtpO1XWPTn7WTl2nhMmv76w+fphf"},"_chains":{"BbfdTb6dEPAxLurU5hIZI7QSsf4hr6cnqtB9+ui5zVlL":{"chainKey":{"counter":0,"key":"UYOZcv42fnfyHBC1Z2q0Pb6SlulEuQXkVae+etHgIdo="},"chainType":1,"messageKeys":{}}},"pendingPreKey":{"signedKeyId":2,"baseKey":"BaUT6u2QJIgR0vvJs6ZvX0j3IUIwrvH2b18zrsk1Kr8q","preKeyId":4850680}}},"version":"v1"}