{"_sessions":{"BcWkghIBrrppBcUd58M6rTTN3X64CeCqKogP23/s1fR2":{"registrationId":858294684,"currentRatchet":{"ephemeralKeyPair":{"pubKey":"BVtL4TxDrvKbo6XKpqZfQJQQc2jFgif0vlkrAFE1+pdH","privKey":"EIUytwMSx60O5JsMzsH63IUe6xE87d2a8mf7eOjZR2o="},"lastRemoteEphemeralKey":"BfpjOqF/WyxeQx9tA5Og3u3YEBVyDrfXYobqXiaT/wBC","previousCounter":0,"rootKey":"0/vbcTdkQ+leBH9ByQmRc2Cz3iOJ7Gj7R879lndYFVA="},"indexInfo":{"baseKey":"BcWkghIBrrppBcUd58M6rTTN3X64CeCqKogP23/s1fR2","baseKeyType":1,"closed":-1,"used":1689735105708,"created":1689735105708,"remoteIdentityKey":"BWLCp6Ot5UT81xKJTVFB4PR1AKAMpuK/P/5omvSbaDFt"},"_chains":{"BVtL4TxDrvKbo6XKpqZfQJQQc2jFgif0vlkrAFE1+pdH":{"chainKey":{"counter":0,"key":"pgQAgPPZrSUkBQ5papO3NDl0/N/HU4vEuvrRarFnyc4="},"chainType":1,"messageKeys":{}}},"pendingPreKey":{"signedKeyId":0,"baseKey":"BcWkghIBrrppBcUd58M6rTTN3X64CeCqKogP23/s1fR2","preKeyId":12891352}}},"version":"v1"}