{"_sessions":{"BfAtCc6vZbFL6jk4pZdEhiModFF65FXUJkaiX1qXuUVG":{"registrationId":960883153,"currentRatchet":{"ephemeralKeyPair":{"pubKey":"BTnvGzcmwgdwTgWihwHncsaDkmrox+e27kUPxU3TuphG","privKey":"iO55k11BjetG3UC5bHU+bDc3m21NGb6LIBzAdNODokM="},"lastRemoteEphemeralKey":"Bbjb18cjRD3SfYzrxqElW3JK/ntCu/jriMQvDqeANbo9","previousCounter":0,"rootKey":"sJDk8D3dzO56d1Uzy7FDNwWapY/K2f4xb4NDtoKxq3o="},"indexInfo":{"baseKey":"BfAtCc6vZbFL6jk4pZdEhiModFF65FXUJkaiX1qXuUVG","baseKeyType":1,"closed":-1,"used":1689735106112,"created":1689735106112,"remoteIdentityKey":"BVmGWVETiqlIVCCqe/MLojxEb8LFLdzlj2Wr1YbqExYc"},"_chains":{"BTnvGzcmwgdwTgWihwHncsaDkmrox+e27kUPxU3TuphG":{"chainKey":{"counter":0,"key":"ovJCdXcO/ApF3x9V3j17GVH2JxNDLuzkLTKlbiCDcD0="},"chainType":1,"messageKeys":{}}},"pendingPreKey":{"signedKeyId":3,"baseKey":"BfAtCc6vZbFL6jk4pZdEhiModFF65FXUJkaiX1qXuUVG","preKeyId":11895805}}},"version":"v1"}