{"_sessions":{"BRp0sMiar94Qq/Z0P07u7+oOMgZJj7SJfLHoleLpnOdg":{"registrationId":1119396983,"currentRatchet":{"ephemeralKeyPair":{"pubKey":"BSiCTh4xX4zpCVBLOVyjre9p/DxhGbJsFXS+JM+PWeQC","privKey":"4KeUIJMOkWlIF84JZTW0imuWcKp2G6P9AqH+rI6tRWs="},"lastRemoteEphemeralKey":"BbJtkvONy4gLcDbd44Dzd+k3GpZ5CT3FbjNsEmjl59cV","previousCounter":0,"rootKey":"cBojC7UhopCXKL8/wxpcMuR0Zn2xJ9azDpHebApYVyM="},"indexInfo":{"baseKey":"BRp0sMiar94Qq/Z0P07u7+oOMgZJj7SJfLHoleLpnOdg","baseKeyType":1,"closed":-1,"used":1689735105731,"created":1689735105731,"remoteIdentityKey":"BU6w7bLfKRcSpMvkX83pi4i0L2sTzkXAwv2+ebd4plNQ"},"_chains":{"BSiCTh4xX4zpCVBLOVyjre9p/DxhGbJsFXS+JM+PWeQC":{"chainKey":{"counter":0,"key":"X66t/BSlfM6evCx9ocRunnNdKrwoqitS2Txlsje2LKg="},"chainType":1,"messageKeys":{}}},"pendingPreKey":{"signedKeyId":11590480,"baseKey":"BRp0sMiar94Qq/Z0P07u7+oOMgZJj7SJfLHoleLpnOdg","preKeyId":6483}}},"version":"v1"}