{"_sessions":{"BWTn+q2+5YfBkhhGUGVVWayhA7LBOMbKocpXfJOqtnt1":{"registrationId":1751108573,"currentRatchet":{"ephemeralKeyPair":{"pubKey":"BUq/y3KplAfv323d+yBLkMjMrdg2mMEd2XhbGjSQgH9G","privKey":"KJ/nziW+q9TBkiGaKzflfTBgd84kdipty4abdfcLz04="},"lastRemoteEphemeralKey":"Bdv/V5vwom3ylXp5UBREOYisV2jc0akFN3bh1RqJYtcM","previousCounter":0,"rootKey":"nnUti4ZQLQzOeWolSHmlpVEzqiVz1U148OD8iFx8/4M="},"indexInfo":{"baseKey":"BWTn+q2+5YfBkhhGUGVVWayhA7LBOMbKocpXfJOqtnt1","baseKeyType":1,"closed":-1,"used":1689735105762,"created":1689735105762,"remoteIdentityKey":"BWmiVUlicMhuolhix2kLraX9mtVqzG66KeKir9KpaVNe"},"_chains":{"BUq/y3KplAfv323d+yBLkMjMrdg2mMEd2XhbGjSQgH9G":{"chainKey":{"counter":0,"key":"+F2QIA5nvIvRAq0mXWXn1eBOA1nc9abcfJtvs1ERmqM="},"chainType":1,"messageKeys":{}}},"pendingPreKey":{"signedKeyId":8436110,"baseKey":"BWTn+q2+5YfBkhhGUGVVWayhA7LBOMbKocpXfJOqtnt1"}}},"version":"v1"}