{"_sessions":{"BSdU8AUwURyB3O1Bmm0kYjliuQSSnngTj10agWPe5jdC":{"registrationId":564703217,"currentRatchet":{"ephemeralKeyPair":{"pubKey":"BT9RgTIMAUf+d2QXsNcXyvTrWjDTkBtU6mbylHpL19ti","privKey":"+MRNi1FZJn4qrA0XiNUloxC8BnoCMic2gm3X9BzMXHg="},"lastRemoteEphemeralKey":"BWL8a9bfX1ic2WBLSgD278dbLxko8eZny6Pt9RlNUzcx","previousCounter":0,"rootKey":"pK1NYhTZzL1O+IMtV4bnlLgGaEIGuKNn4TwpQLiRRnI="},"indexInfo":{"baseKey":"BSdU8AUwURyB3O1Bmm0kYjliuQSSnngTj10agWPe5jdC","baseKeyType":1,"closed":-1,"used":1689735105815,"created":1689735105815,"remoteIdentityKey":"BbgZngpyO0NNRsTcWVsajEtaHdK3MgS8BQGMedO3kcpe"},"_chains":{"BT9RgTIMAUf+d2QXsNcXyvTrWjDTkBtU6mbylHpL19ti":{"chainKey":{"counter":0,"key":"KlDHbzQ5lCoi4n39w+ISMaJq248rX2JKwxinLcu/sSM="},"chainType":1,"messageKeys":{}}},"pendingPreKey":{"signedKeyId":1,"baseKey":"BSdU8AUwURyB3O1Bmm0kYjliuQSSnngTj10agWPe5jdC","preKeyId":12094990}}},"version":"v1"}