{"_sessions":{"BRQZBpHPI3s2cJHuAXPwFJo8AFf3F6h+FYZA6Fxk+SQg":{"registrationId":1892483262,"currentRatchet":{"ephemeralKeyPair":{"pubKey":"BcaxPoRIcwBHmBf6sriZPzcnIHZWxf9Ipx44hDjp8/Iq","privKey":"CGmpGJv3gYrOtyjaQfZ8oZ9Q/9k5abVORsCqx+YoBk4="},"lastRemoteEphemeralKey":"Bb7yHFspbKY2x2I2QGjU2QAKHxsJtMEywJqhHBY+hMVv","previousCounter":0,"rootKey":"H/+nVS/hRnovXthddvHVYGrJ6J6JYbDHmPqpn98mhQE="},"indexInfo":{"baseKey":"BRQZBpHPI3s2cJHuAXPwFJo8AFf3F6h+FYZA6Fxk+SQg","baseKeyType":1,"closed":-1,"used":1689735106359,"created":1689735106359,"remoteIdentityKey":"BY/kxjn/7nbRk/cdIzjYs0KDzUl65ibxddOBt3UFj8oR"},"_chains":{"BcaxPoRIcwBHmBf6sriZPzcnIHZWxf9Ipx44hDjp8/Iq":{"chainKey":{"counter":0,"key":"qDI2LEXeD0UldEaR4iX3UCOli5GRf+VSXn5gSjBx0AU="},"chainType":1,"messageKeys":{}}},"pendingPreKey":{"signedKeyId":7,"baseKey":"BRQZBpHPI3s2cJHuAXPwFJo8AFf3F6h+FYZA6Fxk+SQg"}}},"version":"v1"}