{"_sessions":{"BW3wP/Q7756MLxCHNQ3Dmg+DO/NviBtJq4YShx/U1D4l":{"registrationId":1575989041,"currentRatchet":{"ephemeralKeyPair":{"pubKey":"BTHJnTSFInty4hd9wme1sWBo3db9fX8U8XzHlfs3vEQJ","privKey":"2McaEPAl//9BNDfT0J236tWgtgF5U+mRECCq7afplnU="},"lastRemoteEphemeralKey":"BSoBwxM+ZNTouue8ZSIUzGf0tjrfSioXqWYh/tVbuJBT","previousCounter":0,"rootKey":"OpW3Ea94X4ezcpT3ACV6uplJxsx6/Aq7K2kJX+l6UY8="},"indexInfo":{"baseKey":"BW3wP/Q7756MLxCHNQ3Dmg+DO/NviBtJq4YShx/U1D4l","baseKeyType":1,"closed":-1,"used":1689735106009,"created":1689735106009,"remoteIdentityKey":"BTJuQFIalvY2krDVya363lMwvsLJLgifkz/4t/CEPugQ"},"_chains":{"BTHJnTSFInty4hd9wme1sWBo3db9fX8U8XzHlfs3vEQJ":{"chainKey":{"counter":0,"key":"ZfVazAqIHanfK+YpHTWHeqYRMW1k0YVPXx6pY87EAIg="},"chainType":1,"messageKeys":{}}},"pendingPreKey":{"signedKeyId":7,"baseKey":"BW3wP/Q7756MLxCHNQ3Dmg+DO/NviBtJq4YShx/U1D4l","preKeyId":10985306}}},"version":"v1"}