{"_sessions":{"BVABe89zBoTtxA6cEDEugc+0U/tnCFa0YcYglk36dD4x":{"registrationId":1316971383,"currentRatchet":{"ephemeralKeyPair":{"pubKey":"BYayIu5dsDdH+OGgM86Lt0nrUByX+DWaCJMBG7KlpttO","privKey":"MJQy/Xae0nA1s961Ts3y5KLKMJVgf5NyUjAh+Xgvxl0="},"lastRemoteEphemeralKey":"BWnoznwWpS1fxLlmPWOZwHFOzWZ32BnP/eUOg9rBEsVd","previousCounter":0,"rootKey":"JBg4gjVqXXz299gvyHZUpk45XwvY6GME4YYs2maO+aw="},"indexInfo":{"baseKey":"BVABe89zBoTtxA6cEDEugc+0U/tnCFa0YcYglk36dD4x","baseKeyType":1,"closed":-1,"used":1689734926408,"created":1689734809424,"remoteIdentityKey":"BTe4xpOLnAzg8axVqVEPfTHAbcPcHjxkSrrC/l+koGhk"},"_chains":{"BWnoznwWpS1fxLlmPWOZwHFOzWZ32BnP/eUOg9rBEsVd":{"chainKey":{"counter":1,"key":"oaiIuv7vGwA8CBn+jp5upFOrwVGBx/0JPJu8c3DCAmI="},"chainType":2,"messageKeys":{"0":"0IC5B5PqdYi6jvnFny4ehCHlGRky60jJ/UX1VJOvaBM="}},"BYayIu5dsDdH+OGgM86Lt0nrUByX+DWaCJMBG7KlpttO":{"chainKey":{"counter":-1,"key":"ReR2gKWzNsd9l6THl52ImseGhmPEcpKxYlXKPa6yxxU="},"chainType":1,"messageKeys":{}}}}},"version":"v1"}