{"_sessions":{"BTSP9IoQ+qUV7hQKK6JXbiQlZpdkFIXgQTq7mGuotjsv":{"registrationId":213688857,"currentRatchet":{"ephemeralKeyPair":{"pubKey":"BciCqxsB11h5V+5qOMMkRtr6pelUGmBClZvD9LJV/sYZ","privKey":"CJrJnyfFzU0z4OziEQ90b6NvVQPOKIOpyJRHnGoIh1w="},"lastRemoteEphemeralKey":"BeYvfccfCse4GBS4cEUdGEkme5iR636g3zCOgrnkKw9P","previousCounter":0,"rootKey":"WJyqUQ6koaSN7+BQ9P0vyXTFrH7imsp2Xqbt91PBKJ8="},"indexInfo":{"baseKey":"BTSP9IoQ+qUV7hQKK6JXbiQlZpdkFIXgQTq7mGuotjsv","baseKeyType":1,"closed":-1,"used":1689735106219,"created":1689735106219,"remoteIdentityKey":"BRPoKFhH9NN7n+7S7PQTJPKl0EaNVziQ3ETkmbo6fj1Q"},"_chains":{"BciCqxsB11h5V+5qOMMkRtr6pelUGmBClZvD9LJV/sYZ":{"chainKey":{"counter":0,"key":"RwT+NAsHlPJ2QemoUuET/TLTpICyPXskUipz3YrzS58="},"chainType":1,"messageKeys":{}}},"pendingPreKey":{"signedKeyId":9295024,"baseKey":"BTSP9IoQ+qUV7hQKK6JXbiQlZpdkFIXgQTq7mGuotjsv","preKeyId":4494}}},"version":"v1"}