{"_sessions":{"BVZdklWum1gAZ4vtyfZUbyPSjyO4iRGpUrc8rWNqKvlX":{"registrationId":865580645,"currentRatchet":{"ephemeralKeyPair":{"pubKey":"BXcLP5XpCEAHDXHa6zBzmbXO1ZRT3Z7A3bWOwai+NMpq","privKey":"oBWffybrA1q81JLOWeLS4+FcCGLNyYgAI2dDE//IG3E="},"lastRemoteEphemeralKey":"BQHfM2YpsR5q23UzFf53GQmwdQNGX3cs1UcI4dMl0zMs","previousCounter":0,"rootKey":"VnApOOL+2IFwJr+hudsoOdt2xmxAHqFon4jcfTrs8zQ="},"indexInfo":{"baseKey":"BVZdklWum1gAZ4vtyfZUbyPSjyO4iRGpUrc8rWNqKvlX","baseKeyType":2,"closed":-1,"used":1689735673952,"created":1689735673952,"remoteIdentityKey":"BWkd/KT3z8pMaBYClYtby9ZVfx645/VnIG7A+vmpCAMU"},"_chains":{"BQHfM2YpsR5q23UzFf53GQmwdQNGX3cs1UcI4dMl0zMs":{"chainKey":{"counter":0,"key":"BW6GpSj69ejEctDlB8L9QEApoJqFtFf4SrUJ42yvbRo="},"chainType":2,"messageKeys":{}},"BXcLP5XpCEAHDXHa6zBzmbXO1ZRT3Z7A3bWOwai+NMpq":{"chainKey":{"counter":0,"key":"1rOVNluuj7jwwZ3IMi3ns2kVqDjFgNWSmd0mRLbJPmY="},"chainType":1,"messageKeys":{}}}}},"version":"v1"}