{"_sessions":{"BXH026WVz8WMydgdsDtmeAPERWcaMo9m5JMSYwl38Jph":{"registrationId":1988525271,"currentRatchet":{"ephemeralKeyPair":{"pubKey":"BaRSpj2Jy3H2Sisqg+8lT6ldUe+lgLbdgkwc/ChRU7QA","privKey":"sATyuMBK2dcYN4vMxmbBwTi+V/Yeos/R9lYYYiLKUks="},"lastRemoteEphemeralKey":"BeFZsLB3iwEYyAkYKMvGuStDzVkj1+0xcfKBElA45Y8r","previousCounter":0,"rootKey":"lnb6/vTdHYxGDnTI34TWkyv5XsPXowHmOAt+NEJRpKk="},"indexInfo":{"baseKey":"BXH026WVz8WMydgdsDtmeAPERWcaMo9m5JMSYwl38Jph","baseKeyType":1,"closed":-1,"used":1689735106184,"created":1689735106184,"remoteIdentityKey":"BfwyMalp8UWy1ZG3O+qdEUZekBkyR8wtdLzRlmGDns4i"},"_chains":{"BaRSpj2Jy3H2Sisqg+8lT6ldUe+lgLbdgkwc/ChRU7QA":{"chainKey":{"counter":0,"key":"BBNZuvpZtdOao1SlmI7jttxUFyzwHlQyslsljKZeorQ="},"chainType":1,"messageKeys":{}}},"pendingPreKey":{"signedKeyId":6633500,"baseKey":"BXH026WVz8WMydgdsDtmeAPERWcaMo9m5JMSYwl38Jph","preKeyId":2416}}},"version":"v1"}