{"_sessions":{"BTUEemyq9kGUDFV0FHCp5RXWHJdHQcRz2UQ80yHrJJ5s":{"registrationId":1131897213,"currentRatchet":{"ephemeralKeyPair":{"pubKey":"BfoR+IpxcPBS2h0nsBU270yH/G8YSS6naU4zNik2Ot9G","privKey":"yDrwvS+aFm/SJ4FhdM/+LDi+Dy5PCS4jozd6CyWJQF8="},"lastRemoteEphemeralKey":"BfeWEUugsqCyo175f/7dhHmpqh6rK4jGdylsjLO+vfp3","previousCounter":0,"rootKey":"MpN15S5PDaAegmULrUj1r9lgmNrdOYxL3wfqLBZ9brc="},"indexInfo":{"baseKey":"BTUEemyq9kGUDFV0FHCp5RXWHJdHQcRz2UQ80yHrJJ5s","baseKeyType":1,"closed":-1,"used":1689735106139,"created":1689735106139,"remoteIdentityKey":"BTN5ml+RC6kHkPtSAgRZWQS9cxJ+dnN0+I9LDbSE9ztx"},"_chains":{"BfoR+IpxcPBS2h0nsBU270yH/G8YSS6naU4zNik2Ot9G":{"chainKey":{"counter":0,"key":"4Vm6kLvPt5EShoblAD9nmJ+7D9hQldpzblbf/3vjAk4="},"chainType":1,"messageKeys":{}}},"pendingPreKey":{"signedKeyId":0,"baseKey":"BTUEemyq9kGUDFV0FHCp5RXWHJdHQcRz2UQ80yHrJJ5s"}}},"version":"v1"}