{"_sessions":{"BRwUXJDlo6r7VBluXxtuxnyeSBUkQ8PWh3S+kTjvvvgq":{"registrationId":1648319671,"currentRatchet":{"ephemeralKeyPair":{"pubKey":"BVWF/1WlakNFAwscoyvjVQsgblxww021XDd1fTq62D1Y","privKey":"4DXPzmdmhu787H2z5/E7JIVUhELAhtk1uTTF7MPxd0U="},"lastRemoteEphemeralKey":"BZv2cgVIHUjfiVoqQ26PIEIrgaj5Vq68TYofmcambe1q","previousCounter":0,"rootKey":"b2dU351jCaRCmm0IaE1H7g+nBo9cLqEi03/Sl19EgXA="},"indexInfo":{"baseKey":"BRwUXJDlo6r7VBluXxtuxnyeSBUkQ8PWh3S+kTjvvvgq","baseKeyType":1,"closed":-1,"used":1689735106015,"created":1689735106015,"remoteIdentityKey":"Bb3dycfmF3ydeoiAnF3NYyNQdgaomxnltgfUMmRmetgb"},"_chains":{"BVWF/1WlakNFAwscoyvjVQsgblxww021XDd1fTq62D1Y":{"chainKey":{"counter":0,"key":"cBZptJO4XXXxvObrIIBSayTHg2du321xj5FMPQR4hBg="},"chainType":1,"messageKeys":{}}},"pendingPreKey":{"signedKeyId":4,"baseKey":"BRwUXJDlo6r7VBluXxtuxnyeSBUkQ8PWh3S+kTjvvvgq"}}},"version":"v1"}