{"_sessions":{"BXHHaTyzv7zWY4AIBKHK8BTtXbcJr20QK28t/RZAVP8/":{"registrationId":639345616,"currentRatchet":{"ephemeralKeyPair":{"pubKey":"BYKoiBFjGBSYO/53Wv0J2SMrBcYi8jyMXSYPlecj+PgE","privKey":"KExQGG+LwLemxTrhNsYOm7k5yXeK3GYvf4bbrcFaBVM="},"lastRemoteEphemeralKey":"BcqMrfe0C1q0YVhuHovTD6cDY/fGTiBdmkcGkK0AtEVC","previousCounter":0,"rootKey":"kTVSPQXoWpNtkBtSxNlK5Cf6w/cklQaHlclL+QEP4s4="},"indexInfo":{"baseKey":"BXHHaTyzv7zWY4AIBKHK8BTtXbcJr20QK28t/RZAVP8/","baseKeyType":1,"closed":-1,"used":1689735106167,"created":1689735106167,"remoteIdentityKey":"Beou9Mjkxtkg4G3WGdKHKpUDIFTwkumgqISu3bpHKZNs"},"_chains":{"BYKoiBFjGBSYO/53Wv0J2SMrBcYi8jyMXSYPlecj+PgE":{"chainKey":{"counter":0,"key":"AIBPcrqoVoHPk8I0iMmKf+DBV5JVNtNiAiBI1J3T/wg="},"chainType":1,"messageKeys":{}}},"pendingPreKey":{"signedKeyId":8624569,"baseKey":"BXHHaTyzv7zWY4AIBKHK8BTtXbcJr20QK28t/RZAVP8/"}}},"version":"v1"}