{"_sessions":{"BSL6VuA9VKWtXmjdASUrn3qy9T7K98VsUSdchoIW+r08":{"registrationId":2040524915,"currentRatchet":{"ephemeralKeyPair":{"pubKey":"BW1d7pq9LK8X2LZP5tTQLU568FAQ+enRRAzk9xIJPeIp","privKey":"MBHVpmXh7GoxdsU2xSdJV2lYe5UPrM5IpJMtGXD+T00="},"lastRemoteEphemeralKey":"BYl0Pz7MUG1FcunhXiSn+nv2QPCXdZ75rZze37iW6HAY","previousCounter":0,"rootKey":"o4x/WM0uCKF38PS27P4nW9UAxb6h38oB4znCQFHv8mE="},"indexInfo":{"baseKey":"BSL6VuA9VKWtXmjdASUrn3qy9T7K98VsUSdchoIW+r08","baseKeyType":1,"closed":-1,"used":1689735105800,"created":1689735105800,"remoteIdentityKey":"BS3fyd9msX7I/cbPkrI0yju6RyHT8jAx4kzkB4dFex9F"},"_chains":{"BW1d7pq9LK8X2LZP5tTQLU568FAQ+enRRAzk9xIJPeIp":{"chainKey":{"counter":0,"key":"kO9qV8OdPYpKo6bGd2092VlnOF6VwExU7U2ASHLegRk="},"chainType":1,"messageKeys":{}}},"pendingPreKey":{"signedKeyId":1,"baseKey":"BSL6VuA9VKWtXmjdASUrn3qy9T7K98VsUSdchoIW+r08"}}},"version":"v1"}