{"_sessions":{"Bem5ghKbJt1F87nKoJKB8rMjLiqE3TqeelFSHYNNasAZ":{"registrationId":354386770,"currentRatchet":{"ephemeralKeyPair":{"pubKey":"BSzKZhihE6vGlq5dHZNXh+nWMQjCDIq+ix5QQtjvEP8Z","privKey":"cNih2rlB/WMYmCLQAJVCzZ4G0bouMPYg8pS1icP41XU="},"lastRemoteEphemeralKey":"BZJg6TB3CwcdNqoDQkl8mU5w8xnm/K2dRyZPUYmg2N89","previousCounter":0,"rootKey":"Gnt055EzgnJyHWwZ15PdY+P01lg4rKk5IuM5Cq5nSgo="},"indexInfo":{"baseKey":"Bem5ghKbJt1F87nKoJKB8rMjLiqE3TqeelFSHYNNasAZ","baseKeyType":1,"closed":-1,"used":1690018607865,"created":1690018607865,"remoteIdentityKey":"BTlBdEKnMUu8D0Q3xIRcfLGVI7JVWAYeC8NDii0o+ctb"},"_chains":{"BSzKZhihE6vGlq5dHZNXh+nWMQjCDIq+ix5QQtjvEP8Z":{"chainKey":{"counter":0,"key":"4Gw/6ZAGeKldui6Va8eKXge4fbMPzgLr6CjACSS0ZjY="},"chainType":1,"messageKeys":{}}},"pendingPreKey":{"signedKeyId":0,"baseKey":"Bem5ghKbJt1F87nKoJKB8rMjLiqE3TqeelFSHYNNasAZ","preKeyId":10615661}}},"version":"v1"}