{"_sessions":{"BUJ0jvdWXQYpMC4sD5aM1GVJwZtzf4vJGfkniCu+d8Fr":{"registrationId":1569560319,"currentRatchet":{"ephemeralKeyPair":{"pubKey":"BWrFDi1MK2N4YqKQGrCebzbdmS1YCF+ooMbJi8OO7O5h","privKey":"2Ipanzv1GnTxwUA3y79Tb2PxiY+/RrMIAHRyXepBlEU="},"lastRemoteEphemeralKey":"Bfm4+btKnDfHU0lFRHPzkNrVEGSbGYNZXIGKIOj8MdVk","previousCounter":0,"rootKey":"3pmXPllgGEUzZyFdsmin/zGUqhSyAxdEzSv+Z57EmrQ="},"indexInfo":{"baseKey":"BUJ0jvdWXQYpMC4sD5aM1GVJwZtzf4vJGfkniCu+d8Fr","baseKeyType":1,"closed":-1,"used":1689735106143,"created":1689735106143,"remoteIdentityKey":"BQVrVAG/jGqEUgnPDdnfX96u2YfD9N1XOvdWvSH5NHMI"},"_chains":{"BWrFDi1MK2N4YqKQGrCebzbdmS1YCF+ooMbJi8OO7O5h":{"chainKey":{"counter":0,"key":"Fy/W04ADrAoYgP3GgITUc6udcZwXh+NdTWk/LS0yIcQ="},"chainType":1,"messageKeys":{}}},"pendingPreKey":{"signedKeyId":0,"baseKey":"BUJ0jvdWXQYpMC4sD5aM1GVJwZtzf4vJGfkniCu+d8Fr","preKeyId":10586407}}},"version":"v1"}