{"_sessions":{"Bb7q8FOFVBRGt+em/qxEabaPIzpn1RPG8OvuMKlIPg42":{"registrationId":139156241,"currentRatchet":{"ephemeralKeyPair":{"pubKey":"BejtBMysfDCX2kHG/pEUi6DiU6fJhPxJa/zMhwc5j3M2","privKey":"wJ3/rKvt16Fp/SoeQ3ooXgCsPpvG8gYHlUMYt9KJo3Q="},"lastRemoteEphemeralKey":"BYbrl4EBpgKHj52dSB7GSlNgjbcY0ZT6XmbUNu1QIEs3","previousCounter":0,"rootKey":"UGkKchYZ0zeJ+RtHkJBXXmoiDqJxOLDpInxHGT5jCT4="},"indexInfo":{"baseKey":"Bb7q8FOFVBRGt+em/qxEabaPIzpn1RPG8OvuMKlIPg42","baseKeyType":1,"closed":-1,"used":1689735106256,"created":1689735106256,"remoteIdentityKey":"BXAqLdxvMafXFdtku3Q3d3pC3ngrfWF0tAHw7eKOM0I/"},"_chains":{"BejtBMysfDCX2kHG/pEUi6DiU6fJhPxJa/zMhwc5j3M2":{"chainKey":{"counter":0,"key":"5RRSfzoShkUpRdozxUgxSSdP6/KCvLArDlokEm0QNwI="},"chainType":1,"messageKeys":{}}},"pendingPreKey":{"signedKeyId":3,"baseKey":"Bb7q8FOFVBRGt+em/qxEabaPIzpn1RPG8OvuMKlIPg42","preKeyId":4175883}}},"version":"v1"}