{"_sessions":{"BZV0BzEOxzgAnYmz4OVUtjYWVwxwBS/PnIE8JxWUOAkc":{"registrationId":13011017,"currentRatchet":{"ephemeralKeyPair":{"pubKey":"BXcl9dJSq3D8aY2hdrj//YAquHbs9nvR4sDzyOVGibJS","privKey":"OFOEpYyUCC9JUzlQzxASXKDA4OikC29chYLTHL1bMUo="},"lastRemoteEphemeralKey":"BR7VY4ESEzvIoMdtDo36+o4PfLfVoIlhJZV01YdaXd88","previousCounter":0,"rootKey":"SKTKNRyNJDGoPzoRp3Vyj/T8dDeEujivbed00V2sNfw="},"indexInfo":{"baseKey":"BZV0BzEOxzgAnYmz4OVUtjYWVwxwBS/PnIE8JxWUOAkc","baseKeyType":1,"closed":-1,"used":1689735106026,"created":1689735106026,"remoteIdentityKey":"BY1mRLyMEmc9PRFCKyxvweCqd1PWlwgUg12iKYoSdywk"},"_chains":{"BXcl9dJSq3D8aY2hdrj//YAquHbs9nvR4sDzyOVGibJS":{"chainKey":{"counter":0,"key":"2ukv9n/WfI+d5MPulSccHPbs/I1KqXCdjVTI6BEiqJc="},"chainType":1,"messageKeys":{}}},"pendingPreKey":{"signedKeyId":3,"baseKey":"BZV0BzEOxzgAnYmz4OVUtjYWVwxwBS/PnIE8JxWUOAkc","preKeyId":6687200}}},"version":"v1"}