{"_sessions":{"BX+AscvbrSYEA6VCkpvDmLV1cMbwOMtRE+PTX4rcSsIj":{"registrationId":263801346,"currentRatchet":{"ephemeralKeyPair":{"pubKey":"BVmB2RNbKeqW0hoTQek3IMEH3iYXZp9MoH1bfCJ1IAcg","privKey":"QALBJVZCR9ONg3q9wb/WF1JWcfBQrWKk4B9zqnP3bmw="},"lastRemoteEphemeralKey":"BboaypKx7kvxmKNkLv81Xnp9kXH+18S7YONsMwb9Zadx","previousCounter":0,"rootKey":"kR9K5xa4ZN9qORAKfg9tpdHD06iu7ivPwzher2BAkdU="},"indexInfo":{"baseKey":"BX+AscvbrSYEA6VCkpvDmLV1cMbwOMtRE+PTX4rcSsIj","baseKeyType":1,"closed":-1,"used":1689734147614,"created":1689734147614,"remoteIdentityKey":"BdHuh4DE5F0LjhOoQYspKb5exeXQnfAxUr8t0hNA18AR"},"_chains":{"BVmB2RNbKeqW0hoTQek3IMEH3iYXZp9MoH1bfCJ1IAcg":{"chainKey":{"counter":0,"key":"FGoNn+Hs5r+x9Cx4RuiOWKLDxRdcFFY1ISIU5bQdGN8="},"chainType":1,"messageKeys":{}}},"pendingPreKey":{"signedKeyId":3,"baseKey":"BX+AscvbrSYEA6VCkpvDmLV1cMbwOMtRE+PTX4rcSsIj","preKeyId":7068049}}},"version":"v1"}