{"_sessions":{"BSDi7v/4uyc1WS4XtYYjYrSTaylFRrw7Xa6qYWbFIbFM":{"registrationId":2069632078,"currentRatchet":{"ephemeralKeyPair":{"pubKey":"BadhKmAjfnEOmfVzT2wwoldDgSmg5LDZQ5fRtM+RmagX","privKey":"SJNq2Y2Khq/+mIorzTmlqPitHH3ZRQynlqhaZnwtp2c="},"lastRemoteEphemeralKey":"BYMybAubhbbvtEhdI3+0BGmpy21j5UkMMjdiYX21B4N8","previousCounter":0,"rootKey":"r/VXlbGsW6ryUrOoLOvZtiWNK1yWaNmzN35VJvZi1p0="},"indexInfo":{"baseKey":"BSDi7v/4uyc1WS4XtYYjYrSTaylFRrw7Xa6qYWbFIbFM","baseKeyType":1,"closed":-1,"used":1689734809451,"created":1689734809451,"remoteIdentityKey":"Bet9aIm+v9fxM9JaxEyyQV8MSTmgnhnSY/rGTHS0hQ5v"},"_chains":{"BadhKmAjfnEOmfVzT2wwoldDgSmg5LDZQ5fRtM+RmagX":{"chainKey":{"counter":0,"key":"VaDo0xEvWJpR+dI6AV4Aou4+sGcBXu8DN4lb/PXaq68="},"chainType":1,"messageKeys":{}}},"pendingPreKey":{"signedKeyId":9,"baseKey":"BSDi7v/4uyc1WS4XtYYjYrSTaylFRrw7Xa6qYWbFIbFM","preKeyId":9054111}}},"version":"v1"}