{"_sessions":{"Bd+Bh0yTgWOJIElHOUhQIjcRZ5kWq1lgmgGXfXDyi3ov":{"registrationId":957985075,"currentRatchet":{"ephemeralKeyPair":{"pubKey":"BWsAXWlqiCfz1oOc/CjU0uy+Iv+fjljVc+aafGFA1FhM","privKey":"UJpXut+Sb9815f1JSxGXwQs85bZxRBvT9OAq7d3PmHw="},"lastRemoteEphemeralKey":"BYPr7d+5nTJCYkdtuJ1dzAVKuEpdaic/CIqYLCh7C8oT","previousCounter":0,"rootKey":"r3fKLrdpzO9zXJB0AwZQReljebe20FxvGY05tusEWqE="},"indexInfo":{"baseKey":"Bd+Bh0yTgWOJIElHOUhQIjcRZ5kWq1lgmgGXfXDyi3ov","baseKeyType":1,"closed":-1,"used":1689734147617,"created":1689734147617,"remoteIdentityKey":"BZbZzSja2lqmvuSVCAOb8gZ5bWZVeOOPiLaFC1l5Yv9+"},"_chains":{"BWsAXWlqiCfz1oOc/CjU0uy+Iv+fjljVc+aafGFA1FhM":{"chainKey":{"counter":0,"key":"CZ7jn5HMimfZTYGFbc32Zj3sV5uibxjawcVj5UIEFAI="},"chainType":1,"messageKeys":{}}},"pendingPreKey":{"signedKeyId":12,"baseKey":"Bd+Bh0yTgWOJIElHOUhQIjcRZ5kWq1lgmgGXfXDyi3ov","preKeyId":5152198}}},"version":"v1"}