{"_sessions":{"BcPfsI2fqcSQBY8cbiuWKOWmDfVGIO8vssuC5dwJg+gV":{"registrationId":644876554,"currentRatchet":{"ephemeralKeyPair":{"pubKey":"BTg+s0+IdtCJ5zFyuD0rynsZKNiFdg6bmr7FmIjkutcU","privKey":"AOILNsD874zDwvzA8z3+FJV4FVh910HX7oeI9bQbBk0="},"lastRemoteEphemeralKey":"BWCYDWacvrE47bMTaig1YZe/ISSH5vmmN8pl/+bwq7IP","previousCounter":0,"rootKey":"D+kms32By5iz7aH5kMbUqR8p1Eqv7WXR/CUamL1rIDs="},"indexInfo":{"baseKey":"BcPfsI2fqcSQBY8cbiuWKOWmDfVGIO8vssuC5dwJg+gV","baseKeyType":1,"closed":-1,"used":1689735106079,"created":1689735106079,"remoteIdentityKey":"BaaUvCDuMF84YnNHGElNwBda8UIn91HH+ynTI6SQ3Zc1"},"_chains":{"BTg+s0+IdtCJ5zFyuD0rynsZKNiFdg6bmr7FmIjkutcU":{"chainKey":{"counter":0,"key":"qe2bjldg8N1+HfiWpEU+jhMEnJzT2fFznwZv5twmuOc="},"chainType":1,"messageKeys":{}}},"pendingPreKey":{"signedKeyId":1,"baseKey":"BcPfsI2fqcSQBY8cbiuWKOWmDfVGIO8vssuC5dwJg+gV"}}},"version":"v1"}