{"_sessions":{"Bb+DTAbSbe5jkleft2Mtaym1Dxin13lSao9EC/o8ukZg":{"registrationId":1970630243,"currentRatchet":{"ephemeralKeyPair":{"pubKey":"BTDcEf7nqPLIJufcFb06QayqSFptepNiQMWiRDJchFtM","privKey":"8LpAA3L4sunCvvVmW8gSWuoFXuvN4lLQoNGW0neBQnQ="},"lastRemoteEphemeralKey":"BZ7aelIkwUvVL9cOpA+L8glSi3/k7Oov5XmSVj6hVe4R","previousCounter":0,"rootKey":"F3j+MJvtLxAYg3tI5FoZpDIcYNAsaNbUiOhP5EutY3c="},"indexInfo":{"baseKey":"Bb+DTAbSbe5jkleft2Mtaym1Dxin13lSao9EC/o8ukZg","baseKeyType":1,"closed":-1,"used":1689735105932,"created":1689735105932,"remoteIdentityKey":"BZe0DDUkotwJ/Ys9Z2yzoODz3Bei8T+VBT7CdZ098MJY"},"_chains":{"BTDcEf7nqPLIJufcFb06QayqSFptepNiQMWiRDJchFtM":{"chainKey":{"counter":0,"key":"Rmhv3SL+/R3PtRTqGXywUqW93qNe78dRE53kdTIqamQ="},"chainType":1,"messageKeys":{}}},"pendingPreKey":{"signedKeyId":7,"baseKey":"Bb+DTAbSbe5jkleft2Mtaym1Dxin13lSao9EC/o8ukZg"}}},"version":"v1"}