{"_sessions":{"BTpAdLVlZab7muJA9sarVvqWqpD5zOjf2b95WZmfH9In":{"registrationId":2122735553,"currentRatchet":{"ephemeralKeyPair":{"pubKey":"BW6q7+36NL3YKPAzHySRbb1JpQX/3NGaZuWTj/5b6U0W","privKey":"cLRtJwgzFK7sYThlb6akZ3EypbxYR4P+P9c3mq+15W0="},"lastRemoteEphemeralKey":"BeH0Fxi7XUZ6FshlTrITBEapqut5uZLoutXgbVWWmmUS","previousCounter":0,"rootKey":"NRpowZ3/JmkSqUoDiLc2xvdvX7cEKom1K6reGEgH5yw="},"indexInfo":{"baseKey":"BTpAdLVlZab7muJA9sarVvqWqpD5zOjf2b95WZmfH9In","baseKeyType":1,"closed":-1,"used":1689735106041,"created":1689735106041,"remoteIdentityKey":"BWMR8l54IAZMlXFVaDlNrkt7PLSbdrsvWnOg47GHBxkB"},"_chains":{"BW6q7+36NL3YKPAzHySRbb1JpQX/3NGaZuWTj/5b6U0W":{"chainKey":{"counter":0,"key":"wPMd0lqQ1Br5tuax0aYPVdSaJBqHNu4XRS4j2PpDZSI="},"chainType":1,"messageKeys":{}}},"pendingPreKey":{"signedKeyId":9,"baseKey":"BTpAdLVlZab7muJA9sarVvqWqpD5zOjf2b95WZmfH9In","preKeyId":3311023}}},"version":"v1"}