{"_sessions":{"BaKA7sgqJvZ7xVZ93rFHoUafRTvCFwGVr0zB/2MYWgVZ":{"registrationId":1281909121,"currentRatchet":{"ephemeralKeyPair":{"pubKey":"BeI6NhuyCGiLZWR+gtTARA/xgH+K19ZM+lJH1WCa3kx6","privKey":"MH14ClEL6+UugN0oWatYDRr6ndx0o58xByXdJH6gXU0="},"lastRemoteEphemeralKey":"BSrrf95u4U/g4S++QTIzlebYv+I8gbrSTrlnMngauPBn","previousCounter":0,"rootKey":"rSq0vMXVQFODHfH5jxxsk/TY2NXzuF8/dcXXmmz8kVQ="},"indexInfo":{"baseKey":"BaKA7sgqJvZ7xVZ93rFHoUafRTvCFwGVr0zB/2MYWgVZ","baseKeyType":1,"closed":-1,"used":1689734147562,"created":1689734147562,"remoteIdentityKey":"BaAEabdAWc7kYQjVjntGDcaNuGwJ65z6gsrvNufjX4Zh"},"_chains":{"BeI6NhuyCGiLZWR+gtTARA/xgH+K19ZM+lJH1WCa3kx6":{"chainKey":{"counter":0,"key":"IIIedpzM7/Nwy1Di3z7MhjA6sBrOOcz9cP5PGABJ/qo="},"chainType":1,"messageKeys":{}}},"pendingPreKey":{"signedKeyId":5021174,"baseKey":"BaKA7sgqJvZ7xVZ93rFHoUafRTvCFwGVr0zB/2MYWgVZ","preKeyId":6368}}},"version":"v1"}