{"_sessions":{"BZQA8016+qS1ZnsXVgvMmA0cknH0zqaEKgoZ1cbt53ka":{"registrationId":646903269,"currentRatchet":{"ephemeralKeyPair":{"pubKey":"BdLvMS4epqVRnW9WQBZOkQOXafurUCAUdu+UFmPpfKRD","privKey":"iGRiREUZbGrTeG6SOwXwBbu+RjjTY/aLTqfdGj1Q/UM="},"lastRemoteEphemeralKey":"BZlZbIPawnV0KRmSKmIC6UfKUUOKfQfztUpmwcazxpoX","previousCounter":0,"rootKey":"+X063qNNLon5wJvqqPono5SRVPoPTrHpnBDzcp2olJA="},"indexInfo":{"baseKey":"BZQA8016+qS1ZnsXVgvMmA0cknH0zqaEKgoZ1cbt53ka","baseKeyType":1,"closed":-1,"used":1689735106173,"created":1689735106173,"remoteIdentityKey":"BerCn4ElG0YycmCZPJy3gp+7uNG+aOjxHq89XwltDjEh"},"_chains":{"BdLvMS4epqVRnW9WQBZOkQOXafurUCAUdu+UFmPpfKRD":{"chainKey":{"counter":0,"key":"1jDuTnAPC8VRoa/nl0MWFj4VThJPfXM+X1hxoDy5TB8="},"chainType":1,"messageKeys":{}}},"pendingPreKey":{"signedKeyId":1,"baseKey":"BZQA8016+qS1ZnsXVgvMmA0cknH0zqaEKgoZ1cbt53ka"}}},"version":"v1"}