{"_sessions":{"BQUpA63DCosYulVP1QdJbbuUg+8OMDQoIyhQ8d0/j2o6":{"registrationId":817930084,"currentRatchet":{"ephemeralKeyPair":{"pubKey":"BXD3DEOCqJ/mq8LY6ndrLrd4oTf8igyJXi9NW4pK3MwX","privKey":"UARQK7a2q0Q/KhMjEKxpYStC4PGa815GXbPsq5RFjUM="},"lastRemoteEphemeralKey":"BW2sl7vo4yTBGGcBLSgvQ8qFaWf1gerZqR5sSEYM1dQt","previousCounter":0,"rootKey":"yedW9Ie/gRxOVLLyX2cSayxngtbHbPsPxXnpWIgid7E="},"indexInfo":{"baseKey":"BQUpA63DCosYulVP1QdJbbuUg+8OMDQoIyhQ8d0/j2o6","baseKeyType":2,"closed":-1,"used":1689735441603,"created":1689735441603,"remoteIdentityKey":"Bb2AOkiDjcVY+eGiMSvLJmaPlq/YzFeNVeWg4Ua0h/oL"},"_chains":{"BW2sl7vo4yTBGGcBLSgvQ8qFaWf1gerZqR5sSEYM1dQt":{"chainKey":{"counter":0,"key":"eKd6H+3uegBMgSc5pvgExWM8jAbaCXsWDus3R7ByA2Y="},"chainType":2,"messageKeys":{}},"BXD3DEOCqJ/mq8LY6ndrLrd4oTf8igyJXi9NW4pK3MwX":{"chainKey":{"counter":-1,"key":"/awl6xyX33kh7Ax5yeaVSeq/YDO2xn0bF8GxzfxlfJM="},"chainType":1,"messageKeys":{}}}}},"version":"v1"}