{"_sessions":{"BSrxN7PJUmcKiczxOD3xMy8Rkc2qX6pPv4dSFOMonPZq":{"registrationId":10785,"currentRatchet":{"ephemeralKeyPair":{"pubKey":"BXlo1Hg4OEjr4dK5CH19zmMs6Mmb8fB7VL3wg0miXZNF","privKey":"MNa3asU193tYi00usuRcTLM2DzuWeBGJm7oVk1VcF3k="},"lastRemoteEphemeralKey":"BbJDluRUXwHZXm6Dr8E+arKbiDoKEM0UJjGR1z86+olA","previousCounter":0,"rootKey":"xekVl3ZWg0Y3KOvIazB1clGJyE1bNgRTI54czKI4+iU="},"indexInfo":{"baseKey":"BSrxN7PJUmcKiczxOD3xMy8Rkc2qX6pPv4dSFOMonPZq","baseKeyType":1,"closed":-1,"used":1689734809384,"created":1689734809384,"remoteIdentityKey":"Ba1h1zXeIXQCUGpLMYdOSCNZLiBHnQrW6NNN1J7p8ul7"},"_chains":{"BXlo1Hg4OEjr4dK5CH19zmMs6Mmb8fB7VL3wg0miXZNF":{"chainKey":{"counter":0,"key":"x3GSWRrDRguMS6V+sRvbIGrrycK7fGup0NbmbFMg7gA="},"chainType":1,"messageKeys":{}}},"pendingPreKey":{"signedKeyId":1,"baseKey":"BSrxN7PJUmcKiczxOD3xMy8Rkc2qX6pPv4dSFOMonPZq","preKeyId":843}}},"version":"v1"}