{"_sessions":{"BSnqNpxVbCaE3TFM5h+C7hFTvmkLKzTgTJEqwbDcwEsO":{"registrationId":1713136250,"currentRatchet":{"ephemeralKeyPair":{"pubKey":"BWQzE9+RzsKmVfsC/ANoVvmI0idtWoq8B+EKPixjOu8v","privKey":"QEQc6D59og3F29LGjGMOHQe8YnO0sIp0tAwsOOACbnI="},"lastRemoteEphemeralKey":"BZKl2oN6vJTRseJV5zaX5VsPuotw/SN1xXdBuQf7lOk8","previousCounter":0,"rootKey":"A8lOgkQIJLL0dLQVn+EIJlxs+fkBQr1StdUAKkTOjKY="},"indexInfo":{"baseKey":"BSnqNpxVbCaE3TFM5h+C7hFTvmkLKzTgTJEqwbDcwEsO","baseKeyType":1,"closed":-1,"used":1689734809408,"created":1689734809408,"remoteIdentityKey":"BTpkOY2YxMnZN/tfNNZg0FROzwAada0s/sNaA1GdERhD"},"_chains":{"BWQzE9+RzsKmVfsC/ANoVvmI0idtWoq8B+EKPixjOu8v":{"chainKey":{"counter":0,"key":"a9nsvfD5W8rQKLwBUbhd/A5w/36iBp3wCsk/RbttbpA="},"chainType":1,"messageKeys":{}}},"pendingPreKey":{"signedKeyId":5,"baseKey":"BSnqNpxVbCaE3TFM5h+C7hFTvmkLKzTgTJEqwbDcwEsO","preKeyId":138897}}},"version":"v1"}