{"_sessions":{"BYDH7MCQwsyXOVQ6OqckgK8Exm9z7orbCyinSFSyBUVu":{"registrationId":5384,"currentRatchet":{"ephemeralKeyPair":{"pubKey":"BYYVPm7MgqNpo205MIy0LKtmBn07eZDZjDTehSsJe5tT","privKey":"MLR9xp4papiJyyxrLUD8EshledF25c/CaAvCNtURlXA="},"lastRemoteEphemeralKey":"BRZvUQFq01nETaH9bKv9bLHVhEGXPZN9C1ef2GeCRrQM","previousCounter":0,"rootKey":"+FubAET3WFg+ZKFXR2eWVfx310jfEhSYQh5ZZFerNzI="},"indexInfo":{"baseKey":"BYDH7MCQwsyXOVQ6OqckgK8Exm9z7orbCyinSFSyBUVu","baseKeyType":1,"closed":-1,"used":1689735105568,"created":1689735105568,"remoteIdentityKey":"BSUzFfEUlma3vxiGyrE/xawGa7OIXM+DOWoFQz9zp/Jl"},"_chains":{"BYYVPm7MgqNpo205MIy0LKtmBn07eZDZjDTehSsJe5tT":{"chainKey":{"counter":0,"key":"aY4KeC9xm8MgqAkrJ5lO/WvZ1rfNWVyWW2mp8/i2No4="},"chainType":1,"messageKeys":{}}},"pendingPreKey":{"signedKeyId":1,"baseKey":"BYDH7MCQwsyXOVQ6OqckgK8Exm9z7orbCyinSFSyBUVu"}}},"version":"v1"}