{"_sessions":{"BSb3fJuEet2miIemLqU7vCjB8tEoM2PD+mHQyRMyI0QG":{"registrationId":1932262534,"currentRatchet":{"ephemeralKeyPair":{"pubKey":"BR3V8cgzx7xwdMw1zmFSkImX1E49oi5KF5poOl6ad45/","privKey":"UARQqvQx42hnfKnPm7lbj17zp/HHE5DCH4zPry/ETVU="},"lastRemoteEphemeralKey":"BTyWaLmbiNZflDoR7rBOfKI6orQ5D/V9H7NZ2BacXIcY","previousCounter":0,"rootKey":"zHp/YazH/QTAJIw8s2fySEGS/uwXEmeQcRaMxTNVmz4="},"indexInfo":{"baseKey":"BSb3fJuEet2miIemLqU7vCjB8tEoM2PD+mHQyRMyI0QG","baseKeyType":1,"closed":-1,"used":1689735106344,"created":1689735106344,"remoteIdentityKey":"BUebVc2x0mgSRS7o9wp8iN/MX/jQbQjcRWi73KPZIAtR"},"_chains":{"BR3V8cgzx7xwdMw1zmFSkImX1E49oi5KF5poOl6ad45/":{"chainKey":{"counter":0,"key":"BIYyThlZEaXnJpT2zBGpNYtgpyphocRimzyaYO83Hvo="},"chainType":1,"messageKeys":{}}},"pendingPreKey":{"signedKeyId":7,"baseKey":"BSb3fJuEet2miIemLqU7vCjB8tEoM2PD+mHQyRMyI0QG","preKeyId":2925938}}},"version":"v1"}