{"_sessions":{"BY6A0zMc9iM3nM7D+hgywnRffa5IEdsYg/dCmwHW3TFG":{"registrationId":1213971748,"currentRatchet":{"ephemeralKeyPair":{"pubKey":"BZhMbG4AWjMSvYiCuS0VpCNb4OJ0OoyD3JlfSxQ/1UAp","privKey":"CE00EL4JQoXJLVu+BNmH4PwDIMRlvOSIfQUPgVS2tWY="},"lastRemoteEphemeralKey":"BZfC9vi3OLCnwT2CH4PYzTyzVSNAw42QixVFiOvVzkhr","previousCounter":0,"rootKey":"zmFso45AvAW3KvB3R6VmWnXkMSkCidDvlHXfY9ExTHk="},"indexInfo":{"baseKey":"BY6A0zMc9iM3nM7D+hgywnRffa5IEdsYg/dCmwHW3TFG","baseKeyType":1,"closed":-1,"used":1689735105984,"created":1689735105984,"remoteIdentityKey":"BaafuOU3o6VDjhTVfrS1NYyEoMZMLSt/6F2Za3BicIw5"},"_chains":{"BZhMbG4AWjMSvYiCuS0VpCNb4OJ0OoyD3JlfSxQ/1UAp":{"chainKey":{"counter":0,"key":"/AJ/UrxN0B/Q10gjRRsdMbOZWgqJDzYgcPn0VXFbmsE="},"chainType":1,"messageKeys":{}}},"pendingPreKey":{"signedKeyId":8,"baseKey":"BY6A0zMc9iM3nM7D+hgywnRffa5IEdsYg/dCmwHW3TFG","preKeyId":11587628}}},"version":"v1"}