{"_sessions":{"BT2MUAa04OmpEEnDbI6ZA1L4xYDpDCG57Ut4+kZBmiIg":{"registrationId":311691717,"currentRatchet":{"ephemeralKeyPair":{"pubKey":"BVYC41RzMdiFOzjlye83mit1xkZDyUGnfv3cGuuq//xo","privKey":"YM6KnB1TNYuJzmYz5bHrNHcDv0+vPkXu9EOsxA+HuG4="},"lastRemoteEphemeralKey":"BQI3Yn1dzRMh3/ZE7+rB3DTmpGi+EH5nGhNvq8d8dHY3","previousCounter":0,"rootKey":"PyHIFxZvjjEA8gaiHxa05e/VmBhltUvt7OBkZ+TjOIo="},"indexInfo":{"baseKey":"BT2MUAa04OmpEEnDbI6ZA1L4xYDpDCG57Ut4+kZBmiIg","baseKeyType":1,"closed":-1,"used":1689734147570,"created":1689734147570,"remoteIdentityKey":"BYYKV48OYVnKmIsRLc+dBOdXpkQiQsNHPC1ElERtnvQ0"},"_chains":{"BVYC41RzMdiFOzjlye83mit1xkZDyUGnfv3cGuuq//xo":{"chainKey":{"counter":0,"key":"DBcy1pTDJytt34SjU7bAsLH4VvAePPTp71YRCp7xv5c="},"chainType":1,"messageKeys":{}}},"pendingPreKey":{"signedKeyId":18,"baseKey":"BT2MUAa04OmpEEnDbI6ZA1L4xYDpDCG57Ut4+kZBmiIg","preKeyId":1984820}}},"version":"v1"}