{"_sessions":{"BTV+edwJrMpNSQwmTx73cwug3EI4YytgmA/Hp2a7ROkU":{"registrationId":738271005,"currentRatchet":{"ephemeralKeyPair":{"pubKey":"BZzRxSsqdt9cH8VqnxICIE+HwGZHeUziea9WR00Pr2JG","privKey":"QMH8QVwdwtjymSamfguZ5pjlDp9OslJd/S0DZAowq3k="},"lastRemoteEphemeralKey":"BTKc3Q7Sjpcj/CYsnabG3YNWkGe3oNNCxepJySZn5VYx","previousCounter":0,"rootKey":"9wOpupLsrilOaQ0dF/AA71KRHMbkk7tl8cpUmA4jOYw="},"indexInfo":{"baseKey":"BTV+edwJrMpNSQwmTx73cwug3EI4YytgmA/Hp2a7ROkU","baseKeyType":1,"closed":-1,"used":1689735106238,"created":1689735106238,"remoteIdentityKey":"BVrq0799jnS41WZy3HupblyAz4Ni21ou0tvxNWIOcth0"},"_chains":{"BZzRxSsqdt9cH8VqnxICIE+HwGZHeUziea9WR00Pr2JG":{"chainKey":{"counter":0,"key":"eD780gKV9/pdw7V4oLjxeTILGWl7ggen6WblnlDZy2k="},"chainType":1,"messageKeys":{}}},"pendingPreKey":{"signedKeyId":0,"baseKey":"BTV+edwJrMpNSQwmTx73cwug3EI4YytgmA/Hp2a7ROkU","preKeyId":16059294}}},"version":"v1"}