{"_sessions":{"BYqobANUxnaQ8gIbzBxd4suPeceAkT4Tl2gLCqXQBIRb":{"registrationId":280961068,"currentRatchet":{"ephemeralKeyPair":{"pubKey":"BYOvikTGQNsUM4AH6/j7mqlzf8J+tERSc1513q0bpsJT","privKey":"YM17ZescN76PN8Noi6NgMJI3+WsPX8KipkQGt0A02Fo="},"lastRemoteEphemeralKey":"BZ6FvtMOSXmDXt+OulPZ/V8JCybwY07wjwVib8uQilVd","previousCounter":0,"rootKey":"7AFk5lIS3+C0oimkTeNY98+iAUTSVIzU0doLm1L+gXg="},"indexInfo":{"baseKey":"BYqobANUxnaQ8gIbzBxd4suPeceAkT4Tl2gLCqXQBIRb","baseKeyType":1,"closed":-1,"used":1689734147566,"created":1689734147566,"remoteIdentityKey":"BfO3j0sWnyPxshZ32rwc6op46zH5tp2uB4OnhZjxFjhO"},"_chains":{"BYOvikTGQNsUM4AH6/j7mqlzf8J+tERSc1513q0bpsJT":{"chainKey":{"counter":1,"key":"2Pkx7mYXoC+5xRLUPZ6FfVflk7+R3CnM4Foe1HnODi0="},"chainType":1,"messageKeys":{}}},"pendingPreKey":{"signedKeyId":8,"baseKey":"BYqobANUxnaQ8gIbzBxd4suPeceAkT4Tl2gLCqXQBIRb","preKeyId":7463363}}},"version":"v1"}