{"_sessions":{"BWJR0cr5eWhCjdU8nGkKkw8kvR+YUbMy7PhZCdQxHYJA":{"registrationId":645652031,"currentRatchet":{"ephemeralKeyPair":{"pubKey":"BdnFKXESpCPG37QG6AP+6ECkU0u9Ffw36dooWnoc7+p1","privKey":"uK35SBe+zCHYlLNh1ZW5dnhyvHL1L0Qc6k6lh852alE="},"lastRemoteEphemeralKey":"BTPVrHD6xglj4OtPJ/3QADGUd55AWT5aYUPISsm3uS9x","previousCounter":0,"rootKey":"FffN04tQV6ta2OUSCqI5wxaTo3/q0XxGDCGKa2JOuJ4="},"indexInfo":{"baseKey":"BWJR0cr5eWhCjdU8nGkKkw8kvR+YUbMy7PhZCdQxHYJA","baseKeyType":1,"closed":-1,"used":1689734147577,"created":1689734147577,"remoteIdentityKey":"BeRIlgPFf/rGIROBcB0Gfm9fhS66Es2QahzWjsofkUU6"},"_chains":{"BdnFKXESpCPG37QG6AP+6ECkU0u9Ffw36dooWnoc7+p1":{"chainKey":{"counter":0,"key":"6AgJQ+t0I+9mG9o0a+zuNnAQ5f19/Lvru3EoRFnyzec="},"chainType":1,"messageKeys":{}}},"pendingPreKey":{"signedKeyId":1,"baseKey":"BWJR0cr5eWhCjdU8nGkKkw8kvR+YUbMy7PhZCdQxHYJA","preKeyId":4146180}}},"version":"v1"}