{"_sessions":{"BQQ+fOf8hoBFAkO1bcLREGeBLSl2bnYUHGapy1kDvA9U":{"registrationId":1561754939,"currentRatchet":{"ephemeralKeyPair":{"pubKey":"BSkC8g+SXB4ZyYH3d7BOp9dagIo9rfL4E8Bk5jHAvCJ/","privKey":"UKhwGJbE220M1++X7+uiSFVjFG7oNaWKNl4xT13uin4="},"lastRemoteEphemeralKey":"BcrIoJ8hHsY+KMVhVL/umTD6j/4OTg+r0CJfpw+n9Wpv","previousCounter":0,"rootKey":"HCh82aA9i0GX7sXLHuQt3GorRavwf/DhIri0gi9ixuk="},"indexInfo":{"baseKey":"BQQ+fOf8hoBFAkO1bcLREGeBLSl2bnYUHGapy1kDvA9U","baseKeyType":1,"closed":-1,"used":1689735105649,"created":1689735105649,"remoteIdentityKey":"BeCbLgJY9lWkCDWrDXTCpsB0HL5Z1cxAjmDRv8XSi1VW"},"_chains":{"BSkC8g+SXB4ZyYH3d7BOp9dagIo9rfL4E8Bk5jHAvCJ/":{"chainKey":{"counter":0,"key":"Z3YwF0FheB7xmIKSQz/oA3hXuseceeIAC6IaHeCDjCM="},"chainType":1,"messageKeys":{}}},"pendingPreKey":{"signedKeyId":0,"baseKey":"BQQ+fOf8hoBFAkO1bcLREGeBLSl2bnYUHGapy1kDvA9U"}}},"version":"v1"}