{"_sessions":{"BdTUFv2gFFrMhSw/B3nIvPwmr7188iOEeLT8w/HuQFEr":{"registrationId":1387442953,"currentRatchet":{"ephemeralKeyPair":{"pubKey":"BXHqKzK5dRKkznon95GLwrkUqmAU8kKhi+BBQipO2W0a","privKey":"6Mau+FgYVl7gw1GyD/lJ249YB9VVn49aUEaGcya5jUQ="},"lastRemoteEphemeralKey":"BZC1pCrlh7ETTmDbWJuREQbo2ApEx1Bt/g7hAn4nHn9D","previousCounter":0,"rootKey":"n+wC2tvrbdoIDhwdPjENVJIaRsNcR9iYW23//CumDSU="},"indexInfo":{"baseKey":"BdTUFv2gFFrMhSw/B3nIvPwmr7188iOEeLT8w/HuQFEr","baseKeyType":2,"closed":-1,"used":1689735654682,"created":1689735654682,"remoteIdentityKey":"Bet0JNlsbhH1/YpDasYfTXTQtkgMxuE0MYqhFZw6R7lO"},"_chains":{"BZC1pCrlh7ETTmDbWJuREQbo2ApEx1Bt/g7hAn4nHn9D":{"chainKey":{"counter":0,"key":"xNNBwwDDa2mPxAqDhGyel9zRdnU1XnxrY2EVa/9oAxA="},"chainType":2,"messageKeys":{}},"BXHqKzK5dRKkznon95GLwrkUqmAU8kKhi+BBQipO2W0a":{"chainKey":{"counter":0,"key":"y1IzTxallBm7WtW1AbWcn5+boj2B2AXfQv9d21Mf574="},"chainType":1,"messageKeys":{}}}}},"version":"v1"}