{"_sessions":{"BUyvGbAJVhJ0es1gwIXk/KMstonHBshfaeOrJXFtTHdQ":{"registrationId":1310503575,"currentRatchet":{"ephemeralKeyPair":{"pubKey":"BSXDbNMtIEJGgY6GpZuUHZ08y0hnEIBADTYkK6w1KeQz","privKey":"ELb5P2DXBNfHb9kT2FCBmDwJCEXLk8IybzRBk2ZfoXo="},"lastRemoteEphemeralKey":"BXAEl/8dWMVEnu2FdZDX2qvKb6GjeBs6UgbTIgjwSKZg","previousCounter":0,"rootKey":"pYq5vyNXYulrzPtDKR7NynMAZlfxlsSaPScRLRhYuL8="},"indexInfo":{"baseKey":"BUyvGbAJVhJ0es1gwIXk/KMstonHBshfaeOrJXFtTHdQ","baseKeyType":1,"closed":-1,"used":1689734147691,"created":1689734147691,"remoteIdentityKey":"BYuFRFRkb3vOJ5kMc4MFaopJZJWExYxi7XM5mGbfbRRC"},"_chains":{"BSXDbNMtIEJGgY6GpZuUHZ08y0hnEIBADTYkK6w1KeQz":{"chainKey":{"counter":0,"key":"zM6TEgqSuZ6lomX11EeTlRzMYTihbsijxktyHJMHeUk="},"chainType":1,"messageKeys":{}}},"pendingPreKey":{"signedKeyId":4,"baseKey":"BUyvGbAJVhJ0es1gwIXk/KMstonHBshfaeOrJXFtTHdQ","preKeyId":14345813}}},"version":"v1"}