{"_sessions":{"BfEIp+BMylOHP3poakEweTTFxvGthsi+8lKvGW83Ev9J":{"registrationId":1988460643,"currentRatchet":{"ephemeralKeyPair":{"pubKey":"Bfr1CSeXD53N3Uo6PEPnyrkEJc0npyS7wXFsFPYgiO0z","privKey":"0P4wQWj8B0GkghZSUfgTzqGk9KWZpTJM/0bnhXT9XmU="},"lastRemoteEphemeralKey":"BYKTVz+MXQJHr3k3WL4f1OIhDl5BMAF9Q3Fz04ai1Ylv","previousCounter":0,"rootKey":"94V2dIwxrXOHka+u4E5KJbME9rLM7RISrpoViOtIymE="},"indexInfo":{"baseKey":"BfEIp+BMylOHP3poakEweTTFxvGthsi+8lKvGW83Ev9J","baseKeyType":1,"closed":-1,"used":1689735106058,"created":1689735106058,"remoteIdentityKey":"BWk3+j5MnTSqGH7gJ9qtZmBk6WgfdoPO44E+ytdMX3hP"},"_chains":{"Bfr1CSeXD53N3Uo6PEPnyrkEJc0npyS7wXFsFPYgiO0z":{"chainKey":{"counter":0,"key":"Lu6uO0142N7+ZxGzs24CnyXr254t0VBFSFAZuDcZLmQ="},"chainType":1,"messageKeys":{}}},"pendingPreKey":{"signedKeyId":1,"baseKey":"BfEIp+BMylOHP3poakEweTTFxvGthsi+8lKvGW83Ev9J"}}},"version":"v1"}