{"_sessions":{"BbPTvKv8OA4zynRuFTLQUtuO4ViuRb/4FynBQrYUdWhA":{"registrationId":1693100539,"currentRatchet":{"ephemeralKeyPair":{"pubKey":"BVi3Nthon2R3zAVEQ9wT3IuCeiLEMH8dJv/B23dn0alJ","privKey":"+EpaXCH32Rh4tvIHBNfRMrYZ896Yf1jRvu/wAhQ0Cm8="},"lastRemoteEphemeralKey":"BRfHUJ13y29vfAT2xoVhNmUAGQwo+kdntcfColaG0BdB","previousCounter":0,"rootKey":"C6FapJi2dfrO8O4fwNpr1EnraKx9FX2RmrFgcNP8av4="},"indexInfo":{"baseKey":"BbPTvKv8OA4zynRuFTLQUtuO4ViuRb/4FynBQrYUdWhA","baseKeyType":1,"closed":-1,"used":1689735106147,"created":1689735106147,"remoteIdentityKey":"BXDvPzsyTcgnV8aVPzIPmVE0C7v0nQCcFsaEeQrb/gc7"},"_chains":{"BVi3Nthon2R3zAVEQ9wT3IuCeiLEMH8dJv/B23dn0alJ":{"chainKey":{"counter":0,"key":"7ru517SF+p0vry6tzS7GC6W6T0lMWVf5iYS6cUWUaW4="},"chainType":1,"messageKeys":{}}},"pendingPreKey":{"signedKeyId":3,"baseKey":"BbPTvKv8OA4zynRuFTLQUtuO4ViuRb/4FynBQrYUdWhA","preKeyId":2176429}}},"version":"v1"}