{"_sessions":{"BdNPkh+tQx/TTnsZqgVgW+qCyJsI0COjzMRQd0u0Y582":{"registrationId":1488003392,"currentRatchet":{"ephemeralKeyPair":{"pubKey":"BXdsoZgizgMQRcEZYFhMyUJK8NER+EiDv73Otb0Y0dVL","privKey":"kDyk/0TJVDD/xGQL7RK//CwSvY8lAtHWlGcoEJGD3Wo="},"lastRemoteEphemeralKey":"BWlOe9dw7PKwlu8ClAmvm/92IxspiwAECvKaAZRNnuk9","previousCounter":0,"rootKey":"5J831m2iRhHaXOggitLOhTkDJn2iT9Gze8nHzmMIty4="},"indexInfo":{"baseKey":"BdNPkh+tQx/TTnsZqgVgW+qCyJsI0COjzMRQd0u0Y582","baseKeyType":1,"closed":-1,"used":1689735105683,"created":1689735105683,"remoteIdentityKey":"BTJmAGc3fJwjYVVKig/CXBD98OF53bN9+dgpA9KMKhkL"},"_chains":{"BXdsoZgizgMQRcEZYFhMyUJK8NER+EiDv73Otb0Y0dVL":{"chainKey":{"counter":0,"key":"K/1+vYiDORWnjqDcFWwqq425uQeuqwFRKoRrsLnwMCQ="},"chainType":1,"messageKeys":{}}},"pendingPreKey":{"signedKeyId":3730698,"baseKey":"BdNPkh+tQx/TTnsZqgVgW+qCyJsI0COjzMRQd0u0Y582"}}},"version":"v1"}