{"_sessions":{"BWo61ysDlR367paSk/N0qmKS79D5sinXy6NnKjywleoY":{"registrationId":682936153,"currentRatchet":{"ephemeralKeyPair":{"pubKey":"BcCp3dOZO1uA3u0WM739yQPW3oHrvDuP6wITC9pn9HdN","privKey":"OHjxxUjunuhmLuzmyFGrh/ydkwAh+bwLNEdvInpU1Fc="},"lastRemoteEphemeralKey":"BfRRxQ9PRYn2/NfVQuRKDflj7Q5IIdRJ7Hd8kzmDfroq","previousCounter":0,"rootKey":"QjyEdrKiXrUlYitixtuqV0wRHQ7BKvPM2YuZso+IjMc="},"indexInfo":{"baseKey":"BWo61ysDlR367paSk/N0qmKS79D5sinXy6NnKjywleoY","baseKeyType":1,"closed":-1,"used":1689735105727,"created":1689735105727,"remoteIdentityKey":"BVCKh01wIyOZM/C4v3KJ8ieoorSBwxufHo2iv9KGSHo6"},"_chains":{"BcCp3dOZO1uA3u0WM739yQPW3oHrvDuP6wITC9pn9HdN":{"chainKey":{"counter":0,"key":"AkVElsIAfjDhVUgzbN/B983eyvsTd7iK3UKhqbniYfI="},"chainType":1,"messageKeys":{}}},"pendingPreKey":{"signedKeyId":1,"baseKey":"BWo61ysDlR367paSk/N0qmKS79D5sinXy6NnKjywleoY"}}},"version":"v1"}