{"_sessions":{"BfflQXP5vGq4sq5mVG4IJYSLXOrzwSkmkHzobTNhyI0O":{"registrationId":164949585,"currentRatchet":{"ephemeralKeyPair":{"pubKey":"BcAVOAYIqGYn9XAtk2Hx5hVSU7F8iUJyFAYQ9KILaOlm","privKey":"4JmIldQvrlEiSQ7OTD2u1h+Zvy8Y0LlCJOpvdc4hgkg="},"lastRemoteEphemeralKey":"BcGePgS7xUNRaScx6fLQHa8WgYc7v6oHVfaLVa3klPF0","previousCounter":0,"rootKey":"5NdIkO0hR3tYP6Xl3Dym0vyqmNfAWdEggf8GSvnjqB8="},"indexInfo":{"baseKey":"BfflQXP5vGq4sq5mVG4IJYSLXOrzwSkmkHzobTNhyI0O","baseKeyType":1,"closed":-1,"used":1689735105697,"created":1689735105697,"remoteIdentityKey":"BamwCZGOYFqhv0ir8IDwSG+idKVjRgNLcJAmW0GxoGhF"},"_chains":{"BcAVOAYIqGYn9XAtk2Hx5hVSU7F8iUJyFAYQ9KILaOlm":{"chainKey":{"counter":0,"key":"a6XOUYi4ZibtrjQujHc9kcg6Acv45Wt4O2Ss5hrM76w="},"chainType":1,"messageKeys":{}}},"pendingPreKey":{"signedKeyId":0,"baseKey":"BfflQXP5vGq4sq5mVG4IJYSLXOrzwSkmkHzobTNhyI0O"}}},"version":"v1"}