{"_sessions":{"BZGLshbHD9YxPdYEMMYMTJBl395VMG/POxg8rs8ScmU8":{"registrationId":1048448333,"currentRatchet":{"ephemeralKeyPair":{"pubKey":"BaIcGfvtEqya61YbNZEG541d4hB0w6X9B7pl/LleKX18","privKey":"UCetsfpkghTB8DzxrOxLBigCHbCdPNqu16O7qVh8tlg="},"lastRemoteEphemeralKey":"Bcolnjo58jRRZakk1GU+PRV+bPSrzmaGei5Crgc+wx8E","previousCounter":0,"rootKey":"PDCf6gFF7apgnInVV47qwlPyN2uCzxhKYf1YuUu7fpI="},"indexInfo":{"baseKey":"BZGLshbHD9YxPdYEMMYMTJBl395VMG/POxg8rs8ScmU8","baseKeyType":1,"closed":-1,"used":1689735105694,"created":1689735105694,"remoteIdentityKey":"BQa51z5ukM+defveg4y7uC2hcccak7KeToaBLW3Emnsm"},"_chains":{"BaIcGfvtEqya61YbNZEG541d4hB0w6X9B7pl/LleKX18":{"chainKey":{"counter":0,"key":"yzZFipHykSsNOeritQ9/hiONSkM5vE5X+4r3PJ9o8e0="},"chainType":1,"messageKeys":{}}},"pendingPreKey":{"signedKeyId":0,"baseKey":"BZGLshbHD9YxPdYEMMYMTJBl395VMG/POxg8rs8ScmU8","preKeyId":11046160}}},"version":"v1"}