{"_sessions":{"BebidxXw42eUf9qPlkk7tptkzF2VIcpmUznyuZ88egFc":{"registrationId":714715544,"currentRatchet":{"ephemeralKeyPair":{"pubKey":"BVDJQ6fYzBfhjPY/CxFm2QzrZZjKRKD41wQYWGm9T8h2","privKey":"eGDTUP+LR3lUDXM4yJSKB3u2jMF9XVEsPksY5XdIlGY="},"lastRemoteEphemeralKey":"BbeHFB9fElIYO64fqfPhzuglTih5K2yq/witydxYl3h7","previousCounter":0,"rootKey":"yzvlOQVxjszx7QF5Xt3zGUGIMY0bCpkwFo7q/j7uUaw="},"indexInfo":{"baseKey":"BebidxXw42eUf9qPlkk7tptkzF2VIcpmUznyuZ88egFc","baseKeyType":1,"closed":-1,"used":1689735105680,"created":1689735105680,"remoteIdentityKey":"BUy1e3wxMRI5g8i2Vpn3ECgZpieccw83WRrcgPPXJWl4"},"_chains":{"BVDJQ6fYzBfhjPY/CxFm2QzrZZjKRKD41wQYWGm9T8h2":{"chainKey":{"counter":0,"key":"kOsAPZnZHOmfnn35j+YlPdkQYufbB1lSd4cOMmVyzjk="},"chainType":1,"messageKeys":{}}},"pendingPreKey":{"signedKeyId":4699508,"baseKey":"BebidxXw42eUf9qPlkk7tptkzF2VIcpmUznyuZ88egFc"}}},"version":"v1"}