{"_sessions":{"BcJU02xTVluE4X5EC43aeJoukZWlCR6X0QrqUzCto49K":{"registrationId":126843431,"currentRatchet":{"ephemeralKeyPair":{"pubKey":"BT945bzT1hVHSXLMoC6GOlBApFClN0lGxol/mK752rAw","privKey":"ECjTpEr+fZ+YmUH++UZwO1B6vfQxF3OVuGfmEDug0kc="},"lastRemoteEphemeralKey":"BYBuyDFbRKrHVlllFX21QDmp8y9wbi3qxawTQiE9js8D","previousCounter":0,"rootKey":"mDSEGl/eOyTvXr0wySFRrIYX5kXIGmJy6JZ9HsAX+9g="},"indexInfo":{"baseKey":"BcJU02xTVluE4X5EC43aeJoukZWlCR6X0QrqUzCto49K","baseKeyType":1,"closed":-1,"used":1689735105913,"created":1689735105913,"remoteIdentityKey":"BVBbiRx86dNMQdO9OBneQF1wrnWR40C/B7QFHsBhgUV2"},"_chains":{"BT945bzT1hVHSXLMoC6GOlBApFClN0lGxol/mK752rAw":{"chainKey":{"counter":0,"key":"NPRIaCP8p+AiS2L36Nwg1SG+cXCMLIZMARN6H65yJrA="},"chainType":1,"messageKeys":{}}},"pendingPreKey":{"signedKeyId":4,"baseKey":"BcJU02xTVluE4X5EC43aeJoukZWlCR6X0QrqUzCto49K"}}},"version":"v1"}