{"_sessions":{"BVDt0JCqjLlpJIRuEfnJahp0L9zhH2N0pZnupYvJTAge":{"registrationId":1130887547,"currentRatchet":{"ephemeralKeyPair":{"pubKey":"BTCP5pGc4YK2V6URJ0hgVwund9U7ERKPoxhY2ZiBuQt9","privKey":"AFdoG0WVO5XFsWfqdI8s7R39v5WghudMoLLxoKvVeVw="},"lastRemoteEphemeralKey":"BQtqubt4RtM2Qzkc5xlHQ5aHrOtArgcrFlK/7fBM+jRT","previousCounter":0,"rootKey":"M/v1JwYXu7jPlxDVu4cnEw78Vbicn0sFvRV44857zv8="},"indexInfo":{"baseKey":"BVDt0JCqjLlpJIRuEfnJahp0L9zhH2N0pZnupYvJTAge","baseKeyType":1,"closed":-1,"used":1689735105885,"created":1689735105885,"remoteIdentityKey":"BQdOmhV7h6EXyfFhqg5z1DeihOfVeQsPezUhcPBmO34k"},"_chains":{"BTCP5pGc4YK2V6URJ0hgVwund9U7ERKPoxhY2ZiBuQt9":{"chainKey":{"counter":0,"key":"D2rUJK66tINFk9GcXAUjFsv7yBrpuJweTngnDlyCcVA="},"chainType":1,"messageKeys":{}}},"pendingPreKey":{"signedKeyId":9,"baseKey":"BVDt0JCqjLlpJIRuEfnJahp0L9zhH2N0pZnupYvJTAge","preKeyId":4901891}}},"version":"v1"}