{"_sessions":{"BfM0/C1GL+ZYFlfZqJ8XriM8v8GpAxruV/qOw9oPRthA":{"registrationId":1536629782,"currentRatchet":{"ephemeralKeyPair":{"pubKey":"BVP8ocn4ty1eDA676T4F5R6GsGCFvrEUD3ciDcNqpwtm","privKey":"QPQw+T5kYrjhpYu3nZfLl/QoRfkohpu4usS2rtA6e1w="},"lastRemoteEphemeralKey":"BWP5sbisBEMJapgvb2F2QhJcpIWJSSAXsILcdLV0JhAS","previousCounter":0,"rootKey":"z4SYAUL4S2GQLgjRDFZXPZc9MbZ1TqInRQ//OjxSfgw="},"indexInfo":{"baseKey":"BfM0/C1GL+ZYFlfZqJ8XriM8v8GpAxruV/qOw9oPRthA","baseKeyType":1,"closed":-1,"used":1689735105646,"created":1689735105646,"remoteIdentityKey":"Be3IWxjw9Km9hJ/yLUVShGDK48OAvDRe9ScJi/wXASBr"},"_chains":{"BVP8ocn4ty1eDA676T4F5R6GsGCFvrEUD3ciDcNqpwtm":{"chainKey":{"counter":0,"key":"gRZ3DQJI7r9RGf7/AwGb/Qr+619hVZTNPUNA3zNx6LQ="},"chainType":1,"messageKeys":{}}},"pendingPreKey":{"signedKeyId":149415,"baseKey":"BfM0/C1GL+ZYFlfZqJ8XriM8v8GpAxruV/qOw9oPRthA","preKeyId":7761}}},"version":"v1"}