{"_sessions":{"BeeVo68reW8FCkUoNLQ6gXAWn29MMLY+JMMdO2FlF190":{"registrationId":15640,"currentRatchet":{"ephemeralKeyPair":{"pubKey":"BW1zHlnRqbsdn6f1W2/BuFKibMR8ruYxC+uNfCPCZkNE","privKey":"CLk9W5LOb5olUze4OVOsu+1BtM7uV8mcstlOBJsLhGo="},"lastRemoteEphemeralKey":"Baedzt1pe+SvQzdZlRzzd4PBVWM9ZQhHSnV/2p5egHFD","previousCounter":0,"rootKey":"Q45lClSxrwJBfP8WnX2g30HQRnOlCtUom44/xLL8x18="},"indexInfo":{"baseKey":"BeeVo68reW8FCkUoNLQ6gXAWn29MMLY+JMMdO2FlF190","baseKeyType":1,"closed":-1,"used":1689735105515,"created":1689735105515,"remoteIdentityKey":"Bex1b01hcaIRklmj52y8tgZufgY+Omu8+jQu0oH80BsS"},"_chains":{"BW1zHlnRqbsdn6f1W2/BuFKibMR8ruYxC+uNfCPCZkNE":{"chainKey":{"counter":0,"key":"BRKyZkpp/UsOD6fBQhhAtTrT3od5CsnJtnADZeROsgI="},"chainType":1,"messageKeys":{}}},"pendingPreKey":{"signedKeyId":1,"baseKey":"BeeVo68reW8FCkUoNLQ6gXAWn29MMLY+JMMdO2FlF190"}}},"version":"v1"}