{"_sessions":{"BTDlBAgbdHLVNoTgXVft2gwX2Ku5C44tILX5a4Mvpc81":{"registrationId":1779810503,"currentRatchet":{"ephemeralKeyPair":{"pubKey":"BSmVc0O4cwicAeT20T3zd55kAXxa0qOEfCALmQGfcQpE","privKey":"aG9F9drUAn2ncxOhyMQuFBbYG/Qes4qnuBEckpLbM30="},"lastRemoteEphemeralKey":"BQTbpB7UYIWZ68rErrPxWqaZ2XrRuAATgPYZFHUsjRAh","previousCounter":0,"rootKey":"N/c+alZrbUDAvWguwpOb+3quxGKgf8jwuKqYP7N0vfA="},"indexInfo":{"baseKey":"BTDlBAgbdHLVNoTgXVft2gwX2Ku5C44tILX5a4Mvpc81","baseKeyType":1,"closed":-1,"used":1689735106090,"created":1689735106090,"remoteIdentityKey":"BXOX82/7jes7xWbxB6QlEQg7Y8hxrtJ0vaeJq4Zh5RsE"},"_chains":{"BSmVc0O4cwicAeT20T3zd55kAXxa0qOEfCALmQGfcQpE":{"chainKey":{"counter":0,"key":"OCHMakmcettZUhnTajDk9GFp4BAfB9hn5bqvyvHNizM="},"chainType":1,"messageKeys":{}}},"pendingPreKey":{"signedKeyId":5,"baseKey":"BTDlBAgbdHLVNoTgXVft2gwX2Ku5C44tILX5a4Mvpc81"}}},"version":"v1"}