{"_sessions":{"BaEtVS1TW8rp9vMb82PWMDiMyn3kpUazZywYRocldxQk":{"registrationId":1290451804,"currentRatchet":{"ephemeralKeyPair":{"pubKey":"Bcm7tJlyRx3nUPjeKEn32vtpEVnAo5fsAtzefuj0M9JD","privKey":"AF3KIvBzTES1ZQYBTuFjo8sejQ6VN8i1W3mTP16islA="},"lastRemoteEphemeralKey":"BWQNy6qAbyWZb2VH+qGvAATaThhsVFrkhlGAEj/GRIRS","previousCounter":0,"rootKey":"UvygIV+YbwoOgUr9GlFnOcceSikZXhwwGFZgkd6RFPY="},"indexInfo":{"baseKey":"BaEtVS1TW8rp9vMb82PWMDiMyn3kpUazZywYRocldxQk","baseKeyType":1,"closed":-1,"used":1689735106327,"created":1689735106327,"remoteIdentityKey":"BR9Te8RVDxzVv3tkcdPRwZN9Lgp+XnrajdSAZAmgZJpj"},"_chains":{"Bcm7tJlyRx3nUPjeKEn32vtpEVnAo5fsAtzefuj0M9JD":{"chainKey":{"counter":0,"key":"mhuv3jYNXWN0AdrvA6ncGLy+3+HJGTT8xfwc2Wmirc0="},"chainType":1,"messageKeys":{}}},"pendingPreKey":{"signedKeyId":1,"baseKey":"BaEtVS1TW8rp9vMb82PWMDiMyn3kpUazZywYRocldxQk","preKeyId":171461}}},"version":"v1"}