{"_sessions":{"BbBvU9/bRpBDnifaT98W1JnPub8PV6q0Fs91lEPLPnZl":{"registrationId":1648190486,"currentRatchet":{"ephemeralKeyPair":{"pubKey":"BbhM5+hYE3ARoLWFKOYq8dTAPcdEdiT1Pz7/Su+D5tAf","privKey":"2OEkK7CIK+J0mhobf9eyChfXxMP831Z+br2LvKbnsXo="},"lastRemoteEphemeralKey":"BY20MuCmKmNKcHt8rrnVw6938PGCg5KR8nGQW5/sNhMD","previousCounter":0,"rootKey":"XUBgnxe9VMfb7lcTeSzNuFqe05zXfoqbQWfEbXBYGQ8="},"indexInfo":{"baseKey":"BbBvU9/bRpBDnifaT98W1JnPub8PV6q0Fs91lEPLPnZl","baseKeyType":1,"closed":-1,"used":1689735105724,"created":1689735105724,"remoteIdentityKey":"BZ6nS1FKBi7jm2X1U/mpsA6QhG2Rtny83nwWkNnfbI80"},"_chains":{"BbhM5+hYE3ARoLWFKOYq8dTAPcdEdiT1Pz7/Su+D5tAf":{"chainKey":{"counter":0,"key":"aqOItTyUFCmlqCrLeVZq/H+muafjfVfK3vVrxN3j0MY="},"chainType":1,"messageKeys":{}}},"pendingPreKey":{"signedKeyId":7,"baseKey":"BbBvU9/bRpBDnifaT98W1JnPub8PV6q0Fs91lEPLPnZl","preKeyId":7638277}}},"version":"v1"}