{"_sessions":{"BboNQ8aUyvPWeG/wk76GHRyDRKJBPRz0yJmx0L89w9YZ":{"registrationId":760379575,"currentRatchet":{"ephemeralKeyPair":{"pubKey":"Bd0VPTmPt6f7i+uLrT8OfFm/x5ACTgYaZIdn/Z9Jx5BM","privKey":"2NR/9lqFQjF8TTjsnVOJBSN2TiQZHw6lGgEq5+4q4Wg="},"lastRemoteEphemeralKey":"BcNxA7WHO36GnuKmgrTqUZop+Tkkj6Q2GXFWnUHis8wP","previousCounter":0,"rootKey":"mJqncjwo6rQPaaoVjBi6pcFRBh+YNKerMedrF8/oEWw="},"indexInfo":{"baseKey":"BboNQ8aUyvPWeG/wk76GHRyDRKJBPRz0yJmx0L89w9YZ","baseKeyType":2,"closed":-1,"used":1689734945932,"created":1689734945932,"remoteIdentityKey":"BU4c4SL/Do7DR23sptXkfPYMWh3nvx31KF+SxFxZ/UYZ"},"_chains":{"BcNxA7WHO36GnuKmgrTqUZop+Tkkj6Q2GXFWnUHis8wP":{"chainKey":{"counter":0,"key":"KPlD92HtfSnlIcsByrD31hs+xDr2rSbGRlU2U8CUGRQ="},"chainType":2,"messageKeys":{}},"Bd0VPTmPt6f7i+uLrT8OfFm/x5ACTgYaZIdn/Z9Jx5BM":{"chainKey":{"counter":0,"key":"47j5An5yZWuaeBaqKsslBLOvjPnjO0w45UbjmNhe3QU="},"chainType":1,"messageKeys":{}}}}},"version":"v1"}