{"_sessions":{"BaI7xNnFSAfrHxfg4ggJzqk+W7xzuM+IVTmPD7U6OMYP":{"registrationId":447067445,"currentRatchet":{"ephemeralKeyPair":{"pubKey":"BWrIpx12Myf7w9rgjotojU/qZB1NseEK0cPRZuP4vDtD","privKey":"0J3eQ+zLFzXaYxYuNtjx4OQaUx7fO6GCJZgd7nwOZmI="},"lastRemoteEphemeralKey":"BfSUQXri7l8CCGJ4cpJNE1L6fSvGfVwhx7ZIPFcujaIj","previousCounter":0,"rootKey":"GN170GRSqCGW4aBX+TuscjyRTbEgeUwsYucwyLeXn2o="},"indexInfo":{"baseKey":"BaI7xNnFSAfrHxfg4ggJzqk+W7xzuM+IVTmPD7U6OMYP","baseKeyType":1,"closed":-1,"used":1689735105519,"created":1689735105519,"remoteIdentityKey":"BWBZDB4oAMMqYFtuTV5CHUj7L579Yifma5j5QuEd4Jlj"},"_chains":{"BWrIpx12Myf7w9rgjotojU/qZB1NseEK0cPRZuP4vDtD":{"chainKey":{"counter":0,"key":"fH1s4VO5SjLae2hVEISFO5fIgqlVM9vz9q7j/41QGeE="},"chainType":1,"messageKeys":{}}},"pendingPreKey":{"signedKeyId":0,"baseKey":"BaI7xNnFSAfrHxfg4ggJzqk+W7xzuM+IVTmPD7U6OMYP","preKeyId":14701457}}},"version":"v1"}