{"_sessions":{"Ba5YKoorEaH0q/3egMz6d5GpACp7G6uVCrKg0iKT9FcH":{"registrationId":14033,"currentRatchet":{"ephemeralKeyPair":{"pubKey":"BRGy0aYvQJHLQEM06a/4c0P9C8ymKVZwinX5W9QQELl2","privKey":"uL3L7OP5jQr14j5gND6oe3hljhZhJ9yG9Vi2dhpDx0I="},"lastRemoteEphemeralKey":"BYctN5n4ZGdhbeMbQMejutEk/tv0KDJ2TQS5Fyu6905B","previousCounter":0,"rootKey":"7IE2XwFluZcy2swz2R19QqI6z2Tb3Tci02n0pL0dvj4="},"indexInfo":{"baseKey":"Ba5YKoorEaH0q/3egMz6d5GpACp7G6uVCrKg0iKT9FcH","baseKeyType":1,"closed":-1,"used":1689734147543,"created":1689734147543,"remoteIdentityKey":"BUHwQAWds5TBtvFUrAIL97F2LN+rf5aIoA0uWsq0Qv9Q"},"_chains":{"BRGy0aYvQJHLQEM06a/4c0P9C8ymKVZwinX5W9QQELl2":{"chainKey":{"counter":0,"key":"3aD6lkw70kC7HvUJbnjT5Epltmt+KLpJIPigfRH7sB0="},"chainType":1,"messageKeys":{}}},"pendingPreKey":{"signedKeyId":1,"baseKey":"Ba5YKoorEaH0q/3egMz6d5GpACp7G6uVCrKg0iKT9FcH"}}},"version":"v1"}