{"_sessions":{"BZlWiJr248/CfYZoeXCYp4rc223uUbl/4UBk6NR+xlV8":{"registrationId":161808403,"currentRatchet":{"ephemeralKeyPair":{"pubKey":"BXKr62ZvQRssydq5W0EUAF4dmlHMxxmPZ7c/XvmtQeVs","privKey":"qLWZAyXIxasbanC0LY0r8iQh5ECvW5wz9hI4M0rlEVM="},"lastRemoteEphemeralKey":"BThoHEcImgYUyhDrdFQdtfDBJyyw+1J9HjaKfyZcuOxK","previousCounter":0,"rootKey":"n+Y2LN8aU7YRUDXepKCUZGvLlEMuEkMc26tSbNbkHk8="},"indexInfo":{"baseKey":"BZlWiJr248/CfYZoeXCYp4rc223uUbl/4UBk6NR+xlV8","baseKeyType":1,"closed":-1,"used":1689735105873,"created":1689735105873,"remoteIdentityKey":"BW7NLwwXkkUhq/Zi5+waLs8sfJpSojz7UK47+zB+dzs3"},"_chains":{"BXKr62ZvQRssydq5W0EUAF4dmlHMxxmPZ7c/XvmtQeVs":{"chainKey":{"counter":0,"key":"fQLvfBGpfRJ8YNkwvV0IorQXfPtzTX8VM9/qIzKwoCI="},"chainType":1,"messageKeys":{}}},"pendingPreKey":{"signedKeyId":6,"baseKey":"BZlWiJr248/CfYZoeXCYp4rc223uUbl/4UBk6NR+xlV8","preKeyId":4484015}}},"version":"v1"}