{"_sessions":{"BWqYcvc40tS6QPGF2miJ5MiuzNwS6onhAJLHoJKRBvNg":{"registrationId":1831720985,"currentRatchet":{"ephemeralKeyPair":{"pubKey":"BVDnYuwydub0aheWKuEv31SJx8nTmUlc2pHY6Ak6TtlQ","privKey":"YIWdCiZYaF2ik88gCCF3ALkBS9S2vYCfP2aYZXF9JEk="},"lastRemoteEphemeralKey":"BYrw0HuXc46K9KLGssbpxKjhA32GPa6wK+lVsVRRim1x","previousCounter":0,"rootKey":"1PHZzTP+0x+6IDD6ubhoDnRClyhf7xlSrhDMLFx+O2k="},"indexInfo":{"baseKey":"BWqYcvc40tS6QPGF2miJ5MiuzNwS6onhAJLHoJKRBvNg","baseKeyType":1,"closed":-1,"used":1689735105969,"created":1689735105969,"remoteIdentityKey":"BS9Vg5JVjmLrKnVWfOHCZzO1WAVprI3Jv0uUO1wmjlUW"},"_chains":{"BVDnYuwydub0aheWKuEv31SJx8nTmUlc2pHY6Ak6TtlQ":{"chainKey":{"counter":0,"key":"3G2IwA0rmzLB8cI0qL7Mwljp9kfL96dgk33TxlgWnfQ="},"chainType":1,"messageKeys":{}}},"pendingPreKey":{"signedKeyId":6,"baseKey":"BWqYcvc40tS6QPGF2miJ5MiuzNwS6onhAJLHoJKRBvNg","preKeyId":10010747}}},"version":"v1"}