{"_sessions":{"BbXPRoFdwNEs8iFF5j25PGPm6FoSXqLD14UhLF96g4gl":{"registrationId":677086425,"currentRatchet":{"ephemeralKeyPair":{"pubKey":"BU8C1iwnkeXTUsxdbDjWZi3171NNatbbvDi6OUOu4gBa","privKey":"QJn8OBA7tG7XzWKSJmQNjQ9F4Wo2X1vmX4XYKZr73FE="},"lastRemoteEphemeralKey":"BV2SfwgzizFrKxWjbLqo3QZ5YxY2YYo+fPHNWdaUZedV","previousCounter":0,"rootKey":"zXA7Ml8F+gBXDCA8jlm3WkF/wj2jPyprTk2wEwZak8U="},"indexInfo":{"baseKey":"BbXPRoFdwNEs8iFF5j25PGPm6FoSXqLD14UhLF96g4gl","baseKeyType":1,"closed":-1,"used":1689735105962,"created":1689735105962,"remoteIdentityKey":"BSN3wM4tK6pZiltVUa6OMt4/tIx7w9OLW5gIOnFCbBRU"},"_chains":{"BU8C1iwnkeXTUsxdbDjWZi3171NNatbbvDi6OUOu4gBa":{"chainKey":{"counter":0,"key":"eKU3Dv9SUQhdzA40wlFJbdlruxhG7fGisTGIhwG4Zzo="},"chainType":1,"messageKeys":{}}},"pendingPreKey":{"signedKeyId":7,"baseKey":"BbXPRoFdwNEs8iFF5j25PGPm6FoSXqLD14UhLF96g4gl","preKeyId":15368069}}},"version":"v1"}