{"_sessions":{"BX8qOwSqunlCr48aH24TrEBLI0vvM4B+u6CojDjcIrlJ":{"registrationId":1396009307,"currentRatchet":{"ephemeralKeyPair":{"pubKey":"BUOXiU4f9VSIGTj0uZiWDHaFOoNJ8yQwbgJ8JIEuMfEs","privKey":"0KGFUvRxM62/tgQGqeboKGOCVFm3NVoyIanlfRt85UY="},"lastRemoteEphemeralKey":"BcgLK/2NH78URqb2nFnkenXhuXMtUIEepOYDd23Zfkxf","previousCounter":0,"rootKey":"ZuM2rFghiNHdvECO3Lc2uTkwNzdrphGwwmAPABRvrN8="},"indexInfo":{"baseKey":"BX8qOwSqunlCr48aH24TrEBLI0vvM4B+u6CojDjcIrlJ","baseKeyType":1,"closed":-1,"used":1689734147606,"created":1689734147606,"remoteIdentityKey":"BT/Pju0kg4I+dXXypfjFF+kQdrxxQVe783wfhl2QYokN"},"_chains":{"BUOXiU4f9VSIGTj0uZiWDHaFOoNJ8yQwbgJ8JIEuMfEs":{"chainKey":{"counter":0,"key":"cNA+5tCUtuPX9cx7oIeONxCqXLsGcoP7GsRh/+LHTvI="},"chainType":1,"messageKeys":{}}},"pendingPreKey":{"signedKeyId":25,"baseKey":"BX8qOwSqunlCr48aH24TrEBLI0vvM4B+u6CojDjcIrlJ"}}},"version":"v1"}