{"_sessions":{"BZywSf4NOD/Ads+DbBVo5oWI9oNu563sMj6izgUHO4l7":{"registrationId":1959996877,"currentRatchet":{"ephemeralKeyPair":{"pubKey":"BYn8ZbcNdIyRM4ZFs7MH+0aQb0kW0aIATGX+qp9+SZJi","privKey":"2BDXEfCxyrVoS5oR+zmx8j4v8dPmFvUyFK8h11HPnnY="},"lastRemoteEphemeralKey":"BXw/di4s9EVYvIaSH7mX2c8U4+i8ztiWlBFbFbjS1kZ6","previousCounter":0,"rootKey":"PYi/DF0uk48MPFDRr1kouYmW4n3HSY0BhuP35CVmJg8="},"indexInfo":{"baseKey":"BZywSf4NOD/Ads+DbBVo5oWI9oNu563sMj6izgUHO4l7","baseKeyType":2,"closed":-1,"used":1689733474981,"created":1689733474981,"remoteIdentityKey":"BR3E0qhpgQX82hiJGEdq2AP1XqY6BAL08o6Or1FuLoId"},"_chains":{"BXw/di4s9EVYvIaSH7mX2c8U4+i8ztiWlBFbFbjS1kZ6":{"chainKey":{"counter":0,"key":"w0+TEhqTo3WaIcfTYQdX1LRVpPPvZkBOE92acJc9Gtc="},"chainType":2,"messageKeys":{}},"BYn8ZbcNdIyRM4ZFs7MH+0aQb0kW0aIATGX+qp9+SZJi":{"chainKey":{"counter":-1,"key":"PzZU6puu03I9eKS6Tzulq1qf/j4VMo0ZbYPKlNR7VYQ="},"chainType":1,"messageKeys":{}}}}},"version":"v1"}