{"_sessions":{"BQSP4bZCc6zLoHV1thUSiEUVIdTHXq1Ugs9cT0/LM28H":{"registrationId":451519076,"currentRatchet":{"ephemeralKeyPair":{"pubKey":"BVsixMCp1Nt6AXL2ahFequWA+YbOFqgZ5Fgp+vwWhhJg","privKey":"wPnN4Xvf9VIDLD+9JMzoR4pVDR1Dkzn+LCVCAWuh42o="},"lastRemoteEphemeralKey":"BVCf4GwiqCw/NrAKjgLnHbj2ZtGjh/rlQbW7JUXnk/QP","previousCounter":0,"rootKey":"y5TizLhy/UDyA7Q2JKZOQj1BcrljQ3sJDYJIqzEI9Fg="},"indexInfo":{"baseKey":"BQSP4bZCc6zLoHV1thUSiEUVIdTHXq1Ugs9cT0/LM28H","baseKeyType":1,"closed":-1,"used":1689734177929,"created":1689734110886,"remoteIdentityKey":"BV75wCcAK55nOC2iLanTwJsUcTiWnibLwYumzm1o58Yb"},"_chains":{"BVCf4GwiqCw/NrAKjgLnHbj2ZtGjh/rlQbW7JUXnk/QP":{"chainKey":{"counter":0,"key":"hfGQbbozHVR00WgON/QeNX37KYUgmv0D3Ne9pR3EDjo="},"chainType":2,"messageKeys":{}},"BVsixMCp1Nt6AXL2ahFequWA+YbOFqgZ5Fgp+vwWhhJg":{"chainKey":{"counter":-1,"key":"sxPdTvR9wSEhb6kRUrGiMs8B9NZ9O28oy4FEfXf6+X8="},"chainType":1,"messageKeys":{}}}}},"version":"v1"}