{"_sessions":{"BT0W5irw5YR+SAZvn+0s0BN45HeuBDHszSWCsXxgG2YJ":{"registrationId":624006186,"currentRatchet":{"ephemeralKeyPair":{"pubKey":"BVIl4JnRKrfr0A3IwjdGMcS7ItKX/OUOLj4a58owDh80","privKey":"oEa74Nxv27Ik0R5Fl4dz/w6LC8bvatGNeP4nCN65lmI="},"lastRemoteEphemeralKey":"Bc9WlIHh2WOjbFj4SB1duX3L3lgzHX6Ruq+p06JVsstg","previousCounter":0,"rootKey":"E7t27OJZxLjGiD6dx/wAEV/EVcgo9GYguBwUUJP3BF4="},"indexInfo":{"baseKey":"BT0W5irw5YR+SAZvn+0s0BN45HeuBDHszSWCsXxgG2YJ","baseKeyType":1,"closed":-1,"used":1689735106275,"created":1689735106275,"remoteIdentityKey":"BZ3ehHahxSCENfYvxQqvfnyOt4Ap9p1rpUcqROgs8jkb"},"_chains":{"BVIl4JnRKrfr0A3IwjdGMcS7ItKX/OUOLj4a58owDh80":{"chainKey":{"counter":0,"key":"rL9YCTlSW6I5F8xGDdSkmdZwvcCLxbcLSeroVG/zhzY="},"chainType":1,"messageKeys":{}}},"pendingPreKey":{"signedKeyId":0,"baseKey":"BT0W5irw5YR+SAZvn+0s0BN45HeuBDHszSWCsXxgG2YJ"}}},"version":"v1"}