{"_sessions":{"BUM4hbU0iLSovOHm/+q5M63BLol4NHlubUn97quLiud2":{"registrationId":1456393338,"currentRatchet":{"ephemeralKeyPair":{"pubKey":"BTMs9lRHD9dsa9GtLnc1rK/mklrtX1h5v0iCFYMBmIUQ","privKey":"WMpKPMro2k/JaVs1S7qL6DZnjxjXofwBd3paaYm42no="},"lastRemoteEphemeralKey":"BV2WsAEy4HowMO2IswZcWMZXjjOIIjobdCZySX4ieh1t","previousCounter":0,"rootKey":"+5JCgP64lrFUJCWwYjE7m1XFozixyRX/uYfga893quA="},"indexInfo":{"baseKey":"BUM4hbU0iLSovOHm/+q5M63BLol4NHlubUn97quLiud2","baseKeyType":1,"closed":-1,"used":1689734809476,"created":1689734809476,"remoteIdentityKey":"BYrtqBz0X4+eVuofC/qjnwSHpNWI/ph7nhRkApGZQCxr"},"_chains":{"BTMs9lRHD9dsa9GtLnc1rK/mklrtX1h5v0iCFYMBmIUQ":{"chainKey":{"counter":0,"key":"FgiXHw2qt6LMf2Tf4IktgXy8zrQO0OgA1nGstQ0UAnk="},"chainType":1,"messageKeys":{}}},"pendingPreKey":{"signedKeyId":7,"baseKey":"BUM4hbU0iLSovOHm/+q5M63BLol4NHlubUn97quLiud2","preKeyId":15402773}}},"version":"v1"}