{"_sessions":{"BVRsTCo36MuvZVELsL67TPEai4cA7sI1OnCm2tvQ6sB6":{"registrationId":1929700931,"currentRatchet":{"ephemeralKeyPair":{"pubKey":"BQXKtZ4c+infXzhbDNFXyNwkWcn0Bq8cbFh6RnGY6Ug1","privKey":"GCORRWgvNaFtiQnRn52YT1KiDb80w7JXDXNY9aPII0M="},"lastRemoteEphemeralKey":"BWqbchHTpwjenKUQx07jpvt5VtLLuEVEITkcSrcK8uxF","previousCounter":0,"rootKey":"6r/vV53rJ5vUe7Xa547dSDYLPMEZeAphs3JfFFyA/Z8="},"indexInfo":{"baseKey":"BVRsTCo36MuvZVELsL67TPEai4cA7sI1OnCm2tvQ6sB6","baseKeyType":1,"closed":-1,"used":1689735093811,"created":1689735028077,"remoteIdentityKey":"BToauSqPNiGe4cgVDUnvyuxJaDyKu1ByEr0RV7FGSZYF"},"_chains":{"BWqbchHTpwjenKUQx07jpvt5VtLLuEVEITkcSrcK8uxF":{"chainKey":{"counter":0,"key":"1fqDLvANYUPWDFbgVCwVKP2MiPU2fdZZpf3LaxKo4R0="},"chainType":2,"messageKeys":{}},"BQXKtZ4c+infXzhbDNFXyNwkWcn0Bq8cbFh6RnGY6Ug1":{"chainKey":{"counter":-1,"key":"utb2tFOVfc9NscFKWUcHsIAznd1CceqV+f5EhYuRpmw="},"chainType":1,"messageKeys":{}}}}},"version":"v1"}