{"_sessions":{"BTx2NseMIUhSfTaxOuxsUl8myeE9dR53JInzAhpRIvpw":{"registrationId":4064,"currentRatchet":{"ephemeralKeyPair":{"pubKey":"Bei/62jlwVi6XxjuCLy4+JxuWt+rHi3TDRsbDZMtEyh1","privKey":"oHP9H2gwhBg2GXAHJ5y8WUXfF1/wuAtA4PE+eDlOc3Q="},"lastRemoteEphemeralKey":"BTXBUYNC35wjVFcgIhCbLuiULLvgLNp3PFt0MFaz7KQu","previousCounter":0,"rootKey":"4Zsm0gV1LeMTurCQReq7zITfdN8/BNQuolANoWN0QvM="},"indexInfo":{"baseKey":"BTx2NseMIUhSfTaxOuxsUl8myeE9dR53JInzAhpRIvpw","baseKeyType":1,"closed":-1,"used":1689735105554,"created":1689735105554,"remoteIdentityKey":"BYsZgBgMUwyJZk2cwoJPwKNEjJqi1D70W4/zzHwCGsRm"},"_chains":{"Bei/62jlwVi6XxjuCLy4+JxuWt+rHi3TDRsbDZMtEyh1":{"chainKey":{"counter":0,"key":"D4aF0mWMufmxa8MasUPDzJS+TkHxswkk/DumZ/k9+8g="},"chainType":1,"messageKeys":{}}},"pendingPreKey":{"signedKeyId":1,"baseKey":"BTx2NseMIUhSfTaxOuxsUl8myeE9dR53JInzAhpRIvpw"}}},"version":"v1"}