{"_sessions":{"BbPHAqS6OJmOfFhfJA0aLeWEq8V0TgM7eQtPnrVNcG05":{"registrationId":450131020,"currentRatchet":{"ephemeralKeyPair":{"pubKey":"BTgN5c03SsSUbl81cns3ez1daulK6KvgyF2FMpcxDlMA","privKey":"aNQQmdnSaPxSm2WxwwBeNSIrcC1Cy3SoLo9pVSrW/lM="},"lastRemoteEphemeralKey":"BdwflMdXwyn0Wn5VEfW4ZbqPlfedGFGs+Y8V6WWQKdkW","previousCounter":0,"rootKey":"et5qLX+ljOwpSg0NXofGnpHKl9QkDVChjK3ezo9SMds="},"indexInfo":{"baseKey":"BbPHAqS6OJmOfFhfJA0aLeWEq8V0TgM7eQtPnrVNcG05","baseKeyType":1,"closed":-1,"used":1689734147596,"created":1689734147596,"remoteIdentityKey":"BSe1owr8HxJPG7osCDIFdNe3K6kFbNiXMe0tbab43xMk"},"_chains":{"BTgN5c03SsSUbl81cns3ez1daulK6KvgyF2FMpcxDlMA":{"chainKey":{"counter":0,"key":"1nRNsM3ejYhXwxo5raFgzvXP2wQI7gnPRfSdhe3ssmQ="},"chainType":1,"messageKeys":{}}},"pendingPreKey":{"signedKeyId":5,"baseKey":"BbPHAqS6OJmOfFhfJA0aLeWEq8V0TgM7eQtPnrVNcG05","preKeyId":5071002}}},"version":"v1"}