{"_sessions":{"BUFS6exxiepOElYcuhmd4Uc1QjylfSg0uRBr5C2FaF13":{"registrationId":12712,"currentRatchet":{"ephemeralKeyPair":{"pubKey":"BfHNyYuu9Wb3so+vwaNy0Eeph9CeV6IOnxSoemWiK9A/","privKey":"UCvwbknHCwaNfIRvASRSJq20lEtK2vf/8SzogTCM7H0="},"lastRemoteEphemeralKey":"BTRQhIoAaHlD+cCRb3rJS4xW3D5NRCYIsv8sa/y+AfRZ","previousCounter":0,"rootKey":"BYktpxvL8HpMlJCILUCUL5rfIYz/V7pvqZr8Gba9ee8="},"indexInfo":{"baseKey":"BUFS6exxiepOElYcuhmd4Uc1QjylfSg0uRBr5C2FaF13","baseKeyType":1,"closed":-1,"used":1689735105487,"created":1689735105487,"remoteIdentityKey":"BSpuqGfB0Cqi+9I9wgmzjbzoW+1xsHeizPSNg2bFpCcw"},"_chains":{"BfHNyYuu9Wb3so+vwaNy0Eeph9CeV6IOnxSoemWiK9A/":{"chainKey":{"counter":0,"key":"HRou/v39xlu3M84dfKjo2pGuZXK8W5eXrrTZezzTWvM="},"chainType":1,"messageKeys":{}}},"pendingPreKey":{"signedKeyId":1,"baseKey":"BUFS6exxiepOElYcuhmd4Uc1QjylfSg0uRBr5C2FaF13"}}},"version":"v1"}