{"_sessions":{"BbJWephEb4FiS5VakMOAzV7LvyqYyQVyo/r5HbtP5IlG":{"registrationId":1166926513,"currentRatchet":{"ephemeralKeyPair":{"pubKey":"BcY86g4M5X+x+BrYWLKt4scMGrXFLrrwF8ukz8ywIkxd","privKey":"mGxCPYVRnI6PGbqj2+JWZKKBmeZWLhFjzqnw0BGi418="},"lastRemoteEphemeralKey":"BVP8S/j5dAyXfkrGX65wanPi4Tdz9Tz+mOuAk7vYy+ZS","previousCounter":0,"rootKey":"ydwtiO/UH6W88sI8Ce1DCwKm/W2GdBtlXe5KAf/Wjh4="},"indexInfo":{"baseKey":"BbJWephEb4FiS5VakMOAzV7LvyqYyQVyo/r5HbtP5IlG","baseKeyType":1,"closed":-1,"used":1689734809395,"created":1689734809395,"remoteIdentityKey":"BWdI0CwnWBFceziOrgRpZbkibhMrr/wGJXGqziKNqek6"},"_chains":{"BcY86g4M5X+x+BrYWLKt4scMGrXFLrrwF8ukz8ywIkxd":{"chainKey":{"counter":1,"key":"y7isLOybZBtxPW3E0K8Yu9TN3QL8Gh9oDoADcaU8ugI="},"chainType":1,"messageKeys":{}}},"pendingPreKey":{"signedKeyId":1,"baseKey":"BbJWephEb4FiS5VakMOAzV7LvyqYyQVyo/r5HbtP5IlG","preKeyId":9212373}}},"version":"v1"}