{"_sessions":{"BSazp2Onlxh3sOqFZUKU1bToG/esf7WmAcSY1FjSKxBz":{"registrationId":1093554221,"currentRatchet":{"ephemeralKeyPair":{"pubKey":"BV3anCOVvAeu/3f5SVH1aHWMgpmpGRtS5qbm1V3BAM5k","privKey":"6JroU1oUZSrjapG5YjNzrbfZmJVycHk+sb73ycKWXW8="},"lastRemoteEphemeralKey":"BRnwmO/a9nNqag0+o08XJOGjU2oWY72l8BW2bMQjJ08S","previousCounter":0,"rootKey":"1E0ITORc0JVu+zROyzPV0aPy0qRnaLPLqZMTBKho/so="},"indexInfo":{"baseKey":"BSazp2Onlxh3sOqFZUKU1bToG/esf7WmAcSY1FjSKxBz","baseKeyType":1,"closed":-1,"used":1689735105734,"created":1689735105734,"remoteIdentityKey":"BWLIJmQxaqHVMDzck3UaN4W4AuoiP1qcPLXYEm68cSIe"},"_chains":{"BV3anCOVvAeu/3f5SVH1aHWMgpmpGRtS5qbm1V3BAM5k":{"chainKey":{"counter":0,"key":"8XpwYgsIo2Z9nQhq7Ftgb2vqz8lQbbyAIjHNUFBod10="},"chainType":1,"messageKeys":{}}},"pendingPreKey":{"signedKeyId":5244430,"baseKey":"BSazp2Onlxh3sOqFZUKU1bToG/esf7WmAcSY1FjSKxBz","preKeyId":3271}}},"version":"v1"}