{"_sessions":{"BdwEC2Z1Nr4MsfGhFE28Evz5yNWlE/4yQq+3a+5LbSQa":{"registrationId":814224648,"currentRatchet":{"ephemeralKeyPair":{"pubKey":"BXoHvFgCWLxRnEI4liZ1Mqjqws4dYm62Sm0q3r7boSFq","privKey":"MBxFy2cPa3Dv1JSwKDylaMusmpL9xJM64rVNVKN4aGc="},"lastRemoteEphemeralKey":"BWSUVJHe15bvIAukG6dggHHp105FCwUjNh7nfzpzSoBC","previousCounter":0,"rootKey":"FNdBSztmRuWPrqJil9JH+OnMQhQDKNWGhU29eVoRzrA="},"indexInfo":{"baseKey":"BdwEC2Z1Nr4MsfGhFE28Evz5yNWlE/4yQq+3a+5LbSQa","baseKeyType":1,"closed":-1,"used":1689734809391,"created":1689734809391,"remoteIdentityKey":"BVkec1boEoptqOg9Mb0ntOckbxpp6l/DKomOLatEMF4E"},"_chains":{"BXoHvFgCWLxRnEI4liZ1Mqjqws4dYm62Sm0q3r7boSFq":{"chainKey":{"counter":0,"key":"QatRM0bqaRavHvqd4x/jv33BECpjyZ2zR/ioGwdxsZo="},"chainType":1,"messageKeys":{}}},"pendingPreKey":{"signedKeyId":19,"baseKey":"BdwEC2Z1Nr4MsfGhFE28Evz5yNWlE/4yQq+3a+5LbSQa","preKeyId":9721426}}},"version":"v1"}