{"_sessions":{"BYduCqmlv8rKoGVyqbN0ubwMFfywZQxqbYzvxkmGnE9y":{"registrationId":511700605,"currentRatchet":{"ephemeralKeyPair":{"pubKey":"BXHNGECS54URd+/J7ub+KhYnJXnyMnlGF81wIS8DRFYx","privKey":"MNXtohRLEo0Zl0+10FrW7+Q4MSVgc7JLtkT59fUIRkI="},"lastRemoteEphemeralKey":"BenAqWZ21oENXp6Wn5htqFolow4ft/MswNtcMkL5IQcp","previousCounter":0,"rootKey":"8m1bMEouzVQ3aR2sGrCfGMRg/V+i7JaFp8Dk5t80yKc="},"indexInfo":{"baseKey":"BYduCqmlv8rKoGVyqbN0ubwMFfywZQxqbYzvxkmGnE9y","baseKeyType":1,"closed":-1,"used":1689734147640,"created":1689734147640,"remoteIdentityKey":"BarDy5sW/kASFlQPr+95b/yTTa4bMXba2u706DqdYUU4"},"_chains":{"BXHNGECS54URd+/J7ub+KhYnJXnyMnlGF81wIS8DRFYx":{"chainKey":{"counter":0,"key":"rh6Mcy2g8ziyxSiqQGieA/lgs9qMuONE/TxEAzdvS7U="},"chainType":1,"messageKeys":{}}},"pendingPreKey":{"signedKeyId":0,"baseKey":"BYduCqmlv8rKoGVyqbN0ubwMFfywZQxqbYzvxkmGnE9y","preKeyId":12964604}}},"version":"v1"}