{"_sessions":{"BTyBqUO/Rnno+TU6eTp/zvBz9K3qZkCSHMlvr2+qhRxA":{"registrationId":223166948,"currentRatchet":{"ephemeralKeyPair":{"pubKey":"BVhpEZ2+1dEI2Ce0qRbwQ6K/tjTSq0iiMo6MjvhFye1y","privKey":"oL2TStgga6Ca6ITtVGQr8L46CvvXw6TI/EP2HxXjxls="},"lastRemoteEphemeralKey":"BQ4Yqq7AUSdSxppTcWEVGkdzGuQU3QAzhNYNXr1GHOkZ","previousCounter":0,"rootKey":"FD+vDa128AG3lneGsuaynwQrQdaIj9YEnwcEWl0EYu0="},"indexInfo":{"baseKey":"BTyBqUO/Rnno+TU6eTp/zvBz9K3qZkCSHMlvr2+qhRxA","baseKeyType":1,"closed":-1,"used":1689735105620,"created":1689735105620,"remoteIdentityKey":"Bb75E36msW4KPBkplYeDa4PZWGqn5LkQwAFmeEoFnQ4h"},"_chains":{"BVhpEZ2+1dEI2Ce0qRbwQ6K/tjTSq0iiMo6MjvhFye1y":{"chainKey":{"counter":0,"key":"GTAwadTZb86rx4D0QWcp2iUm4Zna5z1eLOhH4rj3ETI="},"chainType":1,"messageKeys":{}}},"pendingPreKey":{"signedKeyId":15913465,"baseKey":"BTyBqUO/Rnno+TU6eTp/zvBz9K3qZkCSHMlvr2+qhRxA"}}},"version":"v1"}