{"_sessions":{"BbQRlxf51JYDYX2Aau6KRJcHYThlvwQXHCnweusKsRAH":{"registrationId":117582046,"currentRatchet":{"ephemeralKeyPair":{"pubKey":"BTJ2mL5U4abkm35XFuijTN4NOTAIlc9oqAW68ngsLC0i","privKey":"kONEp0Oc+N5v5KS3YN0d9TNBHvuY+PIYQXQkTUji9kA="},"lastRemoteEphemeralKey":"BQNN/sE2/gCnFJQ+KNCqdhroc5qvaCsIoeBpl/ia51kN","previousCounter":0,"rootKey":"+WlbL0D5qZPvIJMBsNROLDcV+bHsG7iJxkANNCjDrcU="},"indexInfo":{"baseKey":"BbQRlxf51JYDYX2Aau6KRJcHYThlvwQXHCnweusKsRAH","baseKeyType":1,"closed":-1,"used":1689735105590,"created":1689735105590,"remoteIdentityKey":"BRch9sP1rz+OgKaa+WSXr4K7ZF1yatXCR777Bz0MTc9k"},"_chains":{"BTJ2mL5U4abkm35XFuijTN4NOTAIlc9oqAW68ngsLC0i":{"chainKey":{"counter":0,"key":"AFygVc2yLyRxHTf3HZplZbaNz8Pz38kCoaYxL0yZ3TA="},"chainType":1,"messageKeys":{}}},"pendingPreKey":{"signedKeyId":8,"baseKey":"BbQRlxf51JYDYX2Aau6KRJcHYThlvwQXHCnweusKsRAH"}}},"version":"v1"}