{"_sessions":{"BfDYiOmOgllmE5RvdX7NEhy52osYE9mn/oGJx6nwnm4l":{"registrationId":133974998,"currentRatchet":{"ephemeralKeyPair":{"pubKey":"BWqevMjfbqOm0toTxTIXb1OlWlY745BnkBk+mwbmy+Za","privKey":"0IgV/uQmUxRnlrrxJezC5vsz59ArNiaRcmgdhnGQ6Xk="},"lastRemoteEphemeralKey":"BYxBq8JqkpJLclPlqFyxG9vvv8Im5x7FAie/roBh/d8P","previousCounter":0,"rootKey":"IaXZetJvCIxaj+3cVGRyeYCaecOpX1wVx/7rhWgqBE0="},"indexInfo":{"baseKey":"BfDYiOmOgllmE5RvdX7NEhy52osYE9mn/oGJx6nwnm4l","baseKeyType":1,"closed":-1,"used":1689735105770,"created":1689735105770,"remoteIdentityKey":"Bdzhm5mHKmOk40Z5P8ylW5SOPUGoPHgZbfvYdy5AlN1N"},"_chains":{"BWqevMjfbqOm0toTxTIXb1OlWlY745BnkBk+mwbmy+Za":{"chainKey":{"counter":0,"key":"waKOHvvS6WH8FKryeAWr37NZdftq0/rPuG/53kRYP0A="},"chainType":1,"messageKeys":{}}},"pendingPreKey":{"signedKeyId":1,"baseKey":"BfDYiOmOgllmE5RvdX7NEhy52osYE9mn/oGJx6nwnm4l","preKeyId":3140979}}},"version":"v1"}