{"_sessions":{"BfdB94+d0/J5uLzQ3PGCTBe1OpoHQ7IcBvnm+daOe68z":{"registrationId":2108860748,"currentRatchet":{"ephemeralKeyPair":{"pubKey":"BdYC3zuskgublVoenv5foAfeJv4tdqYAr3Q/LAjTKoYd","privKey":"QMvauO5t+0Eas08hBHzFHYIKEc7HvQcuJzFJYzr9n1E="},"lastRemoteEphemeralKey":"BYJ0FhRrol6UxRZDPM40tksJ3TmAQjHU/V3GGQgWy5AL","previousCounter":0,"rootKey":"UW+IUnq3yfHr4SdRpEeEPI/geoWwiErWOaC49P8asd4="},"indexInfo":{"baseKey":"BfdB94+d0/J5uLzQ3PGCTBe1OpoHQ7IcBvnm+daOe68z","baseKeyType":1,"closed":-1,"used":1689735106348,"created":1689735106348,"remoteIdentityKey":"Bb882JP43mo1kJbLHpCxwjGQ918i0s6DQs5tECKPr3dD"},"_chains":{"BdYC3zuskgublVoenv5foAfeJv4tdqYAr3Q/LAjTKoYd":{"chainKey":{"counter":0,"key":"YCzc5VwiKifLUojda0hSt5T7ADWOvNfnfm/XNFKKAgg="},"chainType":1,"messageKeys":{}}},"pendingPreKey":{"signedKeyId":9,"baseKey":"BfdB94+d0/J5uLzQ3PGCTBe1OpoHQ7IcBvnm+daOe68z","preKeyId":7324654}}},"version":"v1"}