{"_sessions":{"BUV3aIE95W8Ovfb6IBwLPzu/rQH1R1vzSUJQ19pIR/gh":{"registrationId":1859875878,"currentRatchet":{"ephemeralKeyPair":{"pubKey":"BSIg+6jcpj4jd+DaAmawyaGjAEneToaOb/7BKi+DTu1h","privKey":"yEeQMm0U62oaE5AunFp2WtlcuvlK3DIziQME3zfNVmw="},"lastRemoteEphemeralKey":"BaQJ2ndweo4FW4ZJijFQTdJxnDocFGZZuECeSXCcYJhm","previousCounter":0,"rootKey":"bILZPYDPt5dI4mayVj8LVondlS+srz56NAP4ytcP+Qg="},"indexInfo":{"baseKey":"BUV3aIE95W8Ovfb6IBwLPzu/rQH1R1vzSUJQ19pIR/gh","baseKeyType":1,"closed":-1,"used":1689735106177,"created":1689735106177,"remoteIdentityKey":"Bb+Rr2gOQkprXdvqeeV0G7MNUYdBvAdUKyY1DHIexBUS"},"_chains":{"BSIg+6jcpj4jd+DaAmawyaGjAEneToaOb/7BKi+DTu1h":{"chainKey":{"counter":0,"key":"J8NYL9M7HQ5hR0m6LcZbrEMEODoM2QzyZLqjA6pPm+g="},"chainType":1,"messageKeys":{}}},"pendingPreKey":{"signedKeyId":7,"baseKey":"BUV3aIE95W8Ovfb6IBwLPzu/rQH1R1vzSUJQ19pIR/gh","preKeyId":8211896}}},"version":"v1"}