{"_sessions":{"BcjVK7mKj9U0d/yOjz5SlLG94Pi2I+A9e2rdqDuh2d9u":{"registrationId":810287997,"currentRatchet":{"ephemeralKeyPair":{"pubKey":"BXDaWFui0fisKfOmeyHXTVRiHnb4Xn2yCPsFjT073AB9","privKey":"kFb8ZlSADVoA2OLQX2n2ZaCgHz2MCYVuDxEXrGBRin4="},"lastRemoteEphemeralKey":"BdKyVKz44EKO5ivXuDRJTECwlER6m2Q9JWd5izZjO+Z1","previousCounter":0,"rootKey":"zIh55E3GYYKXXEiiu6yzZzQB3IoFjK74sDmpCXzb9b4="},"indexInfo":{"baseKey":"BcjVK7mKj9U0d/yOjz5SlLG94Pi2I+A9e2rdqDuh2d9u","baseKeyType":1,"closed":-1,"used":1689734147581,"created":1689734147581,"remoteIdentityKey":"BUb7cpXTmmLlgDpPSUCRyIwPo2nuCIYxywvOqCaw2wVZ"},"_chains":{"BXDaWFui0fisKfOmeyHXTVRiHnb4Xn2yCPsFjT073AB9":{"chainKey":{"counter":0,"key":"vyPCDKd7SWFNlFvVjAxr+lO5zYNkm6JZ8ng7aHT8q5o="},"chainType":1,"messageKeys":{}}},"pendingPreKey":{"signedKeyId":3,"baseKey":"BcjVK7mKj9U0d/yOjz5SlLG94Pi2I+A9e2rdqDuh2d9u","preKeyId":14777743}}},"version":"v1"}