{"_sessions":{"BZV5VVv4oWFSI+tcZUBEUTxYA+4WfsDWR8fC8JNFTA9m":{"registrationId":138917414,"currentRatchet":{"ephemeralKeyPair":{"pubKey":"Bf6MPQjhSImCSEBpQKCb/hgY0cP6RwBD+Fhpw3kFLedp","privKey":"sHJn7Bz2tUlz3ioytayJIw5kbmKBpEUW0U/LoHjIoXw="},"lastRemoteEphemeralKey":"BcHp4U/M1xwfjgfNeVZowbKc52OqZuNniqoke2JJwC0O","previousCounter":0,"rootKey":"ONPltuJ5jygj34LAX/smfZsW5ym63sII+YImyDIHG8M="},"indexInfo":{"baseKey":"BZV5VVv4oWFSI+tcZUBEUTxYA+4WfsDWR8fC8JNFTA9m","baseKeyType":1,"closed":-1,"used":1689733338574,"created":1689733338574,"remoteIdentityKey":"BY1HAaVb/jR25npZ4RAQ6koXxRAiUENbosb5FE7P6nl3"},"_chains":{"Bf6MPQjhSImCSEBpQKCb/hgY0cP6RwBD+Fhpw3kFLedp":{"chainKey":{"counter":0,"key":"CX/0zx1vOrbLXpfqhFoy78+whR0q8T09LRXjOvOKeUc="},"chainType":1,"messageKeys":{}}},"pendingPreKey":{"signedKeyId":22,"baseKey":"BZV5VVv4oWFSI+tcZUBEUTxYA+4WfsDWR8fC8JNFTA9m","preKeyId":13481028}}},"version":"v1"}