{"_sessions":{"BSNPj1cs3MZIl4vnwACtkdZsic9EOIZS8YP51/TKRjkc":{"registrationId":1292704180,"currentRatchet":{"ephemeralKeyPair":{"pubKey":"Bd3Z1q7JXYVjrxVaCmnlD6WuJ5qz4JFg1SI4r5LU6Yk1","privKey":"APxGCfIj45dki6oHW2zVRnDIVFzFkpLE66MsKGVK6XM="},"lastRemoteEphemeralKey":"BXq76J/dfRuddmZOMtVbE+TtXsdzt0TtpFeuxKfpzDgG","previousCounter":0,"rootKey":"O+/8EdBmyH5PcnAohgbp4Iy7J+4bbPCmPjyJAYll+BA="},"indexInfo":{"baseKey":"BSNPj1cs3MZIl4vnwACtkdZsic9EOIZS8YP51/TKRjkc","baseKeyType":1,"closed":-1,"used":1689735105830,"created":1689735105830,"remoteIdentityKey":"BXtBwVKcpMtQrJV2XYcH7qUBHntJM4BvRlLLZlCKnMVm"},"_chains":{"Bd3Z1q7JXYVjrxVaCmnlD6WuJ5qz4JFg1SI4r5LU6Yk1":{"chainKey":{"counter":0,"key":"p8a1mb+1YANHjIBLgpQ2ZxVr1o84zMpjskGwER4+1qQ="},"chainType":1,"messageKeys":{}}},"pendingPreKey":{"signedKeyId":19,"baseKey":"BSNPj1cs3MZIl4vnwACtkdZsic9EOIZS8YP51/TKRjkc","preKeyId":4209292}}},"version":"v1"}