{"_sessions":{"BfcBRfbFr1fFodtoOo89pRUS+JJrFhG2kBkvgYj3O6Mv":{"registrationId":1028209823,"currentRatchet":{"ephemeralKeyPair":{"pubKey":"Bdz1Gx3+HUd5CPjAKYtEkOQLvnnVmxOm0un+okXxNFEP","privKey":"kCyiZSK3qEupbGSJzAeU2+nrahIgt1F7BcmyUmC1jm4="},"lastRemoteEphemeralKey":"BUCmuiXaJSbP+YOOv/uoUshTJb8rpzw9iZo9wvImPm90","previousCounter":0,"rootKey":"8eyaCYp3kL1cIvqswIOBY8kYLMRzCjYlJ8Netus2V7I="},"indexInfo":{"baseKey":"BfcBRfbFr1fFodtoOo89pRUS+JJrFhG2kBkvgYj3O6Mv","baseKeyType":2,"closed":-1,"used":1689733906776,"created":1689733906776,"remoteIdentityKey":"BVBWuOe1tUr9lnaqoBy2WO55sLsxzWljbfWTZfq3UH8S"},"_chains":{"BUCmuiXaJSbP+YOOv/uoUshTJb8rpzw9iZo9wvImPm90":{"chainKey":{"counter":0,"key":"1oLrSu0V/peely7O9deIpqdinyfr7GFGcbnVV4ZsNzk="},"chainType":2,"messageKeys":{}},"Bdz1Gx3+HUd5CPjAKYtEkOQLvnnVmxOm0un+okXxNFEP":{"chainKey":{"counter":-1,"key":"yTc9N7KV6KL+XFZUTFVOjylD5IdgKZL1QUxuLYokAgo="},"chainType":1,"messageKeys":{}}}}},"version":"v1"}