{"_sessions":{"Ba+pXYJx58mf/Rc8lGP7WxCxyclAX57JmX//t2jUI44M":{"registrationId":1175115355,"currentRatchet":{"ephemeralKeyPair":{"pubKey":"Bc5QslWHd2I20j2VxqWI9kgEpvWCiEHaECxkjn6jL45F","privKey":"AP6bB0Og4PQPf1Iqaz49hs8lyObU2O28aHQ9xADD+lw="},"lastRemoteEphemeralKey":"BXgADubggkpVxBwZ8YVC/ZmgsjMsr8e8BVKqz5QzZeUY","previousCounter":0,"rootKey":"kGpliO7qp92DbMmRdOOEKrszo7I39CiQkg6Vb4zgLik="},"indexInfo":{"baseKey":"Ba+pXYJx58mf/Rc8lGP7WxCxyclAX57JmX//t2jUI44M","baseKeyType":1,"closed":-1,"used":1689735105818,"created":1689735105818,"remoteIdentityKey":"BUJ27ZgXqPoXh/wKsyrBU6DcYnADCsDs4Ro6yJXvEowb"},"_chains":{"Bc5QslWHd2I20j2VxqWI9kgEpvWCiEHaECxkjn6jL45F":{"chainKey":{"counter":0,"key":"U0/cFSY3elplHW6Qp63yiMFEkoa/66sAYydfxrlBq5s="},"chainType":1,"messageKeys":{}}},"pendingPreKey":{"signedKeyId":11,"baseKey":"Ba+pXYJx58mf/Rc8lGP7WxCxyclAX57JmX//t2jUI44M","preKeyId":9297035}}},"version":"v1"}