{"_sessions":{"BT4watVm9T/UgXLKNoPVOu21DZ4Oq+YUSP1mT8dNW2xk":{"registrationId":782002091,"currentRatchet":{"ephemeralKeyPair":{"pubKey":"BSLjbCXRDu0ZNEzZiJB5aaKAXnu9lJ9lsYyyva/SyxEP","privKey":"WKa0af+3GDrRAiuunK4EbJAnyAQaqA86ZKpbiipGoXM="},"lastRemoteEphemeralKey":"BS2qH6oBCVvLXidaV2VM0LE//mFuWHdCqxMxoCf+yiQW","previousCounter":0,"rootKey":"n5L52wzo8+E83kUXSKBNpmNlOc26PXOxfKtRK5SSd+0="},"indexInfo":{"baseKey":"BT4watVm9T/UgXLKNoPVOu21DZ4Oq+YUSP1mT8dNW2xk","baseKeyType":1,"closed":-1,"used":1689735105501,"created":1689735105501,"remoteIdentityKey":"BSb95KS8QLfTc4ICPZkSqDp4AZKbyqqePgAum9NB0HNs"},"_chains":{"BSLjbCXRDu0ZNEzZiJB5aaKAXnu9lJ9lsYyyva/SyxEP":{"chainKey":{"counter":0,"key":"VYvwme0pzsBhonyous2eVmbhmjjZPzC5ZYj7evuNP6g="},"chainType":1,"messageKeys":{}}},"pendingPreKey":{"signedKeyId":2,"baseKey":"BT4watVm9T/UgXLKNoPVOu21DZ4Oq+YUSP1mT8dNW2xk"}}},"version":"v1"}