{"_sessions":{"BV8K0jqJgakfKE+KTmh1xKo4WiXLpU2oTkVJbJgHzJF5":{"registrationId":565789750,"currentRatchet":{"ephemeralKeyPair":{"pubKey":"BXfC6OQCSO2qa75ObTO7Tq/mX2xciTfBqSezMt7wLLFx","privKey":"4L6cCzerQ/Pf/wNH0pXvnLjIrmSfrtjdFB69dsRbM1A="},"lastRemoteEphemeralKey":"BRgmQi5jeLz98+wKRVo1eClwaRCQC/kdr4QLwjdjsPMF","previousCounter":0,"rootKey":"wtwtZb/KXB93eKmGB7JC0rXBqbixDItdIQM14W15Cqk="},"indexInfo":{"baseKey":"BV8K0jqJgakfKE+KTmh1xKo4WiXLpU2oTkVJbJgHzJF5","baseKeyType":1,"closed":-1,"used":1689735106164,"created":1689735106164,"remoteIdentityKey":"BQ6JRHncPxJOSr1cUlQDAlvOLAHKPT59vjr3oG3aVcIW"},"_chains":{"BXfC6OQCSO2qa75ObTO7Tq/mX2xciTfBqSezMt7wLLFx":{"chainKey":{"counter":0,"key":"uZIBRX+/ylKcu318gjNpYTyJIu9Vk8wc9aIsooWaHjY="},"chainType":1,"messageKeys":{}}},"pendingPreKey":{"signedKeyId":3,"baseKey":"BV8K0jqJgakfKE+KTmh1xKo4WiXLpU2oTkVJbJgHzJF5","preKeyId":15813995}}},"version":"v1"}