{"_sessions":{"BT5w/tDBP3U7NL90+acTmKzeJvjrwqyJwJyyLzCZbSEN":{"registrationId":350310353,"currentRatchet":{"ephemeralKeyPair":{"pubKey":"BVA2+e6oplkWL/E2GXFbEC5pc/Z+o/C67I1u9E+a05J9","privKey":"QOgSaJwXs2G8VdCrMCgDVlACIlGnWHrfM1uw133QLWU="},"lastRemoteEphemeralKey":"BaJ8zbVwM9mZzhrMx/QluFLHeF3/7jmHqAjOAwiISMVH","previousCounter":0,"rootKey":"Hl/CT3qnknlv6ASXw3DYqQJozZBVsQPMJ88EIacEboM="},"indexInfo":{"baseKey":"BT5w/tDBP3U7NL90+acTmKzeJvjrwqyJwJyyLzCZbSEN","baseKeyType":1,"closed":-1,"used":1689735106115,"created":1689735106115,"remoteIdentityKey":"BTfUdAF6KBwpQW1zohsbamo9wBfJX8P2zMaQeNxxvwt4"},"_chains":{"BVA2+e6oplkWL/E2GXFbEC5pc/Z+o/C67I1u9E+a05J9":{"chainKey":{"counter":0,"key":"M0KnSYJ/vliyZYQnnYL+mBrkjgG5aXH9MpB38uYBOsQ="},"chainType":1,"messageKeys":{}}},"pendingPreKey":{"signedKeyId":6589618,"baseKey":"BT5w/tDBP3U7NL90+acTmKzeJvjrwqyJwJyyLzCZbSEN"}}},"version":"v1"}