{"_sessions":{"BRzbtMbBeNPyd8LgLBStBFAWK6X5khdDEt2Tpf0qtQBA":{"registrationId":1154069343,"currentRatchet":{"ephemeralKeyPair":{"pubKey":"BT/yY38jIyuWKsAYp+vX8t15tUvSlCiXEwuUAUeqsn0J","privKey":"aGJ1eOyhrEcjIn/ajrVWAsCdULQWNNnKyPZaMIlQP1U="},"lastRemoteEphemeralKey":"BeLW9gAx2OFh5sLAJoGph0EdXgkr0Q7bcEIY+gmgunJu","previousCounter":0,"rootKey":"ayD7RHdNU2d/b+pZRrUXOY1QDLnUhjz0920YMawx0rU="},"indexInfo":{"baseKey":"BRzbtMbBeNPyd8LgLBStBFAWK6X5khdDEt2Tpf0qtQBA","baseKeyType":1,"closed":-1,"used":1689734809436,"created":1689734809436,"remoteIdentityKey":"Beo8wAMBXtrI9KaxzFtlMZZ2RNC+9a5PBB8BxE78/3sI"},"_chains":{"BT/yY38jIyuWKsAYp+vX8t15tUvSlCiXEwuUAUeqsn0J":{"chainKey":{"counter":0,"key":"HxXbVJcRXIz9j5DQmtJYx9opcOMyi0J1hBLqiCPr+4I="},"chainType":1,"messageKeys":{}}},"pendingPreKey":{"signedKeyId":31,"baseKey":"BRzbtMbBeNPyd8LgLBStBFAWK6X5khdDEt2Tpf0qtQBA","preKeyId":5210072}}},"version":"v1"}