{"_sessions":{"BU/fDYXUEq97fLLROFWxcaoLXw/a0m+OTRE6QRvEz4hN":{"registrationId":1479862298,"currentRatchet":{"ephemeralKeyPair":{"pubKey":"BbBibDdBlBfHJPHik6C76olWNMhwAPsCImt9jaSIxC9h","privKey":"YPQj/fTv0QJBNdluGlXDjBCXnv4JoCEPmDTUYxh0qWQ="},"lastRemoteEphemeralKey":"BZ3zK9dxHnZg9Ua+8VuawB2WXaKCmKuzRSCgSOCOPjVc","previousCounter":0,"rootKey":"k1MnizMarVfpfyVRy5eG+nzYnmEGHbfhf80lZEWD9VM="},"indexInfo":{"baseKey":"BU/fDYXUEq97fLLROFWxcaoLXw/a0m+OTRE6QRvEz4hN","baseKeyType":1,"closed":-1,"used":1689735105631,"created":1689735105631,"remoteIdentityKey":"BVc2EcLZ9EUXzCllLgz88M5VS6TN3s1oV2neRVQt6/FA"},"_chains":{"BbBibDdBlBfHJPHik6C76olWNMhwAPsCImt9jaSIxC9h":{"chainKey":{"counter":0,"key":"ZJfVDmrymWzKtX8gFyZWjKY+0VjkiwZso2T4JJGT8f4="},"chainType":1,"messageKeys":{}}},"pendingPreKey":{"signedKeyId":12466344,"baseKey":"BU/fDYXUEq97fLLROFWxcaoLXw/a0m+OTRE6QRvEz4hN","preKeyId":11629}}},"version":"v1"}