{"_sessions":{"BRnw1xZeTct9XE39VbsZvkWNy0bXpN/JB5ANHJnvEr1v":{"registrationId":10415,"currentRatchet":{"ephemeralKeyPair":{"pubKey":"BfSOCUNyaTNbHMj70lbf48ccgd3YKPJxE0BKuj7OLKMh","privKey":"uM+4oXBAw7Uwtqtw9GMcN3lEZHWNsqjxwURFZoD7sko="},"lastRemoteEphemeralKey":"BRq0KWC1k/GWepUbmIBT7zofc2kHIDEGXtCtU9m2XMMb","previousCounter":0,"rootKey":"c2yr+18Irv3aD82a0SN6K1vvFeaG3GzMSiD51rlb2dM="},"indexInfo":{"baseKey":"BRnw1xZeTct9XE39VbsZvkWNy0bXpN/JB5ANHJnvEr1v","baseKeyType":1,"closed":-1,"used":1689736595891,"created":1689736595891,"remoteIdentityKey":"BbG7dPlVHqRzDChEu81VYL2ho+PdvYirR2thnrOG4cNV"},"_chains":{"BfSOCUNyaTNbHMj70lbf48ccgd3YKPJxE0BKuj7OLKMh":{"chainKey":{"counter":3,"key":"48DEX3/F9T3nwKVr63xF9iv/2BAJbS+jpV5Ik2nNEqI="},"chainType":1,"messageKeys":{}}},"pendingPreKey":{"signedKeyId":1,"baseKey":"BRnw1xZeTct9XE39VbsZvkWNy0bXpN/JB5ANHJnvEr1v","preKeyId":151}}},"version":"v1"}