{"_sessions":{"BXB35h5onv/RE/L4DSA5uOIyQUi5E4tTNTL693cVTVwr":{"registrationId":133638120,"currentRatchet":{"ephemeralKeyPair":{"pubKey":"BT+R0PFggYRJ9MfIgdLoS0kdmWGIPWPfioTdr5PmqqsT","privKey":"cOST8fZwZLBuKhsWSN7RYR2U9Zdf8IVKi43WzF3s7Gg="},"lastRemoteEphemeralKey":"BYlc4fqRMsk1k/W3fomkZPJcaD+8CxybZKI8CKG82sRK","previousCounter":0,"rootKey":"MqKST2UbNLJT/L7vx/3gQzUoBusRIvB03qYsCnc4ABM="},"indexInfo":{"baseKey":"BXB35h5onv/RE/L4DSA5uOIyQUi5E4tTNTL693cVTVwr","baseKeyType":1,"closed":-1,"used":1689735102799,"created":1689734809401,"remoteIdentityKey":"BTpTQKhVlfn33BW/8X4iHMc3kBG3/spnNbjpY1R2Bkku"},"_chains":{"BYlc4fqRMsk1k/W3fomkZPJcaD+8CxybZKI8CKG82sRK":{"chainKey":{"counter":1,"key":"zCs081Ak11WFNqBN6xwgs2iPyyuC5Jbbev7el3Fij/c="},"chainType":2,"messageKeys":{}},"BT+R0PFggYRJ9MfIgdLoS0kdmWGIPWPfioTdr5PmqqsT":{"chainKey":{"counter":0,"key":"dtilOmiGNw3Y5UNr+8xBRYaW5P4jZj0d/p0KnvUFnVw="},"chainType":1,"messageKeys":{}}}}},"version":"v1"}