{"_sessions":{"BfPeTUDE5mJuAZy9uxHxrEFlP2oscTNCM7k7eJmmzi9F":{"registrationId":1228499441,"currentRatchet":{"ephemeralKeyPair":{"pubKey":"BSAH1PcYEC4QPHz0eN5d00ZXa+qLKcVNnB5g2BUGLnVJ","privKey":"yN/hDPkAH1Pzc41NRGAjLX/YTz3kg7ZZ0grvHy2/BVI="},"lastRemoteEphemeralKey":"BcdZRLSREbkC2gGp/HgHy6fz99L88dUwUnf7LPAgjg9A","previousCounter":0,"rootKey":"YOl1+eX29OlKje+CvkZUGDDRsfCiuqIwn8qc1eHW5oQ="},"indexInfo":{"baseKey":"BfPeTUDE5mJuAZy9uxHxrEFlP2oscTNCM7k7eJmmzi9F","baseKeyType":1,"closed":-1,"used":1689734147584,"created":1689734147584,"remoteIdentityKey":"BcKu/dQsaJxEKyffhgW9hBn2e7gfPFVEd93hVWmkUwoZ"},"_chains":{"BSAH1PcYEC4QPHz0eN5d00ZXa+qLKcVNnB5g2BUGLnVJ":{"chainKey":{"counter":0,"key":"Bg9Y0TkvP3PmwYCDRu6S0zoaQNpjztkh854GvVUHGK8="},"chainType":1,"messageKeys":{}}},"pendingPreKey":{"signedKeyId":8,"baseKey":"BfPeTUDE5mJuAZy9uxHxrEFlP2oscTNCM7k7eJmmzi9F","preKeyId":2596098}}},"version":"v1"}