{"_sessions":{"BdCjSBwJTTMI0v1WoATcA+yTt4O5ouV4YWBpLCoRDKVm":{"registrationId":11541,"currentRatchet":{"ephemeralKeyPair":{"pubKey":"BcGDOC1aPhbT9Be9se62TInR2iLHGnNVxShch/nyB7QB","privKey":"4Nf+WdFhJOzJU+ZuzH00097nTxkTlrfZVL9Kl3f3OkI="},"lastRemoteEphemeralKey":"BaayCS9EEVTrj4TMpW70UZpGfzvuBkkHyadyEDx8NF5P","previousCounter":0,"rootKey":"sXRajeyE6I5pobWgo2oZU2huL0nIxm4svYo5ouNyFno="},"indexInfo":{"baseKey":"BdCjSBwJTTMI0v1WoATcA+yTt4O5ouV4YWBpLCoRDKVm","baseKeyType":1,"closed":-1,"used":1689733338557,"created":1689733338557,"remoteIdentityKey":"BeGbpKwozPeVLsPSOrpYn9JXj+AtS2q4/N1rXy2jn18c"},"_chains":{"BcGDOC1aPhbT9Be9se62TInR2iLHGnNVxShch/nyB7QB":{"chainKey":{"counter":0,"key":"hlBOPFtx5rnX7htaD0dpauWEbfH3Y3bR6U85sZ4ROLg="},"chainType":1,"messageKeys":{}}},"pendingPreKey":{"signedKeyId":1,"baseKey":"BdCjSBwJTTMI0v1WoATcA+yTt4O5ouV4YWBpLCoRDKVm"}}},"version":"v1"}