{"_sessions":{"BVVcT+sMAiOJB9lQup9KtdbzMPdsjLGpmaweEExP0vkX":{"registrationId":1989011806,"currentRatchet":{"ephemeralKeyPair":{"pubKey":"BSmoWgD3MoW1XRkulCRcJSlsbJgu9RNdvbVGdJvCEY4S","privKey":"EJ95zJaXsDGTQaQCedl/iJmtwdyWEAYUqNcyu3EGhlQ="},"lastRemoteEphemeralKey":"BZUbovdR/KBfh4xVduhYUPsbix8JDWBtMF/O0601umkF","previousCounter":0,"rootKey":"9RvV0wpEqBX0WQ+Ge2y2As9H+hCLBv1Y9BxzxnQe1Sc="},"indexInfo":{"baseKey":"BVVcT+sMAiOJB9lQup9KtdbzMPdsjLGpmaweEExP0vkX","baseKeyType":1,"closed":-1,"used":1689735106068,"created":1689735106068,"remoteIdentityKey":"BcJllaOEnplucyHT9xbLvQlwVPKRi6Y6QURtUvomoj8Z"},"_chains":{"BSmoWgD3MoW1XRkulCRcJSlsbJgu9RNdvbVGdJvCEY4S":{"chainKey":{"counter":0,"key":"WXdN4to1YGpkS/Q33n7B4Xy/Tcxefkox+cXzVtxcKcE="},"chainType":1,"messageKeys":{}}},"pendingPreKey":{"signedKeyId":2,"baseKey":"BVVcT+sMAiOJB9lQup9KtdbzMPdsjLGpmaweEExP0vkX"}}},"version":"v1"}