{"_sessions":{"Bb9gdmjfQBPiyx4AokBldeq6Yf67tjGG6y5KuVhFjjg9":{"registrationId":2726,"currentRatchet":{"ephemeralKeyPair":{"pubKey":"Bfz8vd2eGIvoXxIrAnAmEsiSFfkt2nzdJaojHFZXT7pw","privKey":"yAXt1YWVTsUV9XXxqWtmcikXa9aWgdsOaedtXJmHMmQ="},"lastRemoteEphemeralKey":"BZplAetj8vTRo17Q2Ga0x5Lsmf+pCfEZO2lPiPUankFs","previousCounter":0,"rootKey":"DcvI2oTQ10Gt2fmca1ISibg7xHBaFL1ItgL/vJRtGHs="},"indexInfo":{"baseKey":"Bb9gdmjfQBPiyx4AokBldeq6Yf67tjGG6y5KuVhFjjg9","baseKeyType":1,"closed":-1,"used":1689735105600,"created":1689735105600,"remoteIdentityKey":"BWgQ3MSH0/dTkQfqXzylQindMan17JR00eDzBRXW7zgA"},"_chains":{"Bfz8vd2eGIvoXxIrAnAmEsiSFfkt2nzdJaojHFZXT7pw":{"chainKey":{"counter":0,"key":"pX9Nohd0Xi7MmW+z1FIHn2F6noa175dZPjAmHRVcvs0="},"chainType":1,"messageKeys":{}}},"pendingPreKey":{"signedKeyId":1,"baseKey":"Bb9gdmjfQBPiyx4AokBldeq6Yf67tjGG6y5KuVhFjjg9","preKeyId":2327}}},"version":"v1"}