{"_sessions":{"BRWgqM8Gwc9x3Q0WpvwCbBABADyCNAYSKdx7BPGuKH5f":{"registrationId":1067338756,"currentRatchet":{"ephemeralKeyPair":{"pubKey":"BaXuBaTYGtboBkA1WjA6PMkBZbzqZJAwK0PumkI9kIti","privKey":"8DGVNE0p/bQNPwwXjntoGXBjJRvGDqb+4kk1jcmqn2A="},"lastRemoteEphemeralKey":"Bdo0+TN+t0X85AHaZlD4dlH1fm6JoKhagcUJVKXnQR1J","previousCounter":0,"rootKey":"rvOQJseP4/PWLFODi01lf4vypeUYKFAAxUVEw44oYG8="},"indexInfo":{"baseKey":"BRWgqM8Gwc9x3Q0WpvwCbBABADyCNAYSKdx7BPGuKH5f","baseKeyType":1,"closed":-1,"used":1689735106073,"created":1689735106073,"remoteIdentityKey":"BdYKB1XqzRO4ysRPx3LyyfDIkUeibvRmqGD2fs2Gego7"},"_chains":{"BaXuBaTYGtboBkA1WjA6PMkBZbzqZJAwK0PumkI9kIti":{"chainKey":{"counter":0,"key":"1YbnuNqQX5T/o6UvAmVwSpWx7/c81bkCVnRSrb3MZ+c="},"chainType":1,"messageKeys":{}}},"pendingPreKey":{"signedKeyId":14528787,"baseKey":"BRWgqM8Gwc9x3Q0WpvwCbBABADyCNAYSKdx7BPGuKH5f","preKeyId":2017}}},"version":"v1"}