{"_sessions":{"BbfTAmgef6GzUu2pbZTWvQ8rdJ2QNwtwaxd0WZyv2Ro+":{"registrationId":1755736534,"currentRatchet":{"ephemeralKeyPair":{"pubKey":"BcAQJd/pQ0aN0wVuYfEXmyPLz6XFBvoiglYpGiFs/c4o","privKey":"gIGZoA85qfeoBTXx7VSKBQdDUM77KIbtde8g3GPohkk="},"lastRemoteEphemeralKey":"BUKKUj0cwna2TzCD9yPU2VyrL2Cwq0G4ezwP+SG9/QgS","previousCounter":0,"rootKey":"63uh9T79InMqfoAPkI+KRHPjfGz59wnox4syqC384VU="},"indexInfo":{"baseKey":"BbfTAmgef6GzUu2pbZTWvQ8rdJ2QNwtwaxd0WZyv2Ro+","baseKeyType":1,"closed":-1,"used":1689735106201,"created":1689735106201,"remoteIdentityKey":"BS8b7ozwyIOkmzfrFiqrMQpo5btKve6XOJcl37QnA2Nh"},"_chains":{"BcAQJd/pQ0aN0wVuYfEXmyPLz6XFBvoiglYpGiFs/c4o":{"chainKey":{"counter":0,"key":"1XU7RUnq99JmUy3jT3jF8Tv9V8DQaQTlma6RcJAvP80="},"chainType":1,"messageKeys":{}}},"pendingPreKey":{"signedKeyId":32,"baseKey":"BbfTAmgef6GzUu2pbZTWvQ8rdJ2QNwtwaxd0WZyv2Ro+"}}},"version":"v1"}