{"_sessions":{"BTrNB6LFSn07PKnJQ5xNBMV3jQZEfoOB/yTAgeo/Po5Z":{"registrationId":1916597099,"currentRatchet":{"ephemeralKeyPair":{"pubKey":"BTvDXH9nJR1KRwiPaIk43tYrqFtmr9VcXEDDSwAGTjk5","privKey":"4O7NesrJX7IcwIouMQvStpIFMMihtxfkyoJocDhjZ2c="},"lastRemoteEphemeralKey":"BXiPRM8R7rGjkyuT24bLZmS0vCtxBElL8sKZeb2YlwIG","previousCounter":0,"rootKey":"ziYUZ3NYPtmznitJenTV5Jd0x40ZElpasuIcnFxEH4A="},"indexInfo":{"baseKey":"BTrNB6LFSn07PKnJQ5xNBMV3jQZEfoOB/yTAgeo/Po5Z","baseKeyType":1,"closed":-1,"used":1689735105925,"created":1689735105925,"remoteIdentityKey":"BQs837C8LG/Ee+WF8FxeXIpiPYXp9j909Atau4W0wRdg"},"_chains":{"BTvDXH9nJR1KRwiPaIk43tYrqFtmr9VcXEDDSwAGTjk5":{"chainKey":{"counter":0,"key":"Sm/4oZduJcgTZzgNnEEL7AuVu51A2Iop4PyzGNBbuhc="},"chainType":1,"messageKeys":{}}},"pendingPreKey":{"signedKeyId":0,"baseKey":"BTrNB6LFSn07PKnJQ5xNBMV3jQZEfoOB/yTAgeo/Po5Z"}}},"version":"v1"}