{"_sessions":{"BS48pZ5d1gWd8hKQ0r3dvjAD+Rgpj9aj6Uh5j9zMb1wO":{"registrationId":532662735,"currentRatchet":{"ephemeralKeyPair":{"pubKey":"BXxJ0UxUOgy71MyhcixANhukTPmww0QiU6bhfsbJqlQJ","privKey":"2GKc18+SAcSFHlf43hE/QQIeTx4Mg0Nk9V6+S0y50mc="},"lastRemoteEphemeralKey":"BeAdu0m97A/HxYzan+pLQ/Hw32CktnqxwWP3QeYxXnVj","previousCounter":0,"rootKey":"y0KEhWDgLC2aAvlS+y8WzJox9E+2P9cunzrJJapL3Og="},"indexInfo":{"baseKey":"BS48pZ5d1gWd8hKQ0r3dvjAD+Rgpj9aj6Uh5j9zMb1wO","baseKeyType":1,"closed":-1,"used":1689734147531,"created":1689734147531,"remoteIdentityKey":"BZazdMk0GiYyOoEf9zvA+f99wb+jP8OlpemJZMs1RgN1"},"_chains":{"BXxJ0UxUOgy71MyhcixANhukTPmww0QiU6bhfsbJqlQJ":{"chainKey":{"counter":0,"key":"6deJAx5xH2Ax7PlCV2zOEK9A4ngIU6T28/ARNKrU8L8="},"chainType":1,"messageKeys":{}}},"pendingPreKey":{"signedKeyId":1,"baseKey":"BS48pZ5d1gWd8hKQ0r3dvjAD+Rgpj9aj6Uh5j9zMb1wO","preKeyId":4449415}}},"version":"v1"}