{"_sessions":{"BUFEhTbpGeh9ND2iBo9RVfD6iWOZxaq0/S59lku15B5n":{"registrationId":376759333,"currentRatchet":{"ephemeralKeyPair":{"pubKey":"BdyNlUht0Hu/ZYTn4sAWXlHG3qbCRGS86EwCsywb37dn","privKey":"SEkcqJgLS88AKt0MPulU0VLnaZCblltnlOcRb0lVyE0="},"lastRemoteEphemeralKey":"BR7M8gG0VcvVO62+XGfO1cNZvCNHtAp+Y+seFiPRhXhc","previousCounter":0,"rootKey":"JQLsnq+7RRg3azUJJWeACjpWM1pBKzbBbN4kiG059ls="},"indexInfo":{"baseKey":"BUFEhTbpGeh9ND2iBo9RVfD6iWOZxaq0/S59lku15B5n","baseKeyType":1,"closed":-1,"used":1689734147684,"created":1689734147684,"remoteIdentityKey":"Bf+pCa6DP/tjQUZL+KwhAQ9YubipxcJnrp52wO/ugn4i"},"_chains":{"BdyNlUht0Hu/ZYTn4sAWXlHG3qbCRGS86EwCsywb37dn":{"chainKey":{"counter":0,"key":"fsPVuWb66tPd+8dhEJ4Rpm6MXGeAAsAxjZcPh7qWbpI="},"chainType":1,"messageKeys":{}}},"pendingPreKey":{"signedKeyId":0,"baseKey":"BUFEhTbpGeh9ND2iBo9RVfD6iWOZxaq0/S59lku15B5n","preKeyId":8605811}}},"version":"v1"}