{"_sessions":{"BW5dtipqq+aiCmecO7DMgy/a7D4LXo9d5x4jBkzomUBE":{"registrationId":329028698,"currentRatchet":{"ephemeralKeyPair":{"pubKey":"BWLD4UuRRR4GnvCyysh8EIVGEm+CsN4wCfaiZ0gzXjN+","privKey":"2MDTtEGBeL7gcEwbT5SiNxuAtNqgf9P0l7NF6woqFGA="},"lastRemoteEphemeralKey":"BcFWpNSpsN6Pmi1DDuG/FbJGh5KN3QYCM8A90JoNNVEe","previousCounter":0,"rootKey":"yYp5dapaBAOb6mcHHaYIQG2sIsg57h10wix/RlFxv1U="},"indexInfo":{"baseKey":"BW5dtipqq+aiCmecO7DMgy/a7D4LXo9d5x4jBkzomUBE","baseKeyType":1,"closed":-1,"used":1689735105637,"created":1689735105637,"remoteIdentityKey":"BRO/Y/ELwDwPNEGJq26dg6i+iqCgHdhtbhmWNT/Mm+ZQ"},"_chains":{"BWLD4UuRRR4GnvCyysh8EIVGEm+CsN4wCfaiZ0gzXjN+":{"chainKey":{"counter":0,"key":"MFOSmCZqij8zMQQk1sCwOuMewBZwK13fOsvhV+VsIGQ="},"chainType":1,"messageKeys":{}}},"pendingPreKey":{"signedKeyId":2,"baseKey":"BW5dtipqq+aiCmecO7DMgy/a7D4LXo9d5x4jBkzomUBE"}}},"version":"v1"}