{"_sessions":{"BaIFotJugzdeE084zebv2wOGlA/SbGePnGnTqx58gTFQ":{"registrationId":537215108,"currentRatchet":{"ephemeralKeyPair":{"pubKey":"BYtR1Kov3UNfFQtqi26KP0xk35HSCdFbsoM52pdbtQJL","privKey":"8HkuZW7ivvrSx5ByyBCU5eTdCSLxtgxds/vNXaSRv18="},"lastRemoteEphemeralKey":"BcdIQzxeh8SVB+e7P0nQotvielYjI/VTsInMZiDYu+hI","previousCounter":0,"rootKey":"XwpQbyvgmq0J7zaLzavm6wWXv7twFva9MQY+C/tWXm4="},"indexInfo":{"baseKey":"BaIFotJugzdeE084zebv2wOGlA/SbGePnGnTqx58gTFQ","baseKeyType":1,"closed":-1,"used":1689735105786,"created":1689735105786,"remoteIdentityKey":"BVRQdjgasrDEG+kixLkrg1EhFqNmneRDAw0S/wkWO5NC"},"_chains":{"BYtR1Kov3UNfFQtqi26KP0xk35HSCdFbsoM52pdbtQJL":{"chainKey":{"counter":0,"key":"vh3baa7YVCAEYPMIBNB/iCkXEURJfA/G4hVfCCOM2Hw="},"chainType":1,"messageKeys":{}}},"pendingPreKey":{"signedKeyId":0,"baseKey":"BaIFotJugzdeE084zebv2wOGlA/SbGePnGnTqx58gTFQ","preKeyId":2890673}}},"version":"v1"}