{"_sessions":{"Bco4YA8b3IfDUxsl2dHVsLDGPUjSslx6COb5W/Z/pSA+":{"registrationId":1083,"currentRatchet":{"ephemeralKeyPair":{"pubKey":"BSIcRFk1fOSiBmHuplQA2GFfVr8hcoru0vRZ+uV//Esu","privKey":"8Djz27qkGjNBWmoiYC0kU4V44rx+EwweC6VMmOvg9nU="},"lastRemoteEphemeralKey":"BYAorVx1v5grppUKCqmZOmPchVa8iKTd76+tDsiRfHhg","previousCounter":0,"rootKey":"UHbZNLl9XIDcmMOuzYKKz/ht8lReJtWyVdcmpYDe+xE="},"indexInfo":{"baseKey":"Bco4YA8b3IfDUxsl2dHVsLDGPUjSslx6COb5W/Z/pSA+","baseKeyType":1,"closed":-1,"used":1689734147534,"created":1689734147534,"remoteIdentityKey":"BSKcW1m/4zfp9n0c7tUQ8NEj/W5mrr/b7jzYHIeaWZ0J"},"_chains":{"BSIcRFk1fOSiBmHuplQA2GFfVr8hcoru0vRZ+uV//Esu":{"chainKey":{"counter":0,"key":"fkWCRIdsB73oEMYEEC3AIBhgarYEwTChAGyI2Jig41Q="},"chainType":1,"messageKeys":{}}},"pendingPreKey":{"signedKeyId":1,"baseKey":"Bco4YA8b3IfDUxsl2dHVsLDGPUjSslx6COb5W/Z/pSA+"}}},"version":"v1"}