{"_sessions":{"BUsBWUouLXwktRgKNQjrKBf5HAX4BwcQanYfqpMvP1Up":{"registrationId":1759565799,"currentRatchet":{"ephemeralKeyPair":{"pubKey":"BTGqPRJOTQS+w44lt0M0r70+qRQsLzpDUsnp1K+zZBYc","privKey":"2IMYUe+AOG0PFnrlA+/u0rbyFY8mNFEkyamKlxw5UXM="},"lastRemoteEphemeralKey":"BfGC4qx+hey/kzLOLv4IgD4DMaxDxh/0bWzufRITzSxP","previousCounter":0,"rootKey":"qx+7F/DMWd2RRVb8Uys0k4Hgh8V8jc3KQeo4/rGUjzY="},"indexInfo":{"baseKey":"BUsBWUouLXwktRgKNQjrKBf5HAX4BwcQanYfqpMvP1Up","baseKeyType":1,"closed":-1,"used":1689735105900,"created":1689735105900,"remoteIdentityKey":"BY6W0kroPAr30fAtPWFD5FTblMTDrji9rAe6qidh+Dl9"},"_chains":{"BTGqPRJOTQS+w44lt0M0r70+qRQsLzpDUsnp1K+zZBYc":{"chainKey":{"counter":0,"key":"qeR/nN1qCIb4eCmBFFEEtuyHdZjUnhi2wHK8WMEdIkU="},"chainType":1,"messageKeys":{}}},"pendingPreKey":{"signedKeyId":8,"baseKey":"BUsBWUouLXwktRgKNQjrKBf5HAX4BwcQanYfqpMvP1Up","preKeyId":3389412}}},"version":"v1"}