{"_sessions":{"BeOUCoHbuyr1MnvDgJKExPGQi6FzWcBW9mOggkuF6w9U":{"registrationId":2140225278,"currentRatchet":{"ephemeralKeyPair":{"pubKey":"BcY6kFQ6KiSG1948KItQKHzOqbbwz0Jvl1aW2FuqWiUE","privKey":"UP9MBhz0T5Vjucto09/2txxztBb/ulOe/0bz2FkABV4="},"lastRemoteEphemeralKey":"BVNK8r6x/GNCtw3iSN6ij5CtRhX+FcE+gPCTOtMON2FI","previousCounter":0,"rootKey":"BK3kNvwEErpbYeEWHOQjxATx95VJK3VaOdqeNHfrXtM="},"indexInfo":{"baseKey":"BeOUCoHbuyr1MnvDgJKExPGQi6FzWcBW9mOggkuF6w9U","baseKeyType":1,"closed":-1,"used":1689735105677,"created":1689735105677,"remoteIdentityKey":"BUd9MixgqFBqmrYS/rbnufQz9Cx+ZVT/uGuZ4OItmnlv"},"_chains":{"BcY6kFQ6KiSG1948KItQKHzOqbbwz0Jvl1aW2FuqWiUE":{"chainKey":{"counter":0,"key":"6pDr0MESi5Lho+weWCuDwUisNvBt3aFfXDyhJjSyk3o="},"chainType":1,"messageKeys":{}}},"pendingPreKey":{"signedKeyId":9395342,"baseKey":"BeOUCoHbuyr1MnvDgJKExPGQi6FzWcBW9mOggkuF6w9U","preKeyId":1275}}},"version":"v1"}