{"_sessions":{"BbC4Z9YJDm1nCNMb0buK8hYK3fr/XnEsbJcy+h2vO3BR":{"registrationId":1705531241,"currentRatchet":{"ephemeralKeyPair":{"pubKey":"Bcg5hKmx7aIz2TL69GAcYpXWFheMYBDz2l87DKBuiqgX","privKey":"oKL1X+/yx05tG7/MVCG+bP+IjSWaxA94YiIiSCTXyGE="},"lastRemoteEphemeralKey":"BTRXFgzjKdVookDTfkGEJzAG5Ysolzn2hDfdud3k7iE1","previousCounter":0,"rootKey":"nbWrn+QjhetBByKdLRQMEA8vVdULSM2kLMn7LtG7xgM="},"indexInfo":{"baseKey":"BbC4Z9YJDm1nCNMb0buK8hYK3fr/XnEsbJcy+h2vO3BR","baseKeyType":1,"closed":1689735123923,"used":1689735123039,"created":1689735123039,"remoteIdentityKey":"BXwK0AZH8HUKN64yt+hVcX/K8i29ZUBJr2YT1r4nhxsB"},"_chains":{"Bcg5hKmx7aIz2TL69GAcYpXWFheMYBDz2l87DKBuiqgX":{"chainKey":{"counter":0,"key":"1LBPgJIUa02zxJoPCm3zfE4sAwZEcz6ajttbZOsJaJo="},"chainType":1,"messageKeys":{}}},"pendingPreKey":{"signedKeyId":12,"baseKey":"BbC4Z9YJDm1nCNMb0buK8hYK3fr/XnEsbJcy+h2vO3BR","preKeyId":1131010}},"BfmOzBYeiQ0ptDt0HUQwGsluH47lKTp8gzPKINTMI6B8":{"registrationId":1705531241,"currentRatchet":{"ephemeralKeyPair":{"pubKey":"BZCULVi5sA5T/iPs8AEcDN1cbwkHn1Y9FNYKJO6g/TBw","privKey":"QHdgGemqHpESwIiaDeSZREqoq96FjROGHKjCvjPkRUA="},"lastRemoteEphemeralKey":"BUDOvvpHoJZczxkfLtmfB3KQwbDxA0oVCtjgbhfHY6sb","previousCounter":0,"rootKey":"xm+UgucJMEa8AlvEAlMSR2ToAcTChR0ktyTHSqqZEzM="},"indexInfo":{"baseKey":"BfmOzBYeiQ0ptDt0HUQwGsluH47lKTp8gzPKINTMI6B8","baseKeyType":2,"closed":-1,"used":1689735123927,"created":1689735123927,"remoteIdentityKey":"BXwK0AZH8HUKN64yt+hVcX/K8i29ZUBJr2YT1r4nhxsB"},"_chains":{"BUDOvvpHoJZczxkfLtmfB3KQwbDxA0oVCtjgbhfHY6sb":{"chainKey":{"counter":0,"key":"el/DcFNJSZfBdxPuUoofguPW3JGZErxCEgFIUMdcuzU="},"chainType":2,"messageKeys":{}},"BZCULVi5sA5T/iPs8AEcDN1cbwkHn1Y9FNYKJO6g/TBw":{"chainKey":{"counter":-1,"key":"vNWARIJGALfWQ9TGAH3rk6czZ4V6L2zwIxK4MYx4bRg="},"chainType":1,"messageKeys":{}}}}},"version":"v1"}