{"_sessions":{"BQUhF2eKLGlEvj4dn3SIDyUKQtQaJi3bxWtOzZnE23J6":{"registrationId":1187831080,"currentRatchet":{"ephemeralKeyPair":{"pubKey":"BbQbNfdBHoiuA/bFmZkpgSouo1GcOQxqboKB/f0HWgt2","privKey":"uFXDZqqFiAAQVBfN5Rpya6UwPbTiDUNd0b9d3KxFMnM="},"lastRemoteEphemeralKey":"BZ1oymOTNl/Q2aqpysjxMtPZ9VRfpb43sbRn8agFRIAf","previousCounter":0,"rootKey":"nok/5+KeuK1f9b+XqrQifT5BPXn9glOtK1x0wlK5MUM="},"indexInfo":{"baseKey":"BQUhF2eKLGlEvj4dn3SIDyUKQtQaJi3bxWtOzZnE23J6","baseKeyType":1,"closed":-1,"used":1689735106300,"created":1689735106300,"remoteIdentityKey":"BY+Qn6tYZCxwawen68guuppjyOf//qvgLj12PyzsoKwO"},"_chains":{"BbQbNfdBHoiuA/bFmZkpgSouo1GcOQxqboKB/f0HWgt2":{"chainKey":{"counter":0,"key":"DRR12olIOWexTvdVD9taOnm9yLGd63Z15nHbAC8GU7A="},"chainType":1,"messageKeys":{}}},"pendingPreKey":{"signedKeyId":10,"baseKey":"BQUhF2eKLGlEvj4dn3SIDyUKQtQaJi3bxWtOzZnE23J6","preKeyId":760905}}},"version":"v1"}