{"_sessions":{"Bf9ZdWdI+ANEK+xborVF86o6bNveNeuD/tpe3aHOOuc4":{"registrationId":563942269,"currentRatchet":{"ephemeralKeyPair":{"pubKey":"Bazpn2HKYoq0xbMTcSgj4SHCTqXfPim6w50VRFmBexYh","privKey":"oMHq3aqljQ49ZroIfoQsB1A2M+iNkAL1YPUS778072A="},"lastRemoteEphemeralKey":"BbjZBq3xbABl7iCxG/SzPnNtQVOLDip+FU/aH3ZW1C1A","previousCounter":0,"rootKey":"ltTz0CXKHzfHn8l39Alew4EQUuJRnAOh5oSJhSdUK1s="},"indexInfo":{"baseKey":"Bf9ZdWdI+ANEK+xborVF86o6bNveNeuD/tpe3aHOOuc4","baseKeyType":1,"closed":-1,"used":1689735106118,"created":1689735106118,"remoteIdentityKey":"BQ/oou1A7NuwGPofNA1KZEKiwN32oNlmvOQEWj7mjr4z"},"_chains":{"Bazpn2HKYoq0xbMTcSgj4SHCTqXfPim6w50VRFmBexYh":{"chainKey":{"counter":0,"key":"ig7uBwq0ZHRbO8CEPXxr95l/hkir3LdfzKae4rSryWI="},"chainType":1,"messageKeys":{}}},"pendingPreKey":{"signedKeyId":3,"baseKey":"Bf9ZdWdI+ANEK+xborVF86o6bNveNeuD/tpe3aHOOuc4","preKeyId":8705437}}},"version":"v1"}