{"_sessions":{"BQbs7B0Lu8RTA6RFzN9FQqS0Bj5LdLt7HSB0fQepiWwF":{"registrationId":2061246522,"currentRatchet":{"ephemeralKeyPair":{"pubKey":"BU/fAWck7/LKa0JWdM0wi6uBjaY35weowFMH+OI75n5h","privKey":"gAcJm14WsmofoIdh0CeCEjZqHVHtv7yoiWdQGF9eg1k="},"lastRemoteEphemeralKey":"BUUwTeyQ6PwkNu41Bh4uTWbo5k0B1xqu7895XpW8STND","previousCounter":0,"rootKey":"yGqyuK4Jjdjb8nwVZiTlhIwYB3In5PGDBxT6JMgKKqg="},"indexInfo":{"baseKey":"BQbs7B0Lu8RTA6RFzN9FQqS0Bj5LdLt7HSB0fQepiWwF","baseKeyType":1,"closed":-1,"used":1689735105642,"created":1689735105642,"remoteIdentityKey":"BSjoupMyjnY3iEMe5BUxpW2HPx2an2acGn5ZSdV0WawB"},"_chains":{"BU/fAWck7/LKa0JWdM0wi6uBjaY35weowFMH+OI75n5h":{"chainKey":{"counter":0,"key":"Zb39Rkcv77oyj25KDRObamlNDg/ewi5rnobsBJ4ZLm8="},"chainType":1,"messageKeys":{}}},"pendingPreKey":{"signedKeyId":0,"baseKey":"BQbs7B0Lu8RTA6RFzN9FQqS0Bj5LdLt7HSB0fQepiWwF"}}},"version":"v1"}