{"_sessions":{"BXS4gMPfrAKutPOUuaIng9Trzab2n/swWatp5HsWKaV0":{"registrationId":47407110,"currentRatchet":{"ephemeralKeyPair":{"pubKey":"BSnWfs11rTdfhCezBgYArXW5YTuAQo1mcz4mydwy25Qj","privKey":"GE/7bWkmmVywIBDTCSr7VJS6Vs/MjFN5JpjtOLl793s="},"lastRemoteEphemeralKey":"BWDXysEzO1cIFK6nlhs8JNlqnPjtdNOgHHMJtkI3dVgx","previousCounter":0,"rootKey":"3x4vGKexioDe9WGLKlyk9fWWwRN0BYulmeM/b4aFU7E="},"indexInfo":{"baseKey":"BXS4gMPfrAKutPOUuaIng9Trzab2n/swWatp5HsWKaV0","baseKeyType":1,"closed":-1,"used":1689734147643,"created":1689734147643,"remoteIdentityKey":"BWI0XG7naM34D8YRWGBfIWc0bT6oq9vP773VHQEMVx08"},"_chains":{"BSnWfs11rTdfhCezBgYArXW5YTuAQo1mcz4mydwy25Qj":{"chainKey":{"counter":0,"key":"D8kaLPYwQmHXa7odj4Ya0abEgqvCV8guKdo9i83KLbw="},"chainType":1,"messageKeys":{}}},"pendingPreKey":{"signedKeyId":7,"baseKey":"BXS4gMPfrAKutPOUuaIng9Trzab2n/swWatp5HsWKaV0","preKeyId":1443369}}},"version":"v1"}