{"_sessions":{"Bb3d6n/ES6jK7hDEZGfWEC72oH0InfgAQvjeOAZjKDVn":{"registrationId":1210448083,"currentRatchet":{"ephemeralKeyPair":{"pubKey":"BbImBBPosJPF/r6ZX5j/ukVa410kq9MzH8Aha23T8kk6","privKey":"OPxqYsv+DQqBedDJn4l0rBViEYI9vNECXnm1UP5wEH8="},"lastRemoteEphemeralKey":"BfXIhtmINlf9uzQ/NHHb2r9OqhWbmpaPvMx5K3AmTRw7","previousCounter":0,"rootKey":"CX5wXi/XY31J4LojV4ChQZ7gXPmzLqdYdHlowMUEshk="},"indexInfo":{"baseKey":"Bb3d6n/ES6jK7hDEZGfWEC72oH0InfgAQvjeOAZjKDVn","baseKeyType":1,"closed":-1,"used":1689735105988,"created":1689735105988,"remoteIdentityKey":"BSxjjAflLoiQhiiT6/33D/5S0gpe25O+13DuUOH4IBoT"},"_chains":{"BbImBBPosJPF/r6ZX5j/ukVa410kq9MzH8Aha23T8kk6":{"chainKey":{"counter":0,"key":"IpjsSr2qGYaPVrfE0MiH4CbiBsNe7FfpI8E0BB+1UIY="},"chainType":1,"messageKeys":{}}},"pendingPreKey":{"signedKeyId":2,"baseKey":"Bb3d6n/ES6jK7hDEZGfWEC72oH0InfgAQvjeOAZjKDVn"}}},"version":"v1"}