{"_sessions":{"BSqADDBoE+YD4y7l1rqHx63oljbUZ87VXkdUaxcv78s8":{"registrationId":1805799440,"currentRatchet":{"ephemeralKeyPair":{"pubKey":"Be02QQFH0Rt2IdZ0gCNRUUVnJmKiZx9vtvCa/TgEYjwX","privKey":"CGcLIpYFDhNbnSWjXpDD4mS3quYdy6Ug1GEnoHfudmI="},"lastRemoteEphemeralKey":"BeTBFSuPCvJQsF4BolZk51esIz3YQ1/egvyLQNlEc05t","previousCounter":0,"rootKey":"iSRYQj+tJA+s1BP5nUWALG+XE6upMtvBWtxeWrdGToU="},"indexInfo":{"baseKey":"BSqADDBoE+YD4y7l1rqHx63oljbUZ87VXkdUaxcv78s8","baseKeyType":1,"closed":-1,"used":1689735105687,"created":1689735105687,"remoteIdentityKey":"BTirzCfFDiGVy7qJBeIx14PjN6tl0es2aowfHP38HgdJ"},"_chains":{"Be02QQFH0Rt2IdZ0gCNRUUVnJmKiZx9vtvCa/TgEYjwX":{"chainKey":{"counter":0,"key":"VWBjg9BkCmSGtQAv0Dpl5sK8eQve6OOQBCp/ecnEDEY="},"chainType":1,"messageKeys":{}}},"pendingPreKey":{"signedKeyId":3,"baseKey":"BSqADDBoE+YD4y7l1rqHx63oljbUZ87VXkdUaxcv78s8","preKeyId":1643150}}},"version":"v1"}