{"_sessions":{"BeX1mWN5N2hjKpbZET7NOKr1Ax3Hlk/amRbslHSEbkca":{"registrationId":859,"currentRatchet":{"ephemeralKeyPair":{"pubKey":"BZ0xyaaGUemRMjS6T0BvEoZuA7udeOPhN6kg27ca7sZJ","privKey":"GNz3jeiNaBc2AiDD6vwQM7OOuhr4dT1QumF4twNVD28="},"lastRemoteEphemeralKey":"BawYBwy6ZqOZQfF89ATsTDCEYb+NFVI+XlmqycDrpSgc","previousCounter":0,"rootKey":"/uRrlEIt57PACd2eoEhdaXtu0Ep+UWHD79iK16TdYdw="},"indexInfo":{"baseKey":"BeX1mWN5N2hjKpbZET7NOKr1Ax3Hlk/amRbslHSEbkca","baseKeyType":1,"closed":-1,"used":1689735105462,"created":1689735105462,"remoteIdentityKey":"BWLUTXgsj1ZBCqM6wnD8rzLLSMBVsni/qFuT2yDL5lJQ"},"_chains":{"BZ0xyaaGUemRMjS6T0BvEoZuA7udeOPhN6kg27ca7sZJ":{"chainKey":{"counter":0,"key":"9xeCmIxLse4t1IS1xfPfxbD+VcwtSgglZ/3Q0Tw3OBs="},"chainType":1,"messageKeys":{}}},"pendingPreKey":{"signedKeyId":1,"baseKey":"BeX1mWN5N2hjKpbZET7NOKr1Ax3Hlk/amRbslHSEbkca","preKeyId":276}}},"version":"v1"}