{"_sessions":{"BVjxXwuqTtorvNAzS/oxc8dLo3CnL9xzt30Oa1zn4Ih+":{"registrationId":14067,"currentRatchet":{"ephemeralKeyPair":{"pubKey":"Bd3SZE0w7jOHi01ZlOHUibnErq/Z5xPV22Qwo8wD7vRv","privKey":"EPPgNs6nhMsl77Rlek0+AkwOvwJM0TYzFDQ06ojCsUU="},"lastRemoteEphemeralKey":"BVrOT3tiKHVgjH/EZV2bqbG25ofxC2/3ySczOFI/icME","previousCounter":0,"rootKey":"qd+qy8tB9LGexFsnrIL42bv8Ws6fegmhPeiUSi8B6jk="},"indexInfo":{"baseKey":"BVjxXwuqTtorvNAzS/oxc8dLo3CnL9xzt30Oa1zn4Ih+","baseKeyType":1,"closed":-1,"used":1689735105565,"created":1689735105565,"remoteIdentityKey":"BaI6uEY3mTNGY8DJGgzZZcH19sbGKWN72UcRDGvGRmVA"},"_chains":{"Bd3SZE0w7jOHi01ZlOHUibnErq/Z5xPV22Qwo8wD7vRv":{"chainKey":{"counter":0,"key":"Vp0P5BQjKBDERtt5wOhw8MH9ZL47veKYMLGsuTSFgL8="},"chainType":1,"messageKeys":{}}},"pendingPreKey":{"signedKeyId":2,"baseKey":"BVjxXwuqTtorvNAzS/oxc8dLo3CnL9xzt30Oa1zn4Ih+","preKeyId":3533}}},"version":"v1"}