{"_sessions":{"BX5gyXAeJDuWTVkqGfJ7LnXrKa2szNp1Q+DOtYXhLe8t":{"registrationId":1477753561,"currentRatchet":{"ephemeralKeyPair":{"pubKey":"BZwykELNK8Hjyc843HO+tWBVbOom6easK7nWhUNRTgQt","privKey":"wHiuZ1gNwn1ndf/z7Jrbg2nW5PHYR5fjyVE64EVWZEA="},"lastRemoteEphemeralKey":"BfheWWsmjJvJotLWqb8cdfLXTczWy4pHe/hpHSkJdyA5","previousCounter":0,"rootKey":"6W0nO7gbI7M+UHP1moSZ/Fjhtu4/+xEt5L+CUUdBOas="},"indexInfo":{"baseKey":"BX5gyXAeJDuWTVkqGfJ7LnXrKa2szNp1Q+DOtYXhLe8t","baseKeyType":1,"closed":-1,"used":1689735106129,"created":1689735106129,"remoteIdentityKey":"BS/56GH04l/cXEuSbBEojhLaBwvA8wIc8pPbF7v4e8xY"},"_chains":{"BZwykELNK8Hjyc843HO+tWBVbOom6easK7nWhUNRTgQt":{"chainKey":{"counter":0,"key":"DTHnyMLxiBeqLsi0U1jT4R5TWr/bI0tBE2vz2Pr1QyU="},"chainType":1,"messageKeys":{}}},"pendingPreKey":{"signedKeyId":3,"baseKey":"BX5gyXAeJDuWTVkqGfJ7LnXrKa2szNp1Q+DOtYXhLe8t"}}},"version":"v1"}