{"_sessions":{"BWi7t+LRa3N+AERSKST5tk/E/LRinVxMotsbeqIqH1sG":{"registrationId":2143891172,"currentRatchet":{"ephemeralKeyPair":{"pubKey":"BfQCQcjtx9yVrcW1iJSU54vSfdW+5lHkycEhwZV8whw2","privKey":"GAqB6cFpnSC2WGUIv5w591PqHl9mZ9aM+NIodUy2c0U="},"lastRemoteEphemeralKey":"BSKc+6geKGu0SmQRPDvgZuI0XJdroqFcEs7sS6Yk98EB","previousCounter":0,"rootKey":"IGh6gfPWUQEBqfasary3qLnnaMs2cRQMj5d5lIy0N70="},"indexInfo":{"baseKey":"BWi7t+LRa3N+AERSKST5tk/E/LRinVxMotsbeqIqH1sG","baseKeyType":1,"closed":-1,"used":1689735105627,"created":1689735105627,"remoteIdentityKey":"BWNahgmL5y1njR65ABmsFQ8/c6a8mCc4c2uggY7uRPZf"},"_chains":{"BfQCQcjtx9yVrcW1iJSU54vSfdW+5lHkycEhwZV8whw2":{"chainKey":{"counter":0,"key":"ZUCnrwsJqJfdmR5frnheqk+q5gL3xfmEOC6zVLV9+kY="},"chainType":1,"messageKeys":{}}},"pendingPreKey":{"signedKeyId":2385639,"baseKey":"BWi7t+LRa3N+AERSKST5tk/E/LRinVxMotsbeqIqH1sG"}}},"version":"v1"}