{"_sessions":{"BXnFGVZbQKDrpfARVk4SIDkVYCbU74ow1OWoH9wyc14T":{"registrationId":2074243197,"currentRatchet":{"ephemeralKeyPair":{"pubKey":"BfzlCSuHLVAzxSVVFEa4bxM5LUE2SM/mibNPViAumFY1","privKey":"MIklSWPAHLBXujPwkGbeb35CpKY3nEW8F0FuOCDOlXE="},"lastRemoteEphemeralKey":"BdD6K0Gk+7L5aib5Uo7rXeaBuW+lml9k+15ANkU4dhYb","previousCounter":0,"rootKey":"WdYxkwMhWXAo+7z3F3oR4Lira0LPicz53flPbPAVpPQ="},"indexInfo":{"baseKey":"BXnFGVZbQKDrpfARVk4SIDkVYCbU74ow1OWoH9wyc14T","baseKeyType":1,"closed":-1,"used":1689735105951,"created":1689735105951,"remoteIdentityKey":"BcX4cal77BXCJujs3Sy7/nO1OhgfxbBLHC7yPYD8EZw7"},"_chains":{"BfzlCSuHLVAzxSVVFEa4bxM5LUE2SM/mibNPViAumFY1":{"chainKey":{"counter":0,"key":"oBP7l+ntOQLIKplYyy+BVDdg21yS15OW99p99ma5omU="},"chainType":1,"messageKeys":{}}},"pendingPreKey":{"signedKeyId":7066096,"baseKey":"BXnFGVZbQKDrpfARVk4SIDkVYCbU74ow1OWoH9wyc14T","preKeyId":14527}}},"version":"v1"}