{"_sessions":{"BUWoPRsjP8rafGuwUFQdJACnQtpRl06p4QjfRQn/AsI5":{"registrationId":1515891387,"currentRatchet":{"ephemeralKeyPair":{"pubKey":"BeL7Z1WdeuvX6F3AD+NoD6OnrYxIJcpUwejAXt7lwUtU","privKey":"qD8XeU6SwUVDpOaG5PYSp97S6vydLOBqqf63uPplGXY="},"lastRemoteEphemeralKey":"Be86rJrJHtzibNjIhkj6R7wLWgYAzXmN3NqeqNstZs4d","previousCounter":0,"rootKey":"zOLzeVLu88jmn4VWQleWJmx3+Or3R0xeoRv+gQhRzHc="},"indexInfo":{"baseKey":"BUWoPRsjP8rafGuwUFQdJACnQtpRl06p4QjfRQn/AsI5","baseKeyType":1,"closed":-1,"used":1689735106234,"created":1689735106234,"remoteIdentityKey":"Bb3S8Zb/4Fv+PU2VHms0mT0KqRrIEReiHrnsRIsxaudj"},"_chains":{"BeL7Z1WdeuvX6F3AD+NoD6OnrYxIJcpUwejAXt7lwUtU":{"chainKey":{"counter":0,"key":"u9+KWZgzck/V/1eoJRBATAoB1W4+80wKbDfOsGGfnbk="},"chainType":1,"messageKeys":{}}},"pendingPreKey":{"signedKeyId":0,"baseKey":"BUWoPRsjP8rafGuwUFQdJACnQtpRl06p4QjfRQn/AsI5"}}},"version":"v1"}