{"_sessions":{"Bdb1Hq104mkR5tdhKSYqyFmxZFVvZzFF5/u8qa79ubZb":{"registrationId":26906095,"currentRatchet":{"ephemeralKeyPair":{"pubKey":"BZrqgyL0gZIlFUpSe7Ei+fifQlWtT0SRTB3K9DNAge1k","privKey":"wOxcxiTlskIYoAKFJAD2WU4vcT/rI9e2UCZ16XXbvns="},"lastRemoteEphemeralKey":"BcebjnU8mi6/hfVf7HhTQCEdlrO0i+0mGJtI5pcuNdh7","previousCounter":0,"rootKey":"8krCFqpAyZolcNriDmrJUgXPYmab3iDAYhQL8WSC/lQ="},"indexInfo":{"baseKey":"Bdb1Hq104mkR5tdhKSYqyFmxZFVvZzFF5/u8qa79ubZb","baseKeyType":1,"closed":-1,"used":1689735106030,"created":1689735106030,"remoteIdentityKey":"BUfnXFs55NZ/THeFQ78CKlXFn6LRNFLNMt368SQTFu1i"},"_chains":{"BZrqgyL0gZIlFUpSe7Ei+fifQlWtT0SRTB3K9DNAge1k":{"chainKey":{"counter":0,"key":"XIh9lzYy+TrS68ons2y7Vd0MTkkQLZarQaoHSWado58="},"chainType":1,"messageKeys":{}}},"pendingPreKey":{"signedKeyId":4,"baseKey":"Bdb1Hq104mkR5tdhKSYqyFmxZFVvZzFF5/u8qa79ubZb","preKeyId":2028638}}},"version":"v1"}