{"_sessions":{"BSywqERVjurknOIczCtxVOUpctz4w82ePrhyre3j6bYx":{"registrationId":536622244,"currentRatchet":{"ephemeralKeyPair":{"pubKey":"BaGtMz6HCU25GFIJh8lHTaVLWQFLSNoGR/D9aowaCsl3","privKey":"8F6pClwwFC1IJH9MDWytd+0pZOGkpUI0xe5x2NxPxUA="},"lastRemoteEphemeralKey":"BbKhYNKXHcylA9BbLhvf3DwVYk2rthVO4JFk7t2OqrY9","previousCounter":0,"rootKey":"YeoH52+ri9nI6bRuvrx/Fmo+/slIEFkwc7iTMf6MwAs="},"indexInfo":{"baseKey":"BSywqERVjurknOIczCtxVOUpctz4w82ePrhyre3j6bYx","baseKeyType":1,"closed":-1,"used":1689734147636,"created":1689734147636,"remoteIdentityKey":"BWpFiwhlUzu3xCHwaNNbvc/1++pdDfICLB16idVmYNE7"},"_chains":{"BaGtMz6HCU25GFIJh8lHTaVLWQFLSNoGR/D9aowaCsl3":{"chainKey":{"counter":0,"key":"aX2P9r8bSW5wTrbPMVqZFy0v1lw1+nrlkqJ4bKEYs7M="},"chainType":1,"messageKeys":{}}},"pendingPreKey":{"signedKeyId":0,"baseKey":"BSywqERVjurknOIczCtxVOUpctz4w82ePrhyre3j6bYx"}}},"version":"v1"}