{"_sessions":{"BX2+6FRQ07Siuzn+7lSldwEIBGBpy+xdSOXcpPsP2uVB":{"registrationId":1138119933,"currentRatchet":{"ephemeralKeyPair":{"pubKey":"BXoCwoP+u3eQdyTKuehjvoaQH4GJuOLsObJaVsA2rhsq","privKey":"eAeXNrVqmsnYCq1K4D3JdY9ZAOd4oKPLpwt6HJ6LCXc="},"lastRemoteEphemeralKey":"BcxiVMDhcvXeJC60k8rD8tn9hsdRUOS59bD6AKj81hd8","previousCounter":0,"rootKey":"goOJRdblT2NIrYtzIZe8CZoV9Wzo/tK77bCMoV70laE="},"indexInfo":{"baseKey":"BX2+6FRQ07Siuzn+7lSldwEIBGBpy+xdSOXcpPsP2uVB","baseKeyType":1,"closed":-1,"used":1689733338567,"created":1689733338567,"remoteIdentityKey":"BY6T3epMWelFycclTRGPDCBzJ1KgEUufvFM0NLAuI1tf"},"_chains":{"BXoCwoP+u3eQdyTKuehjvoaQH4GJuOLsObJaVsA2rhsq":{"chainKey":{"counter":0,"key":"GEZlzFQ1tVLGwFr0nhLotAc2VTUW4ExrDnNM77yVjtY="},"chainType":1,"messageKeys":{}}},"pendingPreKey":{"signedKeyId":2,"baseKey":"BX2+6FRQ07Siuzn+7lSldwEIBGBpy+xdSOXcpPsP2uVB","preKeyId":13740914}}},"version":"v1"}