{"_sessions":{"BcaD/+Sbx21BP5pyjN0729NKg+DwLincwMrwSQh7dlM5":{"registrationId":267385329,"currentRatchet":{"ephemeralKeyPair":{"pubKey":"BQjZe4qk9RNoYVF6k5aLXj6CFofRbLzrjvlz1nosae4d","privKey":"qF36f2g09jGmqjGmVs+xYgh1baj3jCVgl8AzAC92ZlY="},"lastRemoteEphemeralKey":"BUrRxhAB6+Vtrw5D5SDsq0AjDYT7j4n8+3elHD1fNII2","previousCounter":0,"rootKey":"n0uhT08StGjC7l6W8Rt0/HwMSrrYmGXhPUS+VFNO/Vw="},"indexInfo":{"baseKey":"BcaD/+Sbx21BP5pyjN0729NKg+DwLincwMrwSQh7dlM5","baseKeyType":1,"closed":-1,"used":1689734809468,"created":1689734809468,"remoteIdentityKey":"BY2rDAOAbnrqj5Bls2BNLPbYelUG80tNsWKkoQ6YBFN/"},"_chains":{"BQjZe4qk9RNoYVF6k5aLXj6CFofRbLzrjvlz1nosae4d":{"chainKey":{"counter":0,"key":"TajhkohFkkBBUj0jf7rxbtJkKejdVBmdtzlxLdkXrzo="},"chainType":1,"messageKeys":{}}},"pendingPreKey":{"signedKeyId":11,"baseKey":"BcaD/+Sbx21BP5pyjN0729NKg+DwLincwMrwSQh7dlM5","preKeyId":12172667}}},"version":"v1"}