{"_sessions":{"BcCHK4UH3Byx0pXk7lnSBEOlhkEocrzXo7I/Al5k+q4T":{"registrationId":1115767392,"currentRatchet":{"ephemeralKeyPair":{"pubKey":"Bb8rbMKYLz0o14ykRLjrHAxghNx/oTZSJFJTwJv2sHZx","privKey":"aPuRoKrMXShIAT5YRv/jSOlshuHng5gzIQHipTJdqkc="},"lastRemoteEphemeralKey":"BUuEH/s1jmwZDQCbm8AV4atIBLrUTsFt/0SeUrRTnQwL","previousCounter":0,"rootKey":"SKISgT3ptrudcV1mHMcRVsgmrT/nAtIHw1KdUEftlCs="},"indexInfo":{"baseKey":"BcCHK4UH3Byx0pXk7lnSBEOlhkEocrzXo7I/Al5k+q4T","baseKeyType":1,"closed":-1,"used":1689734147654,"created":1689734147654,"remoteIdentityKey":"BePCqxiz9qHJjiLmAGgXIUR10zxsRjgb027Sz+DbbW9v"},"_chains":{"Bb8rbMKYLz0o14ykRLjrHAxghNx/oTZSJFJTwJv2sHZx":{"chainKey":{"counter":0,"key":"UZtCi8amRtUvSm0hhsL7dR2UwNBzf1S4TWOU9FwCAM8="},"chainType":1,"messageKeys":{}}},"pendingPreKey":{"signedKeyId":14,"baseKey":"BcCHK4UH3Byx0pXk7lnSBEOlhkEocrzXo7I/Al5k+q4T","preKeyId":9172469}}},"version":"v1"}