{"_sessions":{"BTVRNJC/hNVIpHOGpoRhOJ+W7MHk+4F8mC2zH9cK1rpg":{"registrationId":15493,"currentRatchet":{"ephemeralKeyPair":{"pubKey":"BRC3sG1X5SIxFoeKHjjbrIxGBPtKLLWw+bbZmcZNUpVA","privKey":"UC7T1KXIzfxotV9n4TuayBaRPEHd9zZFRCcOAmDiUXk="},"lastRemoteEphemeralKey":"BazAfXvtDUWka++2WJhsVpLRit1NKi8vLlhgrqgP278f","previousCounter":0,"rootKey":"IJzAkbif1oWNJGPpEuxtaSKQEYZP1GXKOj/PoRf9fdc="},"indexInfo":{"baseKey":"BTVRNJC/hNVIpHOGpoRhOJ+W7MHk+4F8mC2zH9cK1rpg","baseKeyType":1,"closed":-1,"used":1689734809387,"created":1689734809387,"remoteIdentityKey":"BeIgIEkuLNSOOgZ43gbtEF91JUBdXbhkYJ+uSA7AVNko"},"_chains":{"BRC3sG1X5SIxFoeKHjjbrIxGBPtKLLWw+bbZmcZNUpVA":{"chainKey":{"counter":0,"key":"XZYcaOddnyNSml67fzTCIruZ/DymFkNIZL3Z5IIVDzI="},"chainType":1,"messageKeys":{}}},"pendingPreKey":{"signedKeyId":1,"baseKey":"BTVRNJC/hNVIpHOGpoRhOJ+W7MHk+4F8mC2zH9cK1rpg"}}},"version":"v1"}