{"_sessions":{"Ba/hqyL1ZGfBoONqCP2P3HJVBKuX00JEIGOmFxir9zh2":{"registrationId":1759093644,"currentRatchet":{"ephemeralKeyPair":{"pubKey":"BcLDndiDATzQUzBe/rlR+FJ3Vvj/IG00N+BE0UywfB4B","privKey":"kDxCLvfjz0pAhcBqi25AMy143SJvyrfhHGu3PLCMe3s="},"lastRemoteEphemeralKey":"BXs3xhbMcPScPlwQlA7CqbNvKkeuLpN2KR1H8H7Zx65B","previousCounter":0,"rootKey":"cE/XWp6rmdskc8NrsjKa1Sv21UG/Y33RG4yfPwd56u4="},"indexInfo":{"baseKey":"Ba/hqyL1ZGfBoONqCP2P3HJVBKuX00JEIGOmFxir9zh2","baseKeyType":1,"closed":-1,"used":1689735106101,"created":1689735106101,"remoteIdentityKey":"Bb3qh5GxNtMwlCuhP9zuUzusGAZ/JhxIQjYdUdT7ZRBX"},"_chains":{"BcLDndiDATzQUzBe/rlR+FJ3Vvj/IG00N+BE0UywfB4B":{"chainKey":{"counter":0,"key":"ATcG0a/ig6IKyvzwcIrfMBSa6YNcztZfqkVCn0F2JqE="},"chainType":1,"messageKeys":{}}},"pendingPreKey":{"signedKeyId":3,"baseKey":"Ba/hqyL1ZGfBoONqCP2P3HJVBKuX00JEIGOmFxir9zh2","preKeyId":5235346}}},"version":"v1"}