{"_sessions":{"BVVCQwyBoPO9GEc+Jb2qRvWY7od0HtkxweWlWG5/QPxW":{"registrationId":1895356330,"currentRatchet":{"ephemeralKeyPair":{"pubKey":"BeM3yi/f3tGoxt1trKiSxy7/IWto9REc6eONcX+9wxgq","privKey":"OEySGi+qU4//ESNA7m1B8YYczpNsYteZzsfrLGZ1g0U="},"lastRemoteEphemeralKey":"BWCEnCF/pZ4tlrWmBrn5s3V27BLXEXKpy4nTgL1n1fpx","previousCounter":0,"rootKey":"gWHT2rVVYdOg2yvSs3Rmg3CLufbnosnju6c27Ofb+uo="},"indexInfo":{"baseKey":"BVVCQwyBoPO9GEc+Jb2qRvWY7od0HtkxweWlWG5/QPxW","baseKeyType":1,"closed":-1,"used":1689734147680,"created":1689734147680,"remoteIdentityKey":"BTQnIRcEEGdc//EdPkNoy5wmu7blktf6Rc/d2ZSr9EZk"},"_chains":{"BeM3yi/f3tGoxt1trKiSxy7/IWto9REc6eONcX+9wxgq":{"chainKey":{"counter":0,"key":"nMy9AeSdxF/xh1i+CH/JpXBxf15jhqkpyJ/F3wL3o3M="},"chainType":1,"messageKeys":{}}},"pendingPreKey":{"signedKeyId":0,"baseKey":"BVVCQwyBoPO9GEc+Jb2qRvWY7od0HtkxweWlWG5/QPxW","preKeyId":254176}}},"version":"v1"}