{"_sessions":{"BTYkd0L46AvypfBQNUcf0KP9IKR+YnSZjzgk96CH7zhc":{"registrationId":5939,"currentRatchet":{"ephemeralKeyPair":{"pubKey":"BanX87JPAYULWo9EN6yBrDLAsWbxXJ248tH4b+IwwFh/","privKey":"6Jo7HruPuXpEuvZNGlIsXOmcCKlieBI1fh46Cc/ir10="},"lastRemoteEphemeralKey":"BW/tX7ZWs5hvUwUyQOd+DpEz2VN9a/JTRwPU/0bDQDFC","previousCounter":0,"rootKey":"N+qGvs5IvA8UVwpxQDpCXhVmgtT5UI8tJ1X5T6AoqqI="},"indexInfo":{"baseKey":"BTYkd0L46AvypfBQNUcf0KP9IKR+YnSZjzgk96CH7zhc","baseKeyType":1,"closed":-1,"used":1689734809370,"created":1689734809370,"remoteIdentityKey":"BRc6OVLYPtfSrSUXGRvXd5Set1RV9yDokvT7YFQWqisT"},"_chains":{"BanX87JPAYULWo9EN6yBrDLAsWbxXJ248tH4b+IwwFh/":{"chainKey":{"counter":0,"key":"7OKxhpDNzLoJ5Vy6WjR+9AdkFzOWePPdH/g/lrlMnQw="},"chainType":1,"messageKeys":{}}},"pendingPreKey":{"signedKeyId":2,"baseKey":"BTYkd0L46AvypfBQNUcf0KP9IKR+YnSZjzgk96CH7zhc"}}},"version":"v1"}