{"_sessions":{"BSxNp1i56dWqZOeDpyEXIWsj3E0Do/lWv2u8OWbL0FFo":{"registrationId":1400337541,"currentRatchet":{"ephemeralKeyPair":{"pubKey":"BbOpUFaeR7PmMrFkV5Zy6rIZnDBQ/bPMKv3vw+EwYXw0","privKey":"gBw68foe5yMOM7zOU5RN4180lwgPYx24EWZSPj1ssmg="},"lastRemoteEphemeralKey":"BcNODTsasOS5SKx/TMWY92QWNkug7W2M9Vz5Sw93uaoV","previousCounter":0,"rootKey":"Byg8VKWJ4wskchwNUTpeAMLYvzmrdJZQDpQbpMLniRM="},"indexInfo":{"baseKey":"BSxNp1i56dWqZOeDpyEXIWsj3E0Do/lWv2u8OWbL0FFo","baseKeyType":1,"closed":-1,"used":1689736333599,"created":1689735105838,"remoteIdentityKey":"BS0874gaK+33QbE/72S2m1p6XRXDNiUvXXOVoafSQQ8d"},"_chains":{"BcNODTsasOS5SKx/TMWY92QWNkug7W2M9Vz5Sw93uaoV":{"chainKey":{"counter":0,"key":"AAua0NRE2t+AmDiT4Akh0ti+PUJBd2Gy0OxWScoKcJ4="},"chainType":2,"messageKeys":{}},"BbOpUFaeR7PmMrFkV5Zy6rIZnDBQ/bPMKv3vw+EwYXw0":{"chainKey":{"counter":-1,"key":"ipUZ7p8MqNJvnnoKAhgOm9YSFh4/wrO01Z06Yhn6AzI="},"chainType":1,"messageKeys":{}}}}},"version":"v1"}