{"_sessions":{"BcPhtyIwW+ncSQYPkodTHRAB3KOd3NN5BJC7HtaYPq9C":{"registrationId":1234596236,"currentRatchet":{"ephemeralKeyPair":{"pubKey":"BRWmZZ+ulUhX1LEIXTDbjhySKWMvvZb9F1G6Yu6nPhw7","privKey":"OLaqutlQ8812Wl67rtqhOcBZGhZlj/k2XqsDkSTPImQ="},"lastRemoteEphemeralKey":"BeKPYqgNRuhzenTSdJryb+1/I343AqtMIaDaH4xz4NEE","previousCounter":0,"rootKey":"HtkXmisuHB7iOf+FLCcA5EQjQlBx/8/Rxo/OjWeDPAk="},"indexInfo":{"baseKey":"BcPhtyIwW+ncSQYPkodTHRAB3KOd3NN5BJC7HtaYPq9C","baseKeyType":1,"closed":-1,"used":1689734147666,"created":1689734147666,"remoteIdentityKey":"BT4EgR6DwMTtLkyPIj0U9wWoWDyDPNgIew0N/c+q5wln"},"_chains":{"BRWmZZ+ulUhX1LEIXTDbjhySKWMvvZb9F1G6Yu6nPhw7":{"chainKey":{"counter":0,"key":"zZr3h0a4bGm9RkYVubx4CAeId+j4QhmWLGgtKFqgJz4="},"chainType":1,"messageKeys":{}}},"pendingPreKey":{"signedKeyId":9,"baseKey":"BcPhtyIwW+ncSQYPkodTHRAB3KOd3NN5BJC7HtaYPq9C","preKeyId":3642223}}},"version":"v1"}