{"_sessions":{"BbZsaHu6qagE6gG2H1JSLDGYK90uWjf7O3Y4P9+tNz0p":{"registrationId":1983695717,"currentRatchet":{"ephemeralKeyPair":{"pubKey":"BdEx3HyDVpBBQi07JboLVWAuyu8Us7UKfXygdGMjDr5P","privKey":"mGOivfOyl4ZBPfzd0Gr0nLaWfh20ePDvkZF6WP8r1Xk="},"lastRemoteEphemeralKey":"BWUdOAgIn/Hos501z9FECiPxsATIA7Z3zHmqhjbY2mRS","previousCounter":0,"rootKey":"kxIqvkRbCWg9yGe5f/PABh0fgc+sa6s45xoHJ+7MvUE="},"indexInfo":{"baseKey":"BbZsaHu6qagE6gG2H1JSLDGYK90uWjf7O3Y4P9+tNz0p","baseKeyType":1,"closed":-1,"used":1689735105617,"created":1689735105617,"remoteIdentityKey":"BeeaUKRHMwO1f3lFqiVGBQiiKsU6Ic0SS2tZcsRGaYRP"},"_chains":{"BdEx3HyDVpBBQi07JboLVWAuyu8Us7UKfXygdGMjDr5P":{"chainKey":{"counter":0,"key":"oHsthb8pKV27hW2hwAdWYuGoliCGPv1VbiKENCkTixM="},"chainType":1,"messageKeys":{}}},"pendingPreKey":{"signedKeyId":12643431,"baseKey":"BbZsaHu6qagE6gG2H1JSLDGYK90uWjf7O3Y4P9+tNz0p","preKeyId":23265}}},"version":"v1"}