{"_sessions":{"BQd/0LVqLDHjexhdyJj/JikWki8i9Uwng5HYGd68i/9P":{"registrationId":129088697,"currentRatchet":{"ephemeralKeyPair":{"pubKey":"BSrAO9SlqPgJA1P3ogSjh/duzmm7cBV1wtSrHPCU340A","privKey":"SBaZ51pFl1vzOny5il6Zlwbwx4GIGr9EGs7NUwTzsXA="},"lastRemoteEphemeralKey":"BVM+VpKwHVo1QClCzNYzu5LLs8ywqBADUtyALqfe12MR","previousCounter":0,"rootKey":"gb5vXYPM5T6y/zHX7ohVP3nRQKdjd8P4PBPuf3q+Gao="},"indexInfo":{"baseKey":"BQd/0LVqLDHjexhdyJj/JikWki8i9Uwng5HYGd68i/9P","baseKeyType":1,"closed":-1,"used":1689735106296,"created":1689735106296,"remoteIdentityKey":"BYWMpQKJuRo8IrzMnYzIPfRcY59kvHksDlTkG8ebEQh4"},"_chains":{"BSrAO9SlqPgJA1P3ogSjh/duzmm7cBV1wtSrHPCU340A":{"chainKey":{"counter":0,"key":"0FcnuD0qm3kD45y3/ow/jQD1g/3XVF8m77qFrYr2gqQ="},"chainType":1,"messageKeys":{}}},"pendingPreKey":{"signedKeyId":4,"baseKey":"BQd/0LVqLDHjexhdyJj/JikWki8i9Uwng5HYGd68i/9P","preKeyId":159029}}},"version":"v1"}