{"_sessions":{"BVH4u8Lw7yEWYYzxj6ZRmpw4exdh8qcjzkA0HFH9VI14":{"registrationId":11436,"currentRatchet":{"ephemeralKeyPair":{"pubKey":"BUIyLvw6EBWa0bS94vSxIVzS12f49Q/Vu7H9blYf6ywY","privKey":"EEdW8qagXK3+Jkotu0W2rhJRevqar3NFTlmyG3GZlWA="},"lastRemoteEphemeralKey":"BfE4Wzs7g5yUciaZPQUUZ7u+7QHuzmfJSIY3+4FpjjpN","previousCounter":0,"rootKey":"8/2MBd4GjNXLlZDXYXazbO4m1Hpi7A0T9LuxewK2KUY="},"indexInfo":{"baseKey":"BVH4u8Lw7yEWYYzxj6ZRmpw4exdh8qcjzkA0HFH9VI14","baseKeyType":1,"closed":-1,"used":1689734809373,"created":1689734809373,"remoteIdentityKey":"BWspv1gKwEXhAvg0W39uGUx6KPEocppgvtqJUI5mvilM"},"_chains":{"BUIyLvw6EBWa0bS94vSxIVzS12f49Q/Vu7H9blYf6ywY":{"chainKey":{"counter":0,"key":"GFeH2cULS+EzT7mKMAbB3KHYRvt/mW7hsyj0GUVI1jQ="},"chainType":1,"messageKeys":{}}},"pendingPreKey":{"signedKeyId":1,"baseKey":"BVH4u8Lw7yEWYYzxj6ZRmpw4exdh8qcjzkA0HFH9VI14"}}},"version":"v1"}