{"_sessions":{"BfU+PAO7hSgBwyGoUbQL3xyYOeKyo/Q+x/DcmzBLoXxS":{"registrationId":889307235,"currentRatchet":{"ephemeralKeyPair":{"pubKey":"BT7Z9R0UoLBZPeom//xRxj6Cdu79Voq6D4SpIrcQFfE/","privKey":"0O0tDBDqMjZPWZO0BPZmvnI1dCSRDkcc8igXKOkm4Xw="},"lastRemoteEphemeralKey":"BQC8J3rQWkaITrArIzSQcBnamwk49FAB/ZaMaATFUUtA","previousCounter":0,"rootKey":"S39KPfwwwzoUmwTzRqdWgdLrmcLLmWlB/nGWKPHULh8="},"indexInfo":{"baseKey":"BfU+PAO7hSgBwyGoUbQL3xyYOeKyo/Q+x/DcmzBLoXxS","baseKeyType":1,"closed":-1,"used":1689733338563,"created":1689733338563,"remoteIdentityKey":"BUAsGv+0WqGysb7qe1WYBpN4lCKfALbYvcurloucOud4"},"_chains":{"BT7Z9R0UoLBZPeom//xRxj6Cdu79Voq6D4SpIrcQFfE/":{"chainKey":{"counter":0,"key":"pcSH4ttTCNrszl8rH5CqlLFGc9KwY/MLU5ikNeJHEGs="},"chainType":1,"messageKeys":{}}},"pendingPreKey":{"signedKeyId":4,"baseKey":"BfU+PAO7hSgBwyGoUbQL3xyYOeKyo/Q+x/DcmzBLoXxS"}}},"version":"v1"}