{"_sessions":{"Bd4ZM/w9y9ZXUegYzr/Mu8dY77DJ2g2fwuH7psq0rc8t":{"registrationId":1333814620,"currentRatchet":{"ephemeralKeyPair":{"pubKey":"BSzzaYuIQM5jmlvgolrZYOEuW8pXub9Y2j0whPVh82Bj","privKey":"YI3CyXIlfC+bt5v0KYK/FMglt8uexsN773ZC3tjiSEg="},"lastRemoteEphemeralKey":"Bf16Sr5RbbVovLn4ntk1TeXCa/DtbZOr5oAaeFw4gLZ7","previousCounter":0,"rootKey":"EmNmYC36xwjKpHrioxIxK327zDyV1kogcgh5VITw53I="},"indexInfo":{"baseKey":"Bd4ZM/w9y9ZXUegYzr/Mu8dY77DJ2g2fwuH7psq0rc8t","baseKeyType":1,"closed":-1,"used":1689735106352,"created":1689735106352,"remoteIdentityKey":"Bf7CIXCd+EmXmjnWmKDe+7Nk8cjoGcwK0P5zK8qFnOwJ"},"_chains":{"BSzzaYuIQM5jmlvgolrZYOEuW8pXub9Y2j0whPVh82Bj":{"chainKey":{"counter":0,"key":"vBaJVww6iW6xF4AemYiGwoimLwtfRIAKFnnlkWYWnoE="},"chainType":1,"messageKeys":{}}},"pendingPreKey":{"signedKeyId":0,"baseKey":"Bd4ZM/w9y9ZXUegYzr/Mu8dY77DJ2g2fwuH7psq0rc8t"}}},"version":"v1"}