{"_sessions":{"BZ23ALX/gwyjCAqQ2+lClk4hkimhjPUzAdGxY2+f/+U6":{"registrationId":8818,"currentRatchet":{"ephemeralKeyPair":{"pubKey":"BckA5Qtbuoun63bhDd/O/3P0QMqn+SRPfcha7DgqD85S","privKey":"aIr8w+gvNWw2tCz6Gzimy6heGdrNyxs1ZpFFnwa/Jm8="},"lastRemoteEphemeralKey":"BSffT3y4kFKHxhGHbicjUNbuB2+AClYOiLFuUJ/8AcZe","previousCounter":0,"rootKey":"Hn0/Dd9UYoDXad82HyRGfB6yqbmjArrUGpppqk5zEPM="},"indexInfo":{"baseKey":"BZ23ALX/gwyjCAqQ2+lClk4hkimhjPUzAdGxY2+f/+U6","baseKeyType":1,"closed":-1,"used":1689735105470,"created":1689735105470,"remoteIdentityKey":"BdLG6wMFHFQJ3KaNG0ok8AZoi8KnjXPWCVuoQNtqQDUC"},"_chains":{"BckA5Qtbuoun63bhDd/O/3P0QMqn+SRPfcha7DgqD85S":{"chainKey":{"counter":0,"key":"qP+8LvUsknRoViP7MpB8WH6RJJkKLt0RHBqWXqdEcgA="},"chainType":1,"messageKeys":{}}},"pendingPreKey":{"signedKeyId":1,"baseKey":"BZ23ALX/gwyjCAqQ2+lClk4hkimhjPUzAdGxY2+f/+U6","preKeyId":288}}},"version":"v1"}