{"_sessions":{"BcWoR+bff9XW+BLrxXJG5EHsmGpUTou81Z+UeXSIrA5u":{"registrationId":15521,"currentRatchet":{"ephemeralKeyPair":{"pubKey":"BTkqI5/yKqh9tTu7O28LLnP+SYPLwtPE+FfsPOreY/EL","privKey":"SLpIKchty62waylZ1i51Y+lFAWiBTQ1ErxZ1kSgHjlo="},"lastRemoteEphemeralKey":"BQeLqAV7E8ouKGZhF64Ynd4TYiF/oSOymMF/HwcEH4Nh","previousCounter":0,"rootKey":"UHMHqFglpoga3IkLWWI92N+/Vq2pQgHlKsXDMUlwEvE="},"indexInfo":{"baseKey":"BcWoR+bff9XW+BLrxXJG5EHsmGpUTou81Z+UeXSIrA5u","baseKeyType":1,"closed":-1,"used":1689735105483,"created":1689735105483,"remoteIdentityKey":"Ba28m6GzbR9jGv3jq2vzd7HZARVfGSO+Rn1XxQ1mHU5z"},"_chains":{"BTkqI5/yKqh9tTu7O28LLnP+SYPLwtPE+FfsPOreY/EL":{"chainKey":{"counter":0,"key":"LYX55/7+2kRRcTtL/b+uNp7YZJomSaQtkxLLr+xtG1c="},"chainType":1,"messageKeys":{}}},"pendingPreKey":{"signedKeyId":1,"baseKey":"BcWoR+bff9XW+BLrxXJG5EHsmGpUTou81Z+UeXSIrA5u"}}},"version":"v1"}