{"_sessions":{"Bd9dyjGYNKh/ejlFi9tBLeb1lLjWezmDoQsnD0zE7ZJo":{"registrationId":732399110,"currentRatchet":{"ephemeralKeyPair":{"pubKey":"BYeThvf1jwLqIItxQ+huOOkyoRjZmwE34Rm0GlavhFsT","privKey":"SJCDrnuZwoCtRDTcrnLtdGGU/+ZC6R90Eed+bgW/3FQ="},"lastRemoteEphemeralKey":"BYjD9Sizm3vnwjPO19PJ6Uk9igC9PrMG+VZDwXV1YItu","previousCounter":0,"rootKey":"wqthHx1gQUeG9qGHhih0g9Q3Jv2QVfOatFD659T3N4o="},"indexInfo":{"baseKey":"Bd9dyjGYNKh/ejlFi9tBLeb1lLjWezmDoQsnD0zE7ZJo","baseKeyType":1,"closed":-1,"used":1689734147651,"created":1689734147651,"remoteIdentityKey":"BXhUtY4buFB4MjMrJmf8N0ttJx3FTnWs104V6yZhiK0s"},"_chains":{"BYeThvf1jwLqIItxQ+huOOkyoRjZmwE34Rm0GlavhFsT":{"chainKey":{"counter":0,"key":"glfKRxyVKyyZqen5MJrnkLnQGpa295fDZqMB3hA7KAg="},"chainType":1,"messageKeys":{}}},"pendingPreKey":{"signedKeyId":1,"baseKey":"Bd9dyjGYNKh/ejlFi9tBLeb1lLjWezmDoQsnD0zE7ZJo","preKeyId":6067636}}},"version":"v1"}