{"_sessions":{"BRuCz37WZ4QsKxVakcsQGqDRBVJUTtYsIbgYwrlWqYg+":{"registrationId":853223294,"currentRatchet":{"ephemeralKeyPair":{"pubKey":"BaTVbP9p9dBDayH8ZSUIt4cyuHa7cXs3qvvKP3trKoND","privKey":"gL3QkPI4cxgP4p9i3G9oxWrBpP/uA3wXprlE2tZa6Vg="},"lastRemoteEphemeralKey":"BU5LxP3HRP3AR5qQiWxAW/uWuBvshSyUcegZrKNO0ZgY","previousCounter":0,"rootKey":"tgHnNrS4RvEfeKsfzaJdnqFSDjQJulexfbzlDiwpJPk="},"indexInfo":{"baseKey":"BRuCz37WZ4QsKxVakcsQGqDRBVJUTtYsIbgYwrlWqYg+","baseKeyType":1,"closed":-1,"used":1689735106310,"created":1689735106310,"remoteIdentityKey":"BSmwK1HRUt3n1hGmPjufWIFQecuNa83NOh874YjWiVMT"},"_chains":{"BaTVbP9p9dBDayH8ZSUIt4cyuHa7cXs3qvvKP3trKoND":{"chainKey":{"counter":0,"key":"8v+2M7f9I4jsoIWv3Ec7Y/satLFKaf4J4GaG+sgCpJo="},"chainType":1,"messageKeys":{}}},"pendingPreKey":{"signedKeyId":12,"baseKey":"BRuCz37WZ4QsKxVakcsQGqDRBVJUTtYsIbgYwrlWqYg+"}}},"version":"v1"}