{"_sessions":{"BdXWHrFG9VYFKx4gvSEJEwOZvsXNdRaHcJvqDUq4bUw8":{"registrationId":1365003435,"currentRatchet":{"ephemeralKeyPair":{"pubKey":"BRIympTx6517PSceGXkHvTvBwVFA4GU3lSbiAHqltbB8","privKey":"KA201w3MoirEXW2P3Zc0K/Pe22tcR4m1hjWgdm7LYWE="},"lastRemoteEphemeralKey":"BUcDPyPY6BsLKdLLSqdkmKSCEuX4miK967cphWzG9zlw","previousCounter":0,"rootKey":"eK/+WXqd9H+LL9/xyLKUAtddmsLaOtPU4jv4+x8VVjw="},"indexInfo":{"baseKey":"BdXWHrFG9VYFKx4gvSEJEwOZvsXNdRaHcJvqDUq4bUw8","baseKeyType":1,"closed":-1,"used":1689735105624,"created":1689735105624,"remoteIdentityKey":"BdoUx6Yr5xAhqhzcmb6Cn0XpgtCtjSm0MOp2xxg3+wMJ"},"_chains":{"BRIympTx6517PSceGXkHvTvBwVFA4GU3lSbiAHqltbB8":{"chainKey":{"counter":0,"key":"6aBXkLa7Dy2NBAjFSKIChtO4HgQnmBn8ZvjJK+qoJKo="},"chainType":1,"messageKeys":{}}},"pendingPreKey":{"signedKeyId":1,"baseKey":"BdXWHrFG9VYFKx4gvSEJEwOZvsXNdRaHcJvqDUq4bUw8","preKeyId":5413024}}},"version":"v1"}