{"_sessions":{"BTEabv9LzkMWKDeG7hmqadZ719k/bsu7CgRLw1OLKxwH":{"registrationId":1011050090,"currentRatchet":{"ephemeralKeyPair":{"pubKey":"BeA94jvvn82nYSrVyKCh9GA4lF7s1KbOSuwnBoF3A/lC","privKey":"aMvcNJaSEGoHnDhvQATwvQsbGhfbjKZQy7VOFLnWMV4="},"lastRemoteEphemeralKey":"BS0GCc3WjpHed6Ef0G8/DVf1WQqlNCr9dwKCccMleMQW","previousCounter":0,"rootKey":"ZGo808AfMb5WNky39tZ49Pnl+cHTu26DMoyAT/2xRj4="},"indexInfo":{"baseKey":"BTEabv9LzkMWKDeG7hmqadZ719k/bsu7CgRLw1OLKxwH","baseKeyType":1,"closed":-1,"used":1689735106395,"created":1689735106395,"remoteIdentityKey":"BSSkwaPIZ5699SxJyxg5NSnnA4vEcfi7LTCuMjd2eJtL"},"_chains":{"BeA94jvvn82nYSrVyKCh9GA4lF7s1KbOSuwnBoF3A/lC":{"chainKey":{"counter":0,"key":"4TjOeUWLrXjVV9Qq91lD+WO2UmZQvWC+jhjXXvD4kSw="},"chainType":1,"messageKeys":{}}},"pendingPreKey":{"signedKeyId":2,"baseKey":"BTEabv9LzkMWKDeG7hmqadZ719k/bsu7CgRLw1OLKxwH","preKeyId":14622894}}},"version":"v1"}