{"_sessions":{"BWQamVGzxnJUURpE7Wo+lVhRqtlftF6Fs70UybpvJpYy":{"registrationId":40272080,"currentRatchet":{"ephemeralKeyPair":{"pubKey":"BQJbYOI3UCu9l0gN4giJTXjLet3NkHclF3qwNgTMQuZL","privKey":"yNkWnPrf6pv+Tv5kBAovSkBShxQNgHfoJIuSCIGg2lw="},"lastRemoteEphemeralKey":"BWkIphTSE/H+oz3m51HMRAbnmqnGaEgt6aY9yc4wu/gb","previousCounter":0,"rootKey":"YJJOYJ5sRV79yEOVV1wIrERcI3EXGoz9wVGb9UojRpY="},"indexInfo":{"baseKey":"BWQamVGzxnJUURpE7Wo+lVhRqtlftF6Fs70UybpvJpYy","baseKeyType":1,"closed":-1,"used":1689735106194,"created":1689735106194,"remoteIdentityKey":"BfI62vKjmCnYV6Qa5/MXkzHTWwoODXkBpN43MVibzcJd"},"_chains":{"BQJbYOI3UCu9l0gN4giJTXjLet3NkHclF3qwNgTMQuZL":{"chainKey":{"counter":0,"key":"BH0rEKVi3cpOFcHIXgdNKEAw7YhDkMw3U+i+kBK13EY="},"chainType":1,"messageKeys":{}}},"pendingPreKey":{"signedKeyId":0,"baseKey":"BWQamVGzxnJUURpE7Wo+lVhRqtlftF6Fs70UybpvJpYy"}}},"version":"v1"}