{"_sessions":{"BY+y8q2AZ844g8/f+HlO2aA1D7YRUT2Mh4vbD3mwHIcA":{"registrationId":2554,"currentRatchet":{"ephemeralKeyPair":{"pubKey":"BQEV6zsl0T9Omg8ngU2Ujuf1W701Mu6tvBaAMOgsXgs8","privKey":"qFiyg2ZlFSk4g9GiW0vg8uOlhvmgdzk6VkBDz0C9+nQ="},"lastRemoteEphemeralKey":"BbPyq40Hk6DhTzf08t/m2eYB50NC01tSIwOwbA+2iOgm","previousCounter":0,"rootKey":"KjDM1jYB/nBC+giYyfjPGCbsZdSIxrShgNuNC65wacU="},"indexInfo":{"baseKey":"BY+y8q2AZ844g8/f+HlO2aA1D7YRUT2Mh4vbD3mwHIcA","baseKeyType":1,"closed":-1,"used":1689734147550,"created":1689734147550,"remoteIdentityKey":"BdblC/wUiKlTYAwx5S1jBcgtNYkybuPJ9AuJrbb6HzNH"},"_chains":{"BQEV6zsl0T9Omg8ngU2Ujuf1W701Mu6tvBaAMOgsXgs8":{"chainKey":{"counter":0,"key":"OXuUNEocuZonlyo+pxn2LFifuTODrEDwaK9ifddSnTo="},"chainType":1,"messageKeys":{}}},"pendingPreKey":{"signedKeyId":1,"baseKey":"BY+y8q2AZ844g8/f+HlO2aA1D7YRUT2Mh4vbD3mwHIcA"}}},"version":"v1"}