{"_sessions":{"BSRwCMK/xnQaY6QeBYd1ER5S2yPX8Pxo/j/s6qPnawU2":{"registrationId":188830978,"currentRatchet":{"ephemeralKeyPair":{"pubKey":"Bf24/cD3Y5bSeQzv5XO3eYgZ1hAY82uEEQHIonMjWJQ3","privKey":"UK8bJ9VyfMJ/6PmAxA24fHoQamwOkimus/J2wuWWo3c="},"lastRemoteEphemeralKey":"BV938nnSnCJIqqUP20z4v9zvk0MTo0XgUSRReABGNFJI","previousCounter":0,"rootKey":"miIGulAZltphzNraoaT/v98WFjKPAbvT9oBEEDPU870="},"indexInfo":{"baseKey":"BSRwCMK/xnQaY6QeBYd1ER5S2yPX8Pxo/j/s6qPnawU2","baseKeyType":1,"closed":-1,"used":1689735106332,"created":1689735106332,"remoteIdentityKey":"BYsFiX7jyuI9Rt/37bplu6oiJIXh6ORXShCe19dVT9Ah"},"_chains":{"Bf24/cD3Y5bSeQzv5XO3eYgZ1hAY82uEEQHIonMjWJQ3":{"chainKey":{"counter":0,"key":"xpTCLJ1b2eNIDD67pZAn4Q4ruNy9NEkF8FbGQHalJrI="},"chainType":1,"messageKeys":{}}},"pendingPreKey":{"signedKeyId":0,"baseKey":"BSRwCMK/xnQaY6QeBYd1ER5S2yPX8Pxo/j/s6qPnawU2","preKeyId":14724186}}},"version":"v1"}