{"_sessions":{"BTSBE3ylgLzNM3GezjxAZVh1fXAsJyv10l89lFT4UXtk":{"registrationId":1016210579,"currentRatchet":{"ephemeralKeyPair":{"pubKey":"BUUgpMsXKFvQvqRYPB93JALwkwHZr7EeG17RbJt8+dh4","privKey":"CGrjDtGs/6QfvJsQaE4OsJhkSFj6A07LSTjhqJ/9oXc="},"lastRemoteEphemeralKey":"Bdf97UI6pyXfazBuBsLvPtBnhPx9h0hbqNkvKKOTfxUe","previousCounter":0,"rootKey":"kwPlp2DBzPuGBZC6WGWnbs0LX3NLfO+D3D2I8EXxDEQ="},"indexInfo":{"baseKey":"BTSBE3ylgLzNM3GezjxAZVh1fXAsJyv10l89lFT4UXtk","baseKeyType":1,"closed":-1,"used":1689735106037,"created":1689735106037,"remoteIdentityKey":"BX4MzNA0Wx6NueZT125NQWxe3qS72raBwLpQteEGvYYG"},"_chains":{"BUUgpMsXKFvQvqRYPB93JALwkwHZr7EeG17RbJt8+dh4":{"chainKey":{"counter":0,"key":"fyu1rTgD1VhbRiZBwlmwUuTfDT2+UmIk+GOk0LtcNfA="},"chainType":1,"messageKeys":{}}},"pendingPreKey":{"signedKeyId":13,"baseKey":"BTSBE3ylgLzNM3GezjxAZVh1fXAsJyv10l89lFT4UXtk","preKeyId":267582}}},"version":"v1"}