{"_sessions":{"BaexAC2mpD1QHxvK3JqwF4OOW8VDJ/lcdx+ocwK/RzIV":{"registrationId":832319452,"currentRatchet":{"ephemeralKeyPair":{"pubKey":"BYWdIleoYT1Kg7nVK1ASovTZGkf0INZxBHT8V0O3ZaMz","privKey":"oL82edLgzhxWe8tsjZT3eqUDFETCnFZRIbPVOQsl0F0="},"lastRemoteEphemeralKey":"BYZN6ssZ/lm2x5Inpni7KUoP2yseQUjt0PNCeljhYMUC","previousCounter":0,"rootKey":"jJdHQt9V+zi7zVMXDRspNvvC9e6RRL6SUjclk2rl4nM="},"indexInfo":{"baseKey":"BaexAC2mpD1QHxvK3JqwF4OOW8VDJ/lcdx+ocwK/RzIV","baseKeyType":1,"closed":-1,"used":1689735106338,"created":1689735106338,"remoteIdentityKey":"BdgzVtPQvg//2eBdD41AaPSTR5AU4mjeDuVaW47R17YG"},"_chains":{"BYWdIleoYT1Kg7nVK1ASovTZGkf0INZxBHT8V0O3ZaMz":{"chainKey":{"counter":0,"key":"sGBnZa3KXuuQKrBZ9RE9b3agQQBhN0TMEJGz41biS9I="},"chainType":1,"messageKeys":{}}},"pendingPreKey":{"signedKeyId":5,"baseKey":"BaexAC2mpD1QHxvK3JqwF4OOW8VDJ/lcdx+ocwK/RzIV"}}},"version":"v1"}