{"_sessions":{"Bc6LZI0eQVxZ7aOcR605cWXzEtMP3L+a3jm7jx8teo0Q":{"registrationId":759450586,"currentRatchet":{"ephemeralKeyPair":{"pubKey":"Bcfxh0ExfDynxcjzRP9f2pecFZhTJKXKdc4cu76xjF0Y","privKey":"qBXCHLOtJBxWz4vSbrU7dFqsB1c2nRQkiwsTHNikhGU="},"lastRemoteEphemeralKey":"BQt/2PNRHBSb28UFvlQvSG6uL5spvzQRHLOGazTXNbtK","previousCounter":0,"rootKey":"OEvKVlUF3KIe4pQYXNu++9jVRiH2i1FuDpQ17aknR1Q="},"indexInfo":{"baseKey":"Bc6LZI0eQVxZ7aOcR605cWXzEtMP3L+a3jm7jx8teo0Q","baseKeyType":1,"closed":-1,"used":1689734147688,"created":1689734147688,"remoteIdentityKey":"BYEDS9qbOV+FqgWMH3T5qK9K1oJdn9eBRULwFHYwM595"},"_chains":{"Bcfxh0ExfDynxcjzRP9f2pecFZhTJKXKdc4cu76xjF0Y":{"chainKey":{"counter":0,"key":"vWVNiiDTPlucLFfTRkUusgDrapvEhiq69YOl3myLmH0="},"chainType":1,"messageKeys":{}}},"pendingPreKey":{"signedKeyId":4,"baseKey":"Bc6LZI0eQVxZ7aOcR605cWXzEtMP3L+a3jm7jx8teo0Q","preKeyId":12475610}}},"version":"v1"}