{"_sessions":{"BYo4iMtqn3xhlSO63Dwb4U6MGZRfouyGQAeTEPyrew87":{"registrationId":13060,"currentRatchet":{"ephemeralKeyPair":{"pubKey":"BaKJEqcExd2xhnPpDeUTERivk8QCPyIVi99N5S2/ToYG","privKey":"0JsV/Hw7LTZbAIiY4R5hiVMReSbbDBqTPZFHGj0WKXg="},"lastRemoteEphemeralKey":"BdiaLV6jOK2qHln1CFjn/gPNcaTiVyKMmDwhqCVtKyF1","previousCounter":0,"rootKey":"0CE2GLNl6lDnjUfaRywtEMlSDaSyx1gyKkGZCx5D8Gk="},"indexInfo":{"baseKey":"BYo4iMtqn3xhlSO63Dwb4U6MGZRfouyGQAeTEPyrew87","baseKeyType":1,"closed":-1,"used":1689735105547,"created":1689735105547,"remoteIdentityKey":"BZ45osFuPtC8aU0gWdZhiX/3MxN/HPVWQNukceTHsZlA"},"_chains":{"BaKJEqcExd2xhnPpDeUTERivk8QCPyIVi99N5S2/ToYG":{"chainKey":{"counter":0,"key":"KazAYyMmsKNtrA/dawxkbFpwSgwOuRZ6jvGrhFTP5PY="},"chainType":1,"messageKeys":{}}},"pendingPreKey":{"signedKeyId":1,"baseKey":"BYo4iMtqn3xhlSO63Dwb4U6MGZRfouyGQAeTEPyrew87","preKeyId":406}}},"version":"v1"}