{"_sessions":{"BdOgsnqhgMhSOrnAlMROZMJIVsLM9ANqviErg+FLgxl4":{"registrationId":1922559730,"currentRatchet":{"ephemeralKeyPair":{"pubKey":"BUdk/tlCgFx+CetzObAlbAqg38byosKR6Eu9TkGNZA85","privKey":"qBEx/vg2jhstpWb0xTP7yI9Qyr5xMe9pY++RiU6fZFw="},"lastRemoteEphemeralKey":"BYC1YQsvljVpjh2Fik44NoB72tQMaaI1/Nz4qMWwDOhi","previousCounter":0,"rootKey":"FXKFHJWPwWvHK1CSRLH2uEmhIux0EUoHUmkhPYRqy4s="},"indexInfo":{"baseKey":"BdOgsnqhgMhSOrnAlMROZMJIVsLM9ANqviErg+FLgxl4","baseKeyType":1,"closed":-1,"used":1689735011722,"created":1689734809472,"remoteIdentityKey":"BT9FxsVDVxetJpGwnBVejMeVvmMM9g9tJr3lzDt4eMdr"},"_chains":{"BYC1YQsvljVpjh2Fik44NoB72tQMaaI1/Nz4qMWwDOhi":{"chainKey":{"counter":0,"key":"6t3PcACekbzm+RwpBpQo4iLDQSbfVdtA5JwPeZdzfhs="},"chainType":2,"messageKeys":{}},"BUdk/tlCgFx+CetzObAlbAqg38byosKR6Eu9TkGNZA85":{"chainKey":{"counter":-1,"key":"nk9FnreqibcFL9WHpCyEJyeq5Qmfrs1R2YjfeRowMZY="},"chainType":1,"messageKeys":{}}}}},"version":"v1"}