{"_sessions":{"BX5lqZXBFJz+5J2ipmIusyyHZEnnNACWhfS4rQz4Z+4d":{"registrationId":886680376,"currentRatchet":{"ephemeralKeyPair":{"pubKey":"BRgmuFz+Wj6DdJXtjraZER7EiHQQuZsDNaJbyktx2fxy","privKey":"UNwnleN5pNqsMJzRHLK32EB0gzW6MUT/Fr6bLcF5MU4="},"lastRemoteEphemeralKey":"BS19x9sS8DEvEQCZI2zj0sn0IX9u9vjzqWPa9jirS0YD","previousCounter":0,"rootKey":"y+wrtIPqJqeSHoRPoG611UlJwjlvydlhlucXA7+CiY0="},"indexInfo":{"baseKey":"BX5lqZXBFJz+5J2ipmIusyyHZEnnNACWhfS4rQz4Z+4d","baseKeyType":1,"closed":-1,"used":1689735105669,"created":1689735105669,"remoteIdentityKey":"BV1cnPwPBk69KowuK/OYa9hI+QREc8UWavg+uucm/FUq"},"_chains":{"BRgmuFz+Wj6DdJXtjraZER7EiHQQuZsDNaJbyktx2fxy":{"chainKey":{"counter":0,"key":"/xiA5q1lQbydyV2x57fAZO3Pj5FOSthSFA4SEb441+Q="},"chainType":1,"messageKeys":{}}},"pendingPreKey":{"signedKeyId":11644332,"baseKey":"BX5lqZXBFJz+5J2ipmIusyyHZEnnNACWhfS4rQz4Z+4d","preKeyId":5673}}},"version":"v1"}