{"_sessions":{"BRn008PXrh4vD9vVTlSwGi602wWQVC5NXRcK+0kHAf0L":{"registrationId":2034255658,"currentRatchet":{"ephemeralKeyPair":{"pubKey":"BV12gCD6Ynz4Fc2yzzTy+DMjfx8jXwI1f3rXFDPERXI8","privKey":"6F3tq0WPpgX3a77p4agiwizRPr2KI1cZyzmo/0vYc38="},"lastRemoteEphemeralKey":"BaHcXtYfy9v3LGROU1WnazX9Yyjj4PxAwjGhUlNc1wIH","previousCounter":0,"rootKey":"Kk1u1bseP5COuae3WAKfed53W3Q1k2j2qnY+phx/2zk="},"indexInfo":{"baseKey":"BRn008PXrh4vD9vVTlSwGi602wWQVC5NXRcK+0kHAf0L","baseKeyType":1,"closed":-1,"used":1689735105977,"created":1689735105977,"remoteIdentityKey":"BUtbxJGv5x6vcZwJ94+J+pCF1+zp0IHNXcTySOR8lY8P"},"_chains":{"BV12gCD6Ynz4Fc2yzzTy+DMjfx8jXwI1f3rXFDPERXI8":{"chainKey":{"counter":0,"key":"kb+ZFyEtgJ+XxcUuODoIrjasU3Y/AnE9/l6/WDxSWuk="},"chainType":1,"messageKeys":{}}},"pendingPreKey":{"signedKeyId":0,"baseKey":"BRn008PXrh4vD9vVTlSwGi602wWQVC5NXRcK+0kHAf0L","preKeyId":6279691}}},"version":"v1"}