{"_sessions":{"BUPqgZckOzJ0s4qUjI+wBouvNbhoG4/XpTSelvpxHIls":{"registrationId":1325089112,"currentRatchet":{"ephemeralKeyPair":{"pubKey":"BZN0SDQQVJLvEBlq0VIife6I6fpkPKNfXhYkBgzObVhS","privKey":"qCyjzcVlXUpfYjEjasE+ZO0XYZkNGSzaIijteqVJGW4="},"lastRemoteEphemeralKey":"BaKyNCN+8/mr9hIpCkHwE3nOY+8cOfWGS/yNY6gUHOwB","previousCounter":0,"rootKey":"un3OlqBVcacBeJshY4hO0ivAMTAMxpEpIwm1JPtqg5M="},"indexInfo":{"baseKey":"BUPqgZckOzJ0s4qUjI+wBouvNbhoG4/XpTSelvpxHIls","baseKeyType":1,"closed":-1,"used":1689735106271,"created":1689735106271,"remoteIdentityKey":"BbU21ipVzEaATQv2RDWM+s+oeoyX/7a1OdECBvUahKFK"},"_chains":{"BZN0SDQQVJLvEBlq0VIife6I6fpkPKNfXhYkBgzObVhS":{"chainKey":{"counter":0,"key":"xuh2QmYRQQADa6NoI9bimCFptzQcCV8zS4xA3qjRCBY="},"chainType":1,"messageKeys":{}}},"pendingPreKey":{"signedKeyId":2,"baseKey":"BUPqgZckOzJ0s4qUjI+wBouvNbhoG4/XpTSelvpxHIls","preKeyId":14686779}}},"version":"v1"}