{"_sessions":{"BSDU3IOGZ3DVhgDpyEEjapvWLxWJKisjdlD5wROzS/xO":{"registrationId":607631480,"currentRatchet":{"ephemeralKeyPair":{"pubKey":"BWgtaj419kLLC+DYm1p0vmRNtF3cnsCxGH/YRB/Xg2pp","privKey":"AFpDp20e2cm/2i7WQ45pfMpaAuocYKVfLwhZV8Cy9mA="},"lastRemoteEphemeralKey":"BSpRBOoHiY4ipNwCdo01RKvj9dKiFIS+Uc2Edc70yW5W","previousCounter":0,"rootKey":"RN1Gczigs3SsfSOR7xpOOekZh6Othhozazj9D2cjpd0="},"indexInfo":{"baseKey":"BSDU3IOGZ3DVhgDpyEEjapvWLxWJKisjdlD5wROzS/xO","baseKeyType":2,"closed":-1,"used":1689734129528,"created":1689734129528,"remoteIdentityKey":"BY6uXtijGwexyfMtpLXt9Sbv3Oqb55zy3d40bEQOIxNA"},"_chains":{"BSpRBOoHiY4ipNwCdo01RKvj9dKiFIS+Uc2Edc70yW5W":{"chainKey":{"counter":0,"key":"eJxWlGjmNDZ6aYAliY5UwSHMDhuD4BEwPY6AE/38FJk="},"chainType":2,"messageKeys":{}},"BWgtaj419kLLC+DYm1p0vmRNtF3cnsCxGH/YRB/Xg2pp":{"chainKey":{"counter":0,"key":"ze3qxA+v6mFbXvihEfmrxBmf0miTtrjzqHalZuVLA0k="},"chainType":1,"messageKeys":{}}}}},"version":"v1"}