{"_sessions":{"BTINjjBvftXQisHq4tEBtG/m8uQmaDpKEG0iRx+t5pdq":{"registrationId":10743,"currentRatchet":{"ephemeralKeyPair":{"pubKey":"BUOJ+1LMbgyRIh+V2qMD5hSVwoBKa9tt1Lb5jCNaUZsX","privKey":"kAsPjkHOVxSjrKfn8/94NxDtrw4+O+j2t3QpGLzEfEs="},"lastRemoteEphemeralKey":"BZajuIKYelvwpvOzgK6ElaRyol6nb1PAR5Uh6uJ1OTJs","previousCounter":0,"rootKey":"sfd6WULHWLwfea+37GzVXFLgWAApLQaLVPBuYe+B3is="},"indexInfo":{"baseKey":"BTINjjBvftXQisHq4tEBtG/m8uQmaDpKEG0iRx+t5pdq","baseKeyType":1,"closed":-1,"used":1689735105473,"created":1689735105473,"remoteIdentityKey":"BVZrwc+JyrIGIjrOSP8sBjMBRP8ErvVsed9YQMqd26lN"},"_chains":{"BUOJ+1LMbgyRIh+V2qMD5hSVwoBKa9tt1Lb5jCNaUZsX":{"chainKey":{"counter":0,"key":"wbuZOBUmLuGpyVHrWWUd4y4lReILXL4Osd8Sxpq2FOk="},"chainType":1,"messageKeys":{}}},"pendingPreKey":{"signedKeyId":1,"baseKey":"BTINjjBvftXQisHq4tEBtG/m8uQmaDpKEG0iRx+t5pdq","preKeyId":1803}}},"version":"v1"}