{"_sessions":{"BQ+OCw/frHvdDsMjE3v5aYbstBjOfHCf8tYomIIus09T":{"registrationId":1307894409,"currentRatchet":{"ephemeralKeyPair":{"pubKey":"BQo5PPjLpqAHs+jtzUUmDokGvzqqQf+D/4dbIUv6m2Y9","privKey":"UJjuG/jwKlkVbH10+UPwZathI1HeCzEdIBiWAEH6TXU="},"lastRemoteEphemeralKey":"BY61XqkDyyTlJUVIfyXO3bP6ZiCm4ZDX4ggdPEUnkTB9","previousCounter":0,"rootKey":"jvQhrNDC2m+Ja8lypEPF65SiyrwB2bE7DLs9AP+w9ZU="},"indexInfo":{"baseKey":"BQ+OCw/frHvdDsMjE3v5aYbstBjOfHCf8tYomIIus09T","baseKeyType":2,"closed":-1,"used":1689733424044,"created":1689733424044,"remoteIdentityKey":"BQdw/QmX7h2yhdMa/1waxOKs6YeZmVTsLRFYFINJudFU"},"_chains":{"BY61XqkDyyTlJUVIfyXO3bP6ZiCm4ZDX4ggdPEUnkTB9":{"chainKey":{"counter":0,"key":"ZU9gD0ly5wJFimTzbwLSIi7F/JrHpSUfccIS3Yovw68="},"chainType":2,"messageKeys":{}},"BQo5PPjLpqAHs+jtzUUmDokGvzqqQf+D/4dbIUv6m2Y9":{"chainKey":{"counter":1,"key":"hXiYAS/qS2kNDa4Fy8Z82Vw3W/eiYW3KW7eKSmo+f0I="},"chainType":1,"messageKeys":{}}}}},"version":"v1"}