{"_sessions":{"BdEZhxZB8q7bEVcr+ezWT9IJZqbQpycgCQvJBXkZ4yZF":{"registrationId":4940,"currentRatchet":{"ephemeralKeyPair":{"pubKey":"BR6inIH+vXSRO4Zrt+ajlv/txH1RLuNg59MQEoaQq+RC","privKey":"AOr+t4A+l4DBZ6fhwiRcBvYcNXMLtB3Wi8Lv4zmaPkI="},"lastRemoteEphemeralKey":"BVe1SGeCkJ9Q5Sz98TMmh96OUw+dmTAKtgCIDuzkvN94","previousCounter":0,"rootKey":"Vunve4vrPTR+hU+/lYiwEb44vuSEFOjdzWefoNg3LFI="},"indexInfo":{"baseKey":"BdEZhxZB8q7bEVcr+ezWT9IJZqbQpycgCQvJBXkZ4yZF","baseKeyType":1,"closed":-1,"used":1689735105480,"created":1689735105480,"remoteIdentityKey":"BSMu3qmTpAcugS7nf5A9xuZ4OSW0jDiAiPdKHbEbdeJC"},"_chains":{"BR6inIH+vXSRO4Zrt+ajlv/txH1RLuNg59MQEoaQq+RC":{"chainKey":{"counter":0,"key":"frnzTMSOeY2KgkJAeOrxeZ7Z2cjeAph5ozuyYkFvKv4="},"chainType":1,"messageKeys":{}}},"pendingPreKey":{"signedKeyId":1,"baseKey":"BdEZhxZB8q7bEVcr+ezWT9IJZqbQpycgCQvJBXkZ4yZF"}}},"version":"v1"}