{"_sessions":{"BWyhDkdeT+oxH1CvOViMCFbJH/W1sXLA6NXgALfp3C4q":{"registrationId":2018747536,"currentRatchet":{"ephemeralKeyPair":{"pubKey":"BcKtmgPAXCiihSdq/oxqia4c0KR5YHtzd+TxuU8Ft61L","privKey":"qBBKnS9qTv91m0oXXW53WkHh6uAn2ZqTo4Q7qUJPRHg="},"lastRemoteEphemeralKey":"BcQ/pZrRQHa4kRqLHKuTlSxBIC1zeZ/cA3MmfQeDY8l7","previousCounter":0,"rootKey":"fcPfHxXfLC7quIBmbWd8rP1337SHXnLKfsZ7JhlkC1s="},"indexInfo":{"baseKey":"BWyhDkdeT+oxH1CvOViMCFbJH/W1sXLA6NXgALfp3C4q","baseKeyType":1,"closed":-1,"used":1689734147621,"created":1689734147621,"remoteIdentityKey":"BSVvfv4xvcb8TyGlrW7kXym1I4ajBqBjA2uGIjNh46lk"},"_chains":{"BcKtmgPAXCiihSdq/oxqia4c0KR5YHtzd+TxuU8Ft61L":{"chainKey":{"counter":0,"key":"rNcwzPSvrjlIVUbw99nEwQcQptxHCLAPNw6Vx1nzvrE="},"chainType":1,"messageKeys":{}}},"pendingPreKey":{"signedKeyId":5,"baseKey":"BWyhDkdeT+oxH1CvOViMCFbJH/W1sXLA6NXgALfp3C4q","preKeyId":4760961}}},"version":"v1"}