{"_sessions":{"BbxQRZjH33JGuE+hNvYFhOgq/POzQAVysWdWv8GVTYRB":{"registrationId":520094786,"currentRatchet":{"ephemeralKeyPair":{"pubKey":"BdsC7yteYe88Aa+ZhIYSzlHLyzIivYyqWvpmYN29GVAL","privKey":"YGudntHlmgj24Y58IRQZIAR86E9tg1B59lFVYR4FcX0="},"lastRemoteEphemeralKey":"Bb5OrfFfit/t97VCSZIWOvqnaCh7oVI2RyedqvzWecEO","previousCounter":0,"rootKey":"ZYiKj/r08qiX+nrdUJ2ssf33l2HSdmVdPIi1zVtxhvA="},"indexInfo":{"baseKey":"BbxQRZjH33JGuE+hNvYFhOgq/POzQAVysWdWv8GVTYRB","baseKeyType":1,"closed":-1,"used":1689735105653,"created":1689735105653,"remoteIdentityKey":"BTLzHfY9JQB2eQtQHOn92JPwakWIBerU42+C9DZfPsIu"},"_chains":{"BdsC7yteYe88Aa+ZhIYSzlHLyzIivYyqWvpmYN29GVAL":{"chainKey":{"counter":0,"key":"Xo/qO7ZgKXgZjHuSS3w6Sz2g+HwVH6e45Pegn/5s8Rs="},"chainType":1,"messageKeys":{}}},"pendingPreKey":{"signedKeyId":9,"baseKey":"BbxQRZjH33JGuE+hNvYFhOgq/POzQAVysWdWv8GVTYRB","preKeyId":10251001}}},"version":"v1"}