{"_sessions":{"BVMtUdufpHrhvw0FieVApHNRQHbxsdBhH43FFKuwczUT":{"registrationId":1809975214,"currentRatchet":{"ephemeralKeyPair":{"pubKey":"BemoiTietGPfBNMe/F2I6oW/aun0FTG+MkzXrIG6Lflj","privKey":"cB8tN3s0TGX0jJOhSf54+zbLmz+at2ZFThDf+mXgI2w="},"lastRemoteEphemeralKey":"BdLmIGaTCN78NUlDrayisCYqOgJGXsSiabT6IdnVkoEU","previousCounter":0,"rootKey":"2noTwVAiK8jZXfYvaMiN39dHya9bZiLNb9a6tWz2IYY="},"indexInfo":{"baseKey":"BVMtUdufpHrhvw0FieVApHNRQHbxsdBhH43FFKuwczUT","baseKeyType":1,"closed":-1,"used":1689735106387,"created":1689735106387,"remoteIdentityKey":"BQmyxahZt9ARpo3gH1SXcd4ULE3Ij5cAWN5b8/ql1dhD"},"_chains":{"BemoiTietGPfBNMe/F2I6oW/aun0FTG+MkzXrIG6Lflj":{"chainKey":{"counter":0,"key":"o7A4dKVJX/j9WIuzfsQLfUKywKCaTHTKDgN6dJjCby8="},"chainType":1,"messageKeys":{}}},"pendingPreKey":{"signedKeyId":0,"baseKey":"BVMtUdufpHrhvw0FieVApHNRQHbxsdBhH43FFKuwczUT"}}},"version":"v1"}