{"_sessions":{"BYOBbeDly5e9Ot70IsGzEZjffSit5d3CDOEkihvOnbhD":{"registrationId":1881137064,"currentRatchet":{"ephemeralKeyPair":{"pubKey":"BWPT22t3kyb+v8Fq9SIpOBeybvMHAOrKTge6LWt48LRC","privKey":"QKvWwLd/PBdYZimDPDJd0FCBkN5RfJF2mPwjpDR5Tm0="},"lastRemoteEphemeralKey":"BcE7fIBP1ngKEnyGDD67onLqPOdV5PYBkxu+IozqRqY4","previousCounter":0,"rootKey":"tv7mu434NjUnmOzgWUbEZJE9lj88FdPeWztdTf8oe94="},"indexInfo":{"baseKey":"BYOBbeDly5e9Ot70IsGzEZjffSit5d3CDOEkihvOnbhD","baseKeyType":1,"closed":-1,"used":1689735028095,"created":1689735028095,"remoteIdentityKey":"BaiD5fX5MdTPBom2l5h8qcJ2xhK6zf8yTCRM7vaKIF5J"},"_chains":{"BWPT22t3kyb+v8Fq9SIpOBeybvMHAOrKTge6LWt48LRC":{"chainKey":{"counter":0,"key":"/bBi+3ienWIzQRESE55dpAzjxKvVZdMR0b+mW1ZLb/U="},"chainType":1,"messageKeys":{}}},"pendingPreKey":{"signedKeyId":4,"baseKey":"BYOBbeDly5e9Ot70IsGzEZjffSit5d3CDOEkihvOnbhD","preKeyId":7351514}}},"version":"v1"}