{"_sessions":{"BaoyvQ0kIKBejWHPDhPbKWG0U+d0N/3/2qyUSnyTWRwG":{"registrationId":1607790006,"currentRatchet":{"ephemeralKeyPair":{"pubKey":"BZSH/+Yi4axgZlXcoNC2AqXWIDSH+rNz/56zlbOfgB9r","privKey":"kNAsSFYnrbJOuDZw2jl/NVUUix0IbnPtyhiZs9cVLFE="},"lastRemoteEphemeralKey":"BUxtFXGYsAZbm/RCkIe6c1i5P2HMtSR857yPcQby+MEL","previousCounter":0,"rootKey":"a0DAqXKY+FzJWwTLY2aNxDEmLAuhcpIq3VqTPN6LOgg="},"indexInfo":{"baseKey":"BaoyvQ0kIKBejWHPDhPbKWG0U+d0N/3/2qyUSnyTWRwG","baseKeyType":1,"closed":-1,"used":1689735106160,"created":1689735106160,"remoteIdentityKey":"BSs5xd+7TeDKvTOXTVeA8V4PDVCvj2aVAjI3y+HrLpR6"},"_chains":{"BZSH/+Yi4axgZlXcoNC2AqXWIDSH+rNz/56zlbOfgB9r":{"chainKey":{"counter":0,"key":"4JJytphT+MdeoMnVJArBXwVqdqzKtg1TjmUdqKBV1VI="},"chainType":1,"messageKeys":{}}},"pendingPreKey":{"signedKeyId":0,"baseKey":"BaoyvQ0kIKBejWHPDhPbKWG0U+d0N/3/2qyUSnyTWRwG"}}},"version":"v1"}