{"_sessions":{"BZlfUFPsuiUcaU/78GubULIug+vI8/6BwYAYtDYmDqN7":{"registrationId":15283,"currentRatchet":{"ephemeralKeyPair":{"pubKey":"BaMn5g7wwVXe4wr14N5BMH+HLWzxu1pRE5WPBCnWMCou","privKey":"GEcRDaFeU8G3t/NdhjJIhCmH+HbmYjLITo6ES+6GcFc="},"lastRemoteEphemeralKey":"BUh81lsaEkjFOvq12eQOx294XvE9/U2+764MdX7eUwhc","previousCounter":0,"rootKey":"7QbnTyPzx2cQM8GKq/hdDBnFTXYDayNDsSAMKOOZPvQ="},"indexInfo":{"baseKey":"BZlfUFPsuiUcaU/78GubULIug+vI8/6BwYAYtDYmDqN7","baseKeyType":1,"closed":-1,"used":1689735105491,"created":1689735105491,"remoteIdentityKey":"Be5AC0rVeWGjWZ5CKjK4F8upF+IJ6FjAdP5Y6aQSPA1l"},"_chains":{"BaMn5g7wwVXe4wr14N5BMH+HLWzxu1pRE5WPBCnWMCou":{"chainKey":{"counter":0,"key":"q6NYuOzFNj2hDT69xvOt3e/KnH7rMgCx+vnAe/0PcQY="},"chainType":1,"messageKeys":{}}},"pendingPreKey":{"signedKeyId":2,"baseKey":"BZlfUFPsuiUcaU/78GubULIug+vI8/6BwYAYtDYmDqN7","preKeyId":855}}},"version":"v1"}