{"_sessions":{"BeMHmHRYd9yux6CCSq+/FGBq9YUlvG51l/sreQSx7Ldy":{"registrationId":12490,"currentRatchet":{"ephemeralKeyPair":{"pubKey":"BX5pkK/6eDrAzMZQM4T7MEI8gjDYjJWllAwhHgJeGbZH","privKey":"sA3DJBYJhHjQOtPBRU//49qi0who4jATp02QK+obslA="},"lastRemoteEphemeralKey":"BaUhCuSzgOhcxQ0h+USrLrW+GpTewlH9dmFxGswFf2dF","previousCounter":0,"rootKey":"wqTrM/ubeuYkjza4XwiIdP0m4JzITtWn7qd7NVZ2CdQ="},"indexInfo":{"baseKey":"BeMHmHRYd9yux6CCSq+/FGBq9YUlvG51l/sreQSx7Ldy","baseKeyType":1,"closed":-1,"used":1689735105505,"created":1689735105505,"remoteIdentityKey":"BXPYBVc/OnKbdcO38GAuUhjFqVUhZHDcYaW7TmzbPK4F"},"_chains":{"BX5pkK/6eDrAzMZQM4T7MEI8gjDYjJWllAwhHgJeGbZH":{"chainKey":{"counter":0,"key":"XMYyxt52j6x+65ipxBpwk5GeFcW0SUwLPQo0+r3R8os="},"chainType":1,"messageKeys":{}}},"pendingPreKey":{"signedKeyId":1,"baseKey":"BeMHmHRYd9yux6CCSq+/FGBq9YUlvG51l/sreQSx7Ldy"}}},"version":"v1"}