{"_sessions":{"BVh1/+DKI1eS9knkkTkNgxFMinUpZeuCJxWN3ISOrMxJ":{"registrationId":572108567,"currentRatchet":{"ephemeralKeyPair":{"pubKey":"BerZjby8YitQc6qbTGUzUJISX9kVNKDMiSNpNus2Avci","privKey":"mB5/VC/iNsBwm/HNmQv2WpHSkSG3/LNqM1ZyXwWZiE8="},"lastRemoteEphemeralKey":"BYEeibhqzhKtMdJyukjfVsDuh+KqLqzMQFge3bb0l5Jq","previousCounter":0,"rootKey":"wKtSfCsuEg+9+wMQef93GuO5mW7wdJ4e15idcqSpDXA="},"indexInfo":{"baseKey":"BVh1/+DKI1eS9knkkTkNgxFMinUpZeuCJxWN3ISOrMxJ","baseKeyType":1,"closed":-1,"used":1689735105892,"created":1689735105892,"remoteIdentityKey":"BV9JVoPjpVClLoFQ9iVK7vbJIMrFUX/lJNM5pst9nUQE"},"_chains":{"BerZjby8YitQc6qbTGUzUJISX9kVNKDMiSNpNus2Avci":{"chainKey":{"counter":0,"key":"1LYWg3MT52jSJ/FpK3hCREejQQHNpx6C8MqxRn0ggCs="},"chainType":1,"messageKeys":{}}},"pendingPreKey":{"signedKeyId":0,"baseKey":"BVh1/+DKI1eS9knkkTkNgxFMinUpZeuCJxWN3ISOrMxJ","preKeyId":248042}}},"version":"v1"}