{"_sessions":{"BSWvx6Wr9kVehsvgO+vEPMjL9h/nb5nUv5LzWbX1fXZv":{"registrationId":525915609,"currentRatchet":{"ephemeralKeyPair":{"pubKey":"Bbu1ipwjXwY/9gfUMsBTy4IKdoLoadfwVdAJ2oNjfBlm","privKey":"wDPJvlZB6zvmU+ZBApOs25sk3UWGIy2IhajP49lQBFk="},"lastRemoteEphemeralKey":"BVx7oLyI4zk4QcjTSjp+DD20mPpS7aeKcRJThat8sehX","previousCounter":0,"rootKey":"YkLH57eYyoYELll88D6aNqE3VO5WvngRTAv/Xd2aaN0="},"indexInfo":{"baseKey":"BSWvx6Wr9kVehsvgO+vEPMjL9h/nb5nUv5LzWbX1fXZv","baseKeyType":1,"closed":-1,"used":1689735105907,"created":1689735105907,"remoteIdentityKey":"BTNyEh/166u5kNhyNkdJcuRLfGu4jcgAh+2D72lL/X1u"},"_chains":{"Bbu1ipwjXwY/9gfUMsBTy4IKdoLoadfwVdAJ2oNjfBlm":{"chainKey":{"counter":0,"key":"CDbUehJ9Xgi2EEPb8s4tCGNyiiZVLc0wjf6ktUXF08U="},"chainType":1,"messageKeys":{}}},"pendingPreKey":{"signedKeyId":2,"baseKey":"BSWvx6Wr9kVehsvgO+vEPMjL9h/nb5nUv5LzWbX1fXZv","preKeyId":2012996}}},"version":"v1"}