{"_sessions":{"Bbj86470qc/xFvqCjBuyw1gZxdzjdp89c5O2mP86myBh":{"registrationId":240,"currentRatchet":{"ephemeralKeyPair":{"pubKey":"BZagGVnOCRCdk2U0qx1LJAeu/P+zW1lIL4Mo1DhdHZxG","privKey":"iCKspwpI2QCm5NK9xD7h6ALUylU6+bB6XZt9/TowRFU="},"lastRemoteEphemeralKey":"BRLINh1srPqyz0uefmaH+nQoSnYysgToHlGny2WySNIJ","previousCounter":3,"rootKey":"ZzBZIJ7rWTSCvGLNg0fwQyqiPI7HWnY5V7iEfwebsLc="},"indexInfo":{"baseKey":"Bbj86470qc/xFvqCjBuyw1gZxdzjdp89c5O2mP86myBh","baseKeyType":2,"closed":1689733963351,"used":1689733931449,"created":1689733863170,"remoteIdentityKey":"BRJh7D+DWFZs6H6IvouEOWByiNKF0NI+kCwHTM0a/tga"},"_chains":{"BVWYupd925g5RJqPa9fptE4ncTjd6b++TEH9bD0f4DQ7":{"chainKey":{"counter":0},"chainType":2,"messageKeys":{}},"BRLINh1srPqyz0uefmaH+nQoSnYysgToHlGny2WySNIJ":{"chainKey":{"counter":3,"key":"F/2qZuEtjK0MztYhn/liE1KkqFjsUe9whF4E1VrFEXU="},"chainType":2,"messageKeys":{}},"BZagGVnOCRCdk2U0qx1LJAeu/P+zW1lIL4Mo1DhdHZxG":{"chainKey":{"counter":-1,"key":"aNiTMJKn8TyFWlr5rwRIcjz6I96uT+Ps+dOKVzzAIK0="},"chainType":1,"messageKeys":{}}}},"BZGeVHMmPbx71uZ/sMRIBRluLDuB29hus6gF0nA/faBf":{"registrationId":240,"currentRatchet":{"ephemeralKeyPair":{"pubKey":"BbuT05VgDbBSkChafZFBSsAuSDZ20BIrgeSr9/KBHiEu","privKey":"MHIKxeVGyikLl/Wrzmw6JT1z4Qrxw1X52dDPd3elj0s="},"lastRemoteEphemeralKey":"BdudTHU7THzSBnkbS10fRM5xU7rBFEFdGDa9TfCKHI8r","previousCounter":0,"rootKey":"8o+rNdRN41mNzgtVOUifrqzzDhjJqshe3iCzlS0GLP4="},"indexInfo":{"baseKey":"BZGeVHMmPbx71uZ/sMRIBRluLDuB29hus6gF0nA/faBf","baseKeyType":2,"closed":-1,"used":1689733963354,"created":1689733963354,"remoteIdentityKey":"BRJh7D+DWFZs6H6IvouEOWByiNKF0NI+kCwHTM0a/tga"},"_chains":{"BdudTHU7THzSBnkbS10fRM5xU7rBFEFdGDa9TfCKHI8r":{"chainKey":{"counter":0,"key":"+cNX+TxrzMw3BjMsHwHt1T7FB5TSgIAvBnbvOMecJzU="},"chainType":2,"messageKeys":{}},"BbuT05VgDbBSkChafZFBSsAuSDZ20BIrgeSr9/KBHiEu":{"chainKey":{"counter":1,"key":"CMYdnI3fnX8ls94oCJ9i4ZYH4cOz+xopF3aa+LErSRs="},"chainType":1,"messageKeys":{}}}}},"version":"v1"}