{"_sessions":{"BXA7QddZ9V8RfbuEsObRtxt2B1RG602K2ZnXKhrKvDQ7":{"registrationId":58,"currentRatchet":{"ephemeralKeyPair":{"pubKey":"BX4kAsTdlqjBxQtJbUdM/ociK7+UwYAbiRO7BwNVm117","privKey":"oPwUZJju+ekXtDst0L3g2sx63IhHZ0ipvhbRp91oxn4="},"lastRemoteEphemeralKey":"BfrBgDLUSwA4+fsDuDZzc/ZmTDtI8DR6zT+E3xPNC1s7","previousCounter":0,"rootKey":"eLLfsdLW6t7YTGo0kGjCgAvsPhlzoAoGiEu45xS72ks="},"indexInfo":{"baseKey":"BXA7QddZ9V8RfbuEsObRtxt2B1RG602K2ZnXKhrKvDQ7","baseKeyType":1,"closed":-1,"used":1689735105509,"created":1689735105509,"remoteIdentityKey":"BZ1s+ZbPNpIImIIZ+8URh37iQC25dIUDU74ElILMpvt/"},"_chains":{"BX4kAsTdlqjBxQtJbUdM/ociK7+UwYAbiRO7BwNVm117":{"chainKey":{"counter":0,"key":"fEMDZmSTstZvJ/44CT3x0YtuNxtCFRdFV5G7qriLhmY="},"chainType":1,"messageKeys":{}}},"pendingPreKey":{"signedKeyId":4,"baseKey":"BXA7QddZ9V8RfbuEsObRtxt2B1RG602K2ZnXKhrKvDQ7","preKeyId":1063}}},"version":"v1"}