{"_sessions":{"BfwIN5qAMFhjymOyY0hoLFx7+ZE3hDNYWirjfXLjRv5X":{"registrationId":23745227,"currentRatchet":{"ephemeralKeyPair":{"pubKey":"BVtS8kemOPW+dRFGh0xxSUVdrYPJzq1YkBi80r+lfLo2","privKey":"kEzzh3KKmgY791PT6TH9+Vxzfpxfde515YFKDBD6zno="},"lastRemoteEphemeralKey":"Bfj3tBUTIzmK7wjwK1QbOeztta8W1+vVduG/zFDCtbJ+","previousCounter":0,"rootKey":"Vl/r2fuSnIXT/t93DJEn/JcqluaNMcyHNPj25vW4xS4="},"indexInfo":{"baseKey":"BfwIN5qAMFhjymOyY0hoLFx7+ZE3hDNYWirjfXLjRv5X","baseKeyType":1,"closed":-1,"used":1689735105797,"created":1689735105797,"remoteIdentityKey":"BQJGEA2PxM3be31flRsx/05MKT2PAiApVXEW8hx3sWJu"},"_chains":{"BVtS8kemOPW+dRFGh0xxSUVdrYPJzq1YkBi80r+lfLo2":{"chainKey":{"counter":0,"key":"u2PjFclGTt7FyySuSeWf4MYQl2Ivrt55bz7FgG6Ts+c="},"chainType":1,"messageKeys":{}}},"pendingPreKey":{"signedKeyId":10,"baseKey":"BfwIN5qAMFhjymOyY0hoLFx7+ZE3hDNYWirjfXLjRv5X","preKeyId":15318411}}},"version":"v1"}