{"_sessions":{"BXytV5rjgfUbdxd3GBoFtN9Nh5/KdRHaKlQ7Uuy4/S06":{"registrationId":1206358689,"currentRatchet":{"ephemeralKeyPair":{"pubKey":"BSG6mssClC8/PdYcgx3BA6EFkkhKTS9rSGnLR062zYw2","privKey":"CIZkLj+vTGMV53gIcS0K+dyeGlLzTVkE5WJbFlrLuFE="},"lastRemoteEphemeralKey":"BRh2Uzlbbq06x5RX3nOsEC5TxljcA3eCRMoJdCwUMLR6","previousCounter":0,"rootKey":"UfAeRvNhiDYLmj+JeCPYN2PZwbeaB4ylH/cFATkk0ak="},"indexInfo":{"baseKey":"BXytV5rjgfUbdxd3GBoFtN9Nh5/KdRHaKlQ7Uuy4/S06","baseKeyType":1,"closed":-1,"used":1689735106259,"created":1689735106259,"remoteIdentityKey":"BRgmO5rnscXbhCEjDZZOZoEPXdgnrtlVRjIduX28GE1i"},"_chains":{"BSG6mssClC8/PdYcgx3BA6EFkkhKTS9rSGnLR062zYw2":{"chainKey":{"counter":0,"key":"05zUXmh1X6okmSHb9IU2awxDSlPW8g1jMa+TYQNMcuE="},"chainType":1,"messageKeys":{}}},"pendingPreKey":{"signedKeyId":7,"baseKey":"BXytV5rjgfUbdxd3GBoFtN9Nh5/KdRHaKlQ7Uuy4/S06","preKeyId":14911548}}},"version":"v1"}