{"_sessions":{"BWDuwtLL4OB8d4439AljB2iIbBVnRBD4+tRuHdy8+ZY6":{"registrationId":1015154458,"currentRatchet":{"ephemeralKeyPair":{"pubKey":"BWaJTqgM9Yj1TrPJxsvAFNrkAXA3ZkH0Wiyjune6wVdA","privKey":"kBV0EX8WtWTA4l4mlSVgW92Yy2rt1eaPv/xXWGcD+2o="},"lastRemoteEphemeralKey":"BVjPnQBISstIyq/YbAQrylR/FrsQAkbifx+bHv68tD5m","previousCounter":0,"rootKey":"6DIE+nUqQaLzZj3qgZ46Umk5Jh11DAC6rymCZC6+WXY="},"indexInfo":{"baseKey":"BWDuwtLL4OB8d4439AljB2iIbBVnRBD4+tRuHdy8+ZY6","baseKeyType":1,"closed":-1,"used":1689735105965,"created":1689735105965,"remoteIdentityKey":"BZq/TzSrCVgeLofk+Y1NLrhbqYZKl8mE94V+kdZ6ZV9P"},"_chains":{"BWaJTqgM9Yj1TrPJxsvAFNrkAXA3ZkH0Wiyjune6wVdA":{"chainKey":{"counter":0,"key":"O8epfFRdXwQQcbiog+k5NfczjDLmcKovvSAuADPkj/g="},"chainType":1,"messageKeys":{}}},"pendingPreKey":{"signedKeyId":4,"baseKey":"BWDuwtLL4OB8d4439AljB2iIbBVnRBD4+tRuHdy8+ZY6","preKeyId":7613518}}},"version":"v1"}