{"_sessions":{"BRISZoGkZoUmK65NT+M0BIVnetR7gj7vRdCHub3k65Ql":{"registrationId":6093,"currentRatchet":{"ephemeralKeyPair":{"pubKey":"BWxhgMfmUw/v+b/vQZfVzOoSY2QFUtt4vqbGvR6zjqtp","privKey":"cLh8llhkB91jEOC6WcdMiZkzSUAVzlmJqaBHnJgs30k="},"lastRemoteEphemeralKey":"BZTsXw+oFrfwEjJpOlzv2ony/ODK3GL98MuUg208WZkD","previousCounter":0,"rootKey":"63iBb1fJAAqxDeYnwqoVFDMOxjog/gytJ9RauuNdS+0="},"indexInfo":{"baseKey":"BRISZoGkZoUmK65NT+M0BIVnetR7gj7vRdCHub3k65Ql","baseKeyType":1,"closed":-1,"used":1689735105597,"created":1689735105597,"remoteIdentityKey":"BV+9N4ryTGaOYXQNLYDWK5XJB5UaoyTxoWVg11wWMzkb"},"_chains":{"BWxhgMfmUw/v+b/vQZfVzOoSY2QFUtt4vqbGvR6zjqtp":{"chainKey":{"counter":0,"key":"OQccxOQH6bO7o+Rc8OQzQYdU90AsH+nRPcgV0SrCXM8="},"chainType":1,"messageKeys":{}}},"pendingPreKey":{"signedKeyId":1,"baseKey":"BRISZoGkZoUmK65NT+M0BIVnetR7gj7vRdCHub3k65Ql","preKeyId":1848}}},"version":"v1"}