{"_sessions":{"BeDG7hnKF63bPMr4WXiP1UNODIhpbfc2x2qXvj5r1b4J":{"registrationId":998457081,"currentRatchet":{"ephemeralKeyPair":{"pubKey":"Bc7TlFUrE2RDDJ3NsRm5fuwDHMJzcU2/HocNunhqv9Y+","privKey":"aEH9uZ6HVKzKtwTyukbRR0cU2sJHe4LXanGuqrS1IEI="},"lastRemoteEphemeralKey":"BSyugmT+uqaNxxG67484tB/BvRi2AF7F0LZjlf+MNqVC","previousCounter":0,"rootKey":"8bORJSOmSx2COzuvXzVNyhVuGwHnZ5d03cja8C91ph8="},"indexInfo":{"baseKey":"BeDG7hnKF63bPMr4WXiP1UNODIhpbfc2x2qXvj5r1b4J","baseKeyType":1,"closed":-1,"used":1689733338578,"created":1689733338578,"remoteIdentityKey":"BanHBsoC5cs5swjjEbCHiYwXX+PJ8onW99TaPrJrxHUS"},"_chains":{"Bc7TlFUrE2RDDJ3NsRm5fuwDHMJzcU2/HocNunhqv9Y+":{"chainKey":{"counter":0,"key":"4Baq9KH79yUovmIRLNGKgchy3VYo+E4yfXhAQ9lr8c0="},"chainType":1,"messageKeys":{}}},"pendingPreKey":{"signedKeyId":3,"baseKey":"BeDG7hnKF63bPMr4WXiP1UNODIhpbfc2x2qXvj5r1b4J","preKeyId":15884793}}},"version":"v1"}