{"_sessions":{"Bbca1aUnGG2/T9Gk7tXCRXNera51nPBvduYGU8YYUfd7":{"registrationId":144141150,"currentRatchet":{"ephemeralKeyPair":{"pubKey":"BRt6PiGLWpSSCD3chPt6q8J33r2ymb1YNXZtuiQokpEq","privKey":"WI/ssZ29OoRK5A8JpscoTW7RDw1wE53JinWTORE/OFc="},"lastRemoteEphemeralKey":"BfsqzRMYf326F/MGnVHq6DyyTKZDY+swZ+6FB3bGQtgt","previousCounter":0,"rootKey":"JT5sKmDTRf8mp5pJl8iS52JZ0kyX7QuB6s7NdNz/7Vg="},"indexInfo":{"baseKey":"Bbca1aUnGG2/T9Gk7tXCRXNera51nPBvduYGU8YYUfd7","baseKeyType":1,"closed":-1,"used":1689734809465,"created":1689734809465,"remoteIdentityKey":"Bdd8UccV0pzH4aDIvfaYfdu3MvzQxPVDWBZdk8Yp8KNU"},"_chains":{"BRt6PiGLWpSSCD3chPt6q8J33r2ymb1YNXZtuiQokpEq":{"chainKey":{"counter":0,"key":"KS/N9cH6BY78cA+z3bNvBdp648ZjDIBXD3IW8ybGcKI="},"chainType":1,"messageKeys":{}}},"pendingPreKey":{"signedKeyId":1,"baseKey":"Bbca1aUnGG2/T9Gk7tXCRXNera51nPBvduYGU8YYUfd7","preKeyId":6742801}}},"version":"v1"}