{"_sessions":{"BWRyyfIb0aWFW043IjbqGczPTk+fa4JrYnqD5O4zkbgP":{"registrationId":11428,"currentRatchet":{"ephemeralKeyPair":{"pubKey":"BXTJlK/VZFXTP0OBkANK5+f7yupIsJ3LqTPaaXxNsfoh","privKey":"gKo3IvXhUoQCQDr4rfrukkxl+wOuPzhTSNTMNdKRCHI="},"lastRemoteEphemeralKey":"BbpOaZFgHeYM9cYnGsRYd/qkDhkLCjD0YPWvqbkivxoq","previousCounter":0,"rootKey":"TqZjNPEHWkId4ckvh8LemhyFNkCFixXqv8ij0alefQY="},"indexInfo":{"baseKey":"BWRyyfIb0aWFW043IjbqGczPTk+fa4JrYnqD5O4zkbgP","baseKeyType":1,"closed":-1,"used":1689735105494,"created":1689735105494,"remoteIdentityKey":"Ba5PzXT1YoqLEvabxlqHEU5yDzE5VBkP7GYxnJ/1ioc6"},"_chains":{"BXTJlK/VZFXTP0OBkANK5+f7yupIsJ3LqTPaaXxNsfoh":{"chainKey":{"counter":0,"key":"Hj6vKL+TXbyxxaftygIKzVaK4an9VBg4aoL+6P4LOCs="},"chainType":1,"messageKeys":{}}},"pendingPreKey":{"signedKeyId":1,"baseKey":"BWRyyfIb0aWFW043IjbqGczPTk+fa4JrYnqD5O4zkbgP"}}},"version":"v1"}