{"_sessions":{"BUu+C4uDET/iGk7ImfrQ4jTZDShUD+ryRMKuOGOsm2kK":{"registrationId":1758537366,"currentRatchet":{"ephemeralKeyPair":{"pubKey":"BaTlykbeus7g2fucFRmT3DGZQ1Qvpg1xILD9m0zrEeVA","privKey":"gKs20X6z6oXsqofwPAagCBjJZkfHzlx1YpzBkGkd4EY="},"lastRemoteEphemeralKey":"BdlVAjqSvM8Hw93gtgxnIt+QwktqZfDEyrrKFXFriuov","previousCounter":0,"rootKey":"DU8Afi/ftgZbEUcJIjxxyc0iOGuWBuIsg/TUJxzfKcY="},"indexInfo":{"baseKey":"BUu+C4uDET/iGk7ImfrQ4jTZDShUD+ryRMKuOGOsm2kK","baseKeyType":1,"closed":-1,"used":1689735105996,"created":1689735105996,"remoteIdentityKey":"BZwzitzXhdHjfz4fZh2gQ0/+NfeVNGYnsUEAKi8WwZkr"},"_chains":{"BaTlykbeus7g2fucFRmT3DGZQ1Qvpg1xILD9m0zrEeVA":{"chainKey":{"counter":0,"key":"WB3LOf8PlljyMbB5VS5vhcMdNDaE+GygHigBcG4okS0="},"chainType":1,"messageKeys":{}}},"pendingPreKey":{"signedKeyId":5,"baseKey":"BUu+C4uDET/iGk7ImfrQ4jTZDShUD+ryRMKuOGOsm2kK","preKeyId":3675280}}},"version":"v1"}