{"_sessions":{"BVVqkwyiTCVDgV9lihmI2nkff2I0Z0F6m49J/aeP2l16":{"registrationId":405040300,"currentRatchet":{"ephemeralKeyPair":{"pubKey":"BbieFIExuu/rPcOqxkBvgdRZYCQaMPIqLO4lqRX3SbE5","privKey":"MGBsrwQJaXZcvBgx00euJoonVDqtSyoMsZafzxyQ2kY="},"lastRemoteEphemeralKey":"Bcf7AwBOH4KaMHwD/8r86Y2visU543YDSgKk+j46jtMw","previousCounter":0,"rootKey":"yWfWP2iBsHIHDL/BPzASlsnNt6i5ijjAwdf43KwBIKw="},"indexInfo":{"baseKey":"BVVqkwyiTCVDgV9lihmI2nkff2I0Z0F6m49J/aeP2l16","baseKeyType":1,"closed":-1,"used":1689734147625,"created":1689734147625,"remoteIdentityKey":"BVRsTAnMaiab9Tte1udRFZ0nfWbJfsstyxHgfxwCzho0"},"_chains":{"BbieFIExuu/rPcOqxkBvgdRZYCQaMPIqLO4lqRX3SbE5":{"chainKey":{"counter":0,"key":"6e4SG9vXrZVCrgR6fnd/OWE/F81+1exenHE5YPKDQ6I="},"chainType":1,"messageKeys":{}}},"pendingPreKey":{"signedKeyId":7,"baseKey":"BVVqkwyiTCVDgV9lihmI2nkff2I0Z0F6m49J/aeP2l16","preKeyId":5410264}}},"version":"v1"}