{"_sessions":{"BcekLHPUwyV3TI0P5aHnCtsTTQ2FseJYUP5+cABBg0Rl":{"registrationId":1052870116,"currentRatchet":{"ephemeralKeyPair":{"pubKey":"BahfbRmsWI+JllPEXDMLYDFL2ITsyEGmsf3oBnHTCXIv","privKey":"gNn7Ck+F4g0btDgB+YuBm8kIhwF5XksR9Ii/lmE8Cn4="},"lastRemoteEphemeralKey":"BTYZeAPD62HMi2tyXzC2l90lAEbAZHe4Ejw2OgMsf/4w","previousCounter":0,"rootKey":"l1HxwbRNig3w+/61sx9PULLK7DZQRqDrKEZytcAWHtU="},"indexInfo":{"baseKey":"BcekLHPUwyV3TI0P5aHnCtsTTQ2FseJYUP5+cABBg0Rl","baseKeyType":1,"closed":-1,"used":1689735105665,"created":1689735105665,"remoteIdentityKey":"Beznk1QMISLmKn1DBJUAXMEBppntrbmKSTDm4ByL6FNM"},"_chains":{"BahfbRmsWI+JllPEXDMLYDFL2ITsyEGmsf3oBnHTCXIv":{"chainKey":{"counter":0,"key":"6G6PD9gs+eDW/Qwm1MXSwd7WAhPvSviXHHS+J7bcgNM="},"chainType":1,"messageKeys":{}}},"pendingPreKey":{"signedKeyId":5,"baseKey":"BcekLHPUwyV3TI0P5aHnCtsTTQ2FseJYUP5+cABBg0Rl","preKeyId":7456291}}},"version":"v1"}