{"_sessions":{"BXOperm33Ocz9PyDAtD2tQnjSIcaulYpxZbyCNrM4ip7":{"registrationId":741425010,"currentRatchet":{"ephemeralKeyPair":{"pubKey":"Bfc1StKpaCh9km3gKO9T3Z94/UxebZwGFpc7PHdgWCpX","privKey":"gOk8O3pfqoOcuJ4IXNX1jaAT+MpWelZ+Lk4Ex9e8I0A="},"lastRemoteEphemeralKey":"BcRhz5p3AnBkXssgX7kFb8SC5OqEWE+GLGVRRVTbHZcV","previousCounter":0,"rootKey":"T8Oqz9c1NdHvkHK0EVLgURpd9zsCF7qT2880YME+CrM="},"indexInfo":{"baseKey":"BXOperm33Ocz9PyDAtD2tQnjSIcaulYpxZbyCNrM4ip7","baseKeyType":1,"closed":-1,"used":1689734809461,"created":1689734809461,"remoteIdentityKey":"BVSCvwDOUalYPw/LU1fRXoAIVkZQsS+OdHOU50aBsFQl"},"_chains":{"Bfc1StKpaCh9km3gKO9T3Z94/UxebZwGFpc7PHdgWCpX":{"chainKey":{"counter":0,"key":"4VPm6MNLd9vW2CuJW38H9IYRAhOl0B7OuQRRQXK3B+I="},"chainType":1,"messageKeys":{}}},"pendingPreKey":{"signedKeyId":10,"baseKey":"BXOperm33Ocz9PyDAtD2tQnjSIcaulYpxZbyCNrM4ip7","preKeyId":188751}}},"version":"v1"}