{"_sessions":{"BW691r0/e8v2FrlOG/DNQsbkcMtgNBye1qPqXN+BHYcs":{"registrationId":281197549,"currentRatchet":{"ephemeralKeyPair":{"pubKey":"BS+QAy8Qxqy9zOp4q0+YJT22IXP4nLMvTPYWqDXuOkgo","privKey":"CCtvUOWHVlszayT+G4GhJPSa66bm6d/AsR01o9UuaWE="},"lastRemoteEphemeralKey":"BXqDXXKjmqDqXjuteXLokJHkat0CC0oQWqeOe5+nyAEn","previousCounter":0,"rootKey":"CrU77ulcTPCcAjWb/DjlmoKwurBkjYXR1kAlORTETes="},"indexInfo":{"baseKey":"BW691r0/e8v2FrlOG/DNQsbkcMtgNBye1qPqXN+BHYcs","baseKeyType":1,"closed":-1,"used":1689735105746,"created":1689735105746,"remoteIdentityKey":"BYjknLyWk5dcGo7RG/3Ud2HwmLXb2tA/5V4Gbe/TWOli"},"_chains":{"BS+QAy8Qxqy9zOp4q0+YJT22IXP4nLMvTPYWqDXuOkgo":{"chainKey":{"counter":0,"key":"zNSIQCNYRscy0OEVSjH3mkgh2B7EteF34oSAm7pTo9I="},"chainType":1,"messageKeys":{}}},"pendingPreKey":{"signedKeyId":4,"baseKey":"BW691r0/e8v2FrlOG/DNQsbkcMtgNBye1qPqXN+BHYcs","preKeyId":13638074}}},"version":"v1"}