{"_sessions":{"BcGrvjXm52pEY83+GN0jxjqpLON9LscdfOKCa/2UEG8t":{"registrationId":744040375,"currentRatchet":{"ephemeralKeyPair":{"pubKey":"BYTlBZtnGc5B2f9AElE9EBn2+INJZ8arp40MVEcI1Wsu","privKey":"CITk5zKjbFM5WFxuGhkXXmoljnwTo7e62MWOaSpRw1E="},"lastRemoteEphemeralKey":"BaOMjgFS/xX/+qr68bqCNbGkuNMi8OW9lXQmJh42xbkA","previousCounter":0,"rootKey":"DCs/HGA5VcmvYktj7MA6zN2c24XwJzkcctej1uzAaQI="},"indexInfo":{"baseKey":"BcGrvjXm52pEY83+GN0jxjqpLON9LscdfOKCa/2UEG8t","baseKeyType":1,"closed":-1,"used":1689735106281,"created":1689735106281,"remoteIdentityKey":"BTo5MldpOvL48yXH6IwyDlL4Wz+SErslg3Ocb8KBlZgn"},"_chains":{"BYTlBZtnGc5B2f9AElE9EBn2+INJZ8arp40MVEcI1Wsu":{"chainKey":{"counter":0,"key":"/xSz0PzIVk2GC7me3x9RnxACXhIHcW1TjwxQqqNhqaY="},"chainType":1,"messageKeys":{}}},"pendingPreKey":{"signedKeyId":9,"baseKey":"BcGrvjXm52pEY83+GN0jxjqpLON9LscdfOKCa/2UEG8t"}}},"version":"v1"}