{"_sessions":{"BWTAs6+1/JGXk4j+IIsw/XX8W9P3ePX1oUcrL67itG0h":{"registrationId":857649436,"currentRatchet":{"ephemeralKeyPair":{"pubKey":"BVQ9lGRAgQWCvkWXKKcZTdnTQa8ciYvYljE7hpIHvnoZ","privKey":"gEwXn88jyyRcSsN59LF0ihnFJEOBU2VcLc9NdTF1y1Q="},"lastRemoteEphemeralKey":"BRThyAUyv39GOdEMKHa1jLjJgViuLIgC0tUeOBZg4Sdj","previousCounter":0,"rootKey":"60sfxrsM6VOx89YmM+uM+OEOBsyHZQAF0MWi7d2C2jc="},"indexInfo":{"baseKey":"BWTAs6+1/JGXk4j+IIsw/XX8W9P3ePX1oUcrL67itG0h","baseKeyType":1,"closed":-1,"used":1689735105973,"created":1689735105973,"remoteIdentityKey":"BTIUmguHoH8jWXY1pMvQ3kd+LAbeT6R0V4VeNIFTQMZt"},"_chains":{"BVQ9lGRAgQWCvkWXKKcZTdnTQa8ciYvYljE7hpIHvnoZ":{"chainKey":{"counter":0,"key":"aZBcGTOeLqoQItKBrBBt/an0QLWplSX2/35anTSdnHs="},"chainType":1,"messageKeys":{}}},"pendingPreKey":{"signedKeyId":1,"baseKey":"BWTAs6+1/JGXk4j+IIsw/XX8W9P3ePX1oUcrL67itG0h","preKeyId":12294560}}},"version":"v1"}