{"_sessions":{"BXSs/YAjhtmti2HIqIuYsrr/bXx5FqT4As4E+rEX8z5M":{"registrationId":107016139,"currentRatchet":{"ephemeralKeyPair":{"pubKey":"BXFv6EBwhuS3NoLTLTwLUlPZjyTPCN5fqBguh9ubYXQT","privKey":"6OWhA8FF5vZ4v6kiWGeJKIXnwCN28qB6jiD7NKRbznY="},"lastRemoteEphemeralKey":"BQUeKPgkLKe/iYMz2kVKOXhm3PgSSKyWYh16FwB/fTsk","previousCounter":0,"rootKey":"ryMGhC5sjJB7mvNW3Oj8GoV2sJUjhYiXZS3v/B964iE="},"indexInfo":{"baseKey":"BXSs/YAjhtmti2HIqIuYsrr/bXx5FqT4As4E+rEX8z5M","baseKeyType":1,"closed":-1,"used":1689735106022,"created":1689735106022,"remoteIdentityKey":"BQWBo1+cXYkH+yVqzuOe9WTTh9cDW8PJJHrqqt+N1f0W"},"_chains":{"BXFv6EBwhuS3NoLTLTwLUlPZjyTPCN5fqBguh9ubYXQT":{"chainKey":{"counter":0,"key":"LsEKNEBfXkNZTlVXve6ewjNPOJLqrEZ7iOBPb6lrq/A="},"chainType":1,"messageKeys":{}}},"pendingPreKey":{"signedKeyId":11,"baseKey":"BXSs/YAjhtmti2HIqIuYsrr/bXx5FqT4As4E+rEX8z5M"}}},"version":"v1"}