{"_sessions":{"BYBNpbcpvBdwarZFCDE2ra9MbxildsGHmQfzCmWcI6Vb":{"registrationId":4765,"currentRatchet":{"ephemeralKeyPair":{"pubKey":"BWkzxmV2RyDQTzO5rq7e6tBJ0fS2nJMcbogI4MJB1j5f","privKey":"ABscIF+9Ej8F5gGFh1MKOmmi7VRNtsK9jWHEgqJJok0="},"lastRemoteEphemeralKey":"BaIchbcjyy2E19qewRaHcaMPm2z0rvyl1cQzX1CDy4pC","previousCounter":0,"rootKey":"NhaXpvJjqekbbcpVh5h6pGsd+1TpPM2q2i/Sz469wXs="},"indexInfo":{"baseKey":"BYBNpbcpvBdwarZFCDE2ra9MbxildsGHmQfzCmWcI6Vb","baseKeyType":1,"closed":-1,"used":1689735105561,"created":1689735105561,"remoteIdentityKey":"BYQ/O6Ao672LuBpRkJhJKl8qYuO/UyZbzwbgQBYUjV4b"},"_chains":{"BWkzxmV2RyDQTzO5rq7e6tBJ0fS2nJMcbogI4MJB1j5f":{"chainKey":{"counter":0,"key":"wAM2Ala/NZ14K/ovo19TAfh47dr4dVPENk9bMuBxKdE="},"chainType":1,"messageKeys":{}}},"pendingPreKey":{"signedKeyId":1,"baseKey":"BYBNpbcpvBdwarZFCDE2ra9MbxildsGHmQfzCmWcI6Vb"}}},"version":"v1"}