{"_sessions":{"BRjVLesTJufKxQdph04ASVJpJx0mDY6/gh3Hu5sGKsNO":{"registrationId":1080204941,"currentRatchet":{"ephemeralKeyPair":{"pubKey":"BQHszY7F+bzT8TRQE9Txh6Cgs2yDha5zJbmZU42p9Qxw","privKey":"0LnQSH74Vb+M68vHHdgXXxzIANuLutoRlI6F0OB+LFk="},"lastRemoteEphemeralKey":"BVR4gx4XWxbra4WaoSBzYna6z59TWdbEUXwZB5X4OY0d","previousCounter":0,"rootKey":"cZ5jMO8VAoVey7G285C/ckGO/j8VXK2HGRyTGbVvTYM="},"indexInfo":{"baseKey":"BRjVLesTJufKxQdph04ASVJpJx0mDY6/gh3Hu5sGKsNO","baseKeyType":1,"closed":-1,"used":1689735106401,"created":1689735106401,"remoteIdentityKey":"BdGiKVflOG/kdxQhLwTk5uoFcd6jOPPgVeXp6C3xxi9P"},"_chains":{"BQHszY7F+bzT8TRQE9Txh6Cgs2yDha5zJbmZU42p9Qxw":{"chainKey":{"counter":0,"key":"kREA7cIgxXkaySF0bh03TB2jQCnEz20l8d+2fMtCMMY="},"chainType":1,"messageKeys":{}}},"pendingPreKey":{"signedKeyId":11526807,"baseKey":"BRjVLesTJufKxQdph04ASVJpJx0mDY6/gh3Hu5sGKsNO","preKeyId":18492}}},"version":"v1"}