{"_sessions":{"BRm8JtlxKdJqbvtQ3JL6qzW4IhGsklK+VRWFbml7r7Ii":{"registrationId":1166926513,"currentRatchet":{"ephemeralKeyPair":{"pubKey":"BVsd/1agcxx0nxBV3ESN91XumvcO1xuQC87rPQIqXKsU","privKey":"yE0KI3YPpWDtZpDxPXhwvzshv61Evw3sM/Qj+QJec3o="},"lastRemoteEphemeralKey":"BSa3ivq2P0drUcrY81HZMOPabhynplYrUaMZr+cfBNRS","previousCounter":0,"rootKey":"x4CizHGFk47GSrjWUqj2++0uN3wjaeWOSlGFLvcnql0="},"indexInfo":{"baseKey":"BRm8JtlxKdJqbvtQ3JL6qzW4IhGsklK+VRWFbml7r7Ii","baseKeyType":1,"closed":-1,"used":1689734809405,"created":1689734809405,"remoteIdentityKey":"BWdI0CwnWBFceziOrgRpZbkibhMrr/wGJXGqziKNqek6"},"_chains":{"BVsd/1agcxx0nxBV3ESN91XumvcO1xuQC87rPQIqXKsU":{"chainKey":{"counter":0,"key":"iWcVPQ1WFBEEe8SqaQJOl0BB4aIYiWvFtebG9RZDkVE="},"chainType":1,"messageKeys":{}}},"pendingPreKey":{"signedKeyId":0,"baseKey":"BRm8JtlxKdJqbvtQ3JL6qzW4IhGsklK+VRWFbml7r7Ii"}}},"version":"v1"}