{"_sessions":{"BdoB6aiTby9kaZv/nUefjn6YSMvwLjhXieiLLYZsLfsm":{"registrationId":991107545,"currentRatchet":{"ephemeralKeyPair":{"pubKey":"BW14oZzNz4+nRqJKH9JUupaHvPeUlrH6YpP2LcPWQ/Jx","privKey":"yPNw9zzTXf1eAw/mXhDNiviIWH+aNV7edlC1m3CRwl0="},"lastRemoteEphemeralKey":"Bbz6Di8I3hfSLhjRzN7B95dK9ND7TGgkdDB9jMlisaJp","previousCounter":0,"rootKey":"cbHW7ctyxiZ1ZIjzeBgjnn9i3Elt5wFew3hwbYBz+sE="},"indexInfo":{"baseKey":"BdoB6aiTby9kaZv/nUefjn6YSMvwLjhXieiLLYZsLfsm","baseKeyType":1,"closed":-1,"used":1689735106019,"created":1689735106019,"remoteIdentityKey":"BZo2gegBTNV5YGirVQnacnDVQbgboZKHk+IvZkUr8Bgl"},"_chains":{"BW14oZzNz4+nRqJKH9JUupaHvPeUlrH6YpP2LcPWQ/Jx":{"chainKey":{"counter":0,"key":"XoLCvHcsuh4Yj0cqO5opfvc1ipq4gu118S+JHyZ1nJM="},"chainType":1,"messageKeys":{}}},"pendingPreKey":{"signedKeyId":22,"baseKey":"BdoB6aiTby9kaZv/nUefjn6YSMvwLjhXieiLLYZsLfsm","preKeyId":11970857}}},"version":"v1"}