{"_sessions":{"Bair0y9rvt5cMxqNmW4Qdw0B9GB6BWKVVDPcTEF/5A1M":{"registrationId":2116718789,"currentRatchet":{"ephemeralKeyPair":{"pubKey":"Be35R+0HLEf8BBdQ/sdJ8WTFKhyrieJB2eqQm7lFZLML","privKey":"kB9qWXHr/NRxdSlVajvdOPT13A6owRLW4VfLs66vIX8="},"lastRemoteEphemeralKey":"BcGBI1Xr/en9J2zlRbk9tV3qMz437rvA/UkP4p5uDMMC","previousCounter":0,"rootKey":"qd91e4KoKSqd+pSpDiIGy64dovHbYIgs5XD/vtJD6+A="},"indexInfo":{"baseKey":"Bair0y9rvt5cMxqNmW4Qdw0B9GB6BWKVVDPcTEF/5A1M","baseKeyType":1,"closed":-1,"used":1689735105917,"created":1689735105917,"remoteIdentityKey":"BVK9vmH49aJA3k6E+N1tXLNohZNI/rp8LMU5spN1wD8F"},"_chains":{"Be35R+0HLEf8BBdQ/sdJ8WTFKhyrieJB2eqQm7lFZLML":{"chainKey":{"counter":0,"key":"LZP+oaYm/xtIsN4XuLihm8t+Kb/Brthc+biEBTge3d4="},"chainType":1,"messageKeys":{}}},"pendingPreKey":{"signedKeyId":0,"baseKey":"Bair0y9rvt5cMxqNmW4Qdw0B9GB6BWKVVDPcTEF/5A1M"}}},"version":"v1"}