{"_sessions":{"BYld4YQNo8VpWt0xEI6+qTSP9J++oxayD3SK0isI1/A3":{"registrationId":11715,"currentRatchet":{"ephemeralKeyPair":{"pubKey":"BTwxW/4SVfM1ds5sUGyHq7fdRG2xKUZkDoFRoeI/yXpE","privKey":"cEXrpO2n+MhDjLxnnLNta2kDv10xB1wJa/W4YMzzV0c="},"lastRemoteEphemeralKey":"BZlYcFUUc6wYFpIU5KA11lAT5jgNAyG9vp5qlnGVYG4U","previousCounter":0,"rootKey":"ZcRQxi2s6BKscpdA0R7Y9SSrdcS/9OCwkoXv0ovIVRc="},"indexInfo":{"baseKey":"BYld4YQNo8VpWt0xEI6+qTSP9J++oxayD3SK0isI1/A3","baseKeyType":1,"closed":-1,"used":1689735105609,"created":1689735105609,"remoteIdentityKey":"BVd/zUwBG9UwBo0DuFc56pQ/Gl6jAqauxeOhtm2+viM2"},"_chains":{"BTwxW/4SVfM1ds5sUGyHq7fdRG2xKUZkDoFRoeI/yXpE":{"chainKey":{"counter":0,"key":"h6ElIrgrtsA0BRUD8YwwI0GNSWkqGqVVKIjtyDqDgqk="},"chainType":1,"messageKeys":{}}},"pendingPreKey":{"signedKeyId":2,"baseKey":"BYld4YQNo8VpWt0xEI6+qTSP9J++oxayD3SK0isI1/A3","preKeyId":7387}}},"version":"v1"}