{"_sessions":{"BafHFG5r4ykcn1QzLKtJP3DFZdLR0pwy15uIf8KGGKUu":{"registrationId":1442989812,"currentRatchet":{"ephemeralKeyPair":{"pubKey":"Ba75FmXYIncrYVRcc39OvhjCCWJmfDfK6UmkpR1Hk78m","privKey":"uBcKcPrtzCra5Ff92/hnvkSYjA5awLBkHxrfGZ/ME2c="},"lastRemoteEphemeralKey":"BWecSR9xUmTN9scm53EzINI+YFpoeUKb138ePSRmnmgx","previousCounter":0,"rootKey":"eAhPO0dUPrqGsBORGIZds5AW09JPtsbBNcwyYl5VCSg="},"indexInfo":{"baseKey":"BafHFG5r4ykcn1QzLKtJP3DFZdLR0pwy15uIf8KGGKUu","baseKeyType":1,"closed":-1,"used":1689735105781,"created":1689735105781,"remoteIdentityKey":"BfeAiTW8J9x3KrpNIapCRBptqRao6tkSBzFr6GXti4Uy"},"_chains":{"Ba75FmXYIncrYVRcc39OvhjCCWJmfDfK6UmkpR1Hk78m":{"chainKey":{"counter":0,"key":"4jTqJocMaa1vojetIi7ayysnJrrtbi+7/GQKxq4pys8="},"chainType":1,"messageKeys":{}}},"pendingPreKey":{"signedKeyId":15663192,"baseKey":"BafHFG5r4ykcn1QzLKtJP3DFZdLR0pwy15uIf8KGGKUu","preKeyId":1685}}},"version":"v1"}