{"_sessions":{"Bcc4uc/hVAq5bCLBLGeAJ6tEdo7u2BzJiokKpWYoYZ9j":{"registrationId":1448987960,"currentRatchet":{"ephemeralKeyPair":{"pubKey":"BVSXsEITakaCfXQkZ8sfaRXihXltg740DciYmnOLIERM","privKey":"YNaUGvSDBPQjyUqDX+stqupDIsGn4T1w5jTEkmwDWW8="},"lastRemoteEphemeralKey":"BRbfN0cBh4llCCD9PreCEY0rYio3zTOQ+jtau1ssCDQe","previousCounter":0,"rootKey":"nPmrsxEgzutjQYdJv5EapAsfDxxWUkDiY8HRM5+B+Ag="},"indexInfo":{"baseKey":"Bcc4uc/hVAq5bCLBLGeAJ6tEdo7u2BzJiokKpWYoYZ9j","baseKeyType":1,"closed":-1,"used":1689734147588,"created":1689734147588,"remoteIdentityKey":"BdLSK7wsEuvfOr/Q0GJben1FZG1s5kX7ajHElDi6Qstq"},"_chains":{"BVSXsEITakaCfXQkZ8sfaRXihXltg740DciYmnOLIERM":{"chainKey":{"counter":0,"key":"Lf3E2tgPM543Tc6DDSHAWnPvAOCxKxHgb9S7l0W6Aww="},"chainType":1,"messageKeys":{}}},"pendingPreKey":{"signedKeyId":9866092,"baseKey":"Bcc4uc/hVAq5bCLBLGeAJ6tEdo7u2BzJiokKpWYoYZ9j","preKeyId":4247}}},"version":"v1"}