{"_sessions":{"BYLRMP3bwnEqBq9J3iyrzx800XL2O7eD8YIVqENJUpAH":{"registrationId":2012794778,"currentRatchet":{"ephemeralKeyPair":{"pubKey":"BVVvsgCGA6xxXbEYCFuKt1ym0FlIdtaB8U8CFt2zr0tU","privKey":"oM62RmAeFbUT5UiaTbSa9ovG1KD9CyI1dYiqsQPx4VA="},"lastRemoteEphemeralKey":"BZhN+I+qYRDxb65J5EJa4PXQRgzqVUR3ld4i4inE6ZRB","previousCounter":0,"rootKey":"/+Hg8YtqmAmFfFXht/VCgBbFO2QBl3CXqPNqq7KOST8="},"indexInfo":{"baseKey":"BYLRMP3bwnEqBq9J3iyrzx800XL2O7eD8YIVqENJUpAH","baseKeyType":1,"closed":-1,"used":1689735106405,"created":1689735106405,"remoteIdentityKey":"BavyEF8kkAjfl03XROlcK+SfFqiUQmTlreyVWxZFHPU1"},"_chains":{"BVVvsgCGA6xxXbEYCFuKt1ym0FlIdtaB8U8CFt2zr0tU":{"chainKey":{"counter":0,"key":"WuFdF9bBsAYs/bWk5Il76/wKvO48fDNTIf128m1VY90="},"chainType":1,"messageKeys":{}}},"pendingPreKey":{"signedKeyId":12,"baseKey":"BYLRMP3bwnEqBq9J3iyrzx800XL2O7eD8YIVqENJUpAH","preKeyId":1741111}}},"version":"v1"}