{"_sessions":{"BQ+7ZUT67f12qlAyFsJMjGeVzCMxhJ0C4zNS6Uc+szdG":{"registrationId":13302,"currentRatchet":{"ephemeralKeyPair":{"pubKey":"Bam5aupxytSyNY34Fi0jzZIfVUCZ+s71HRxWrIV6tIRw","privKey":"6EbZ5XUTXJAynRJiMnIXucctGmpyAokkONj3EsBfgEg="},"lastRemoteEphemeralKey":"BQDJlwHMLkRR3sadS4EIYGH/fVOPz2sX3/Zk67evtNMd","previousCounter":0,"rootKey":"VEPH3gZ1V3cyPJ9Buzo9W0zXFaqSR1NKvlvAz1CyUuM="},"indexInfo":{"baseKey":"BQ+7ZUT67f12qlAyFsJMjGeVzCMxhJ0C4zNS6Uc+szdG","baseKeyType":1,"closed":-1,"used":1689735105571,"created":1689735105571,"remoteIdentityKey":"BTPyHJ9+swzR2XV5gV5Mg9xG5/DB5dB+ctx4MPfjyPtF"},"_chains":{"Bam5aupxytSyNY34Fi0jzZIfVUCZ+s71HRxWrIV6tIRw":{"chainKey":{"counter":0,"key":"ZXeQOIeVarxgHcaaSRavdYMHFWkTIkKMec0ptdA861w="},"chainType":1,"messageKeys":{}}},"pendingPreKey":{"signedKeyId":1,"baseKey":"BQ+7ZUT67f12qlAyFsJMjGeVzCMxhJ0C4zNS6Uc+szdG"}}},"version":"v1"}