{"_sessions":{"BQfeViunUA8fkyrzzaJEdIMkIxf9FZJn0wshZzLy2WI2":{"registrationId":2121445981,"currentRatchet":{"ephemeralKeyPair":{"pubKey":"BSIhPHEto5XITDu2+moUFWYSGg3sLDNx99Al8EuC1Qtq","privKey":"KHKLhogXekVNeN8Y8i3yPzuh+gJMDBMeiL3XiNMHp3I="},"lastRemoteEphemeralKey":"BfQR60B6JH1cEg4LzZMbQFF7np5TltQrolCCNWKxT4Mj","previousCounter":0,"rootKey":"Y/ci06XCBX+2XpIzone2bzI7A0ooxPrkbLj+iPFmUF8="},"indexInfo":{"baseKey":"BQfeViunUA8fkyrzzaJEdIMkIxf9FZJn0wshZzLy2WI2","baseKeyType":1,"closed":-1,"used":1689735106170,"created":1689735106170,"remoteIdentityKey":"BTBjrfqcuR8iB8X/KN53lQ6soAYUCCyInpVXNyPL1HU1"},"_chains":{"BSIhPHEto5XITDu2+moUFWYSGg3sLDNx99Al8EuC1Qtq":{"chainKey":{"counter":0,"key":"USpejcHnRT2UAdbpWPnuYSnEalccnPEeBjtf7yIlYBg="},"chainType":1,"messageKeys":{}}},"pendingPreKey":{"signedKeyId":1,"baseKey":"BQfeViunUA8fkyrzzaJEdIMkIxf9FZJn0wshZzLy2WI2"}}},"version":"v1"}