{"_sessions":{"BZ2vU2tCtmVfS4rAFh/vxW4sgj6NMqj3YKOBih7VetAt":{"registrationId":779026752,"currentRatchet":{"ephemeralKeyPair":{"pubKey":"Bax7UZgjdUXtbiRktQtbyvPAwmeWP6yLkOtqyqoQ+UBX","privKey":"aIxEXDxgM1B++0pCN+Li9odRlDcFkMO0gcfCVix/+mw="},"lastRemoteEphemeralKey":"BQsb9euHhq/4slvIMGUjQXfmnz8/vInDYmWYu5hkII0z","previousCounter":0,"rootKey":"HmPmasuS1qTBt1e8zBy10xN0Wb68NVNfKMkXJIm944w="},"indexInfo":{"baseKey":"BZ2vU2tCtmVfS4rAFh/vxW4sgj6NMqj3YKOBih7VetAt","baseKeyType":1,"closed":-1,"used":1689735106188,"created":1689735106188,"remoteIdentityKey":"BanLS+oL31zH9au5YMUFAuDLgarDH1SBZcbBFw6SjUBi"},"_chains":{"Bax7UZgjdUXtbiRktQtbyvPAwmeWP6yLkOtqyqoQ+UBX":{"chainKey":{"counter":0,"key":"mDssl+mGKmDuwYt6DQDawZHeRT5tc/NZdMqHY8RghKs="},"chainType":1,"messageKeys":{}}},"pendingPreKey":{"signedKeyId":8,"baseKey":"BZ2vU2tCtmVfS4rAFh/vxW4sgj6NMqj3YKOBih7VetAt","preKeyId":1178034}}},"version":"v1"}