{"_sessions":{"BUgyJwc+sG9H1QHzhGdq84RK3hyIixB0h3DwJIPsagEB":{"registrationId":1326708557,"currentRatchet":{"ephemeralKeyPair":{"pubKey":"BbjofAKiAnqlgRGPNLIC1+LPdPJTNKBeiSRAWApIrUZm","privKey":"gLn++Y6VQ0g3j3YcwoSLotBcJw3kid43FCXZMhtN4mo="},"lastRemoteEphemeralKey":"BSY1gLsQUpRQc+tGMQ48yks1rTGgqcASH6oI/lsWX5o8","previousCounter":0,"rootKey":"l6LX41HtGu72bjORkIipBt9wDSEBRnjXBowfqZenK/4="},"indexInfo":{"baseKey":"BUgyJwc+sG9H1QHzhGdq84RK3hyIixB0h3DwJIPsagEB","baseKeyType":1,"closed":-1,"used":1689735028085,"created":1689735028085,"remoteIdentityKey":"BSXN2FDRXFQTR6FxWwbM5eS09t5UK6a7hgme+LDypTlm"},"_chains":{"BbjofAKiAnqlgRGPNLIC1+LPdPJTNKBeiSRAWApIrUZm":{"chainKey":{"counter":0,"key":"PvPwVcqP6Lc0Jwgg1szblRx/BochrvIk+vfy871DGhc="},"chainType":1,"messageKeys":{}}},"pendingPreKey":{"signedKeyId":12,"baseKey":"BUgyJwc+sG9H1QHzhGdq84RK3hyIixB0h3DwJIPsagEB","preKeyId":8241685}}},"version":"v1"}