{"_sessions":{"BRJq33UJNjSSat4CK2cuAKyvheKcoL1J7Qsdt7O82jUA":{"registrationId":1964739917,"currentRatchet":{"ephemeralKeyPair":{"pubKey":"BYee/5ODfeFDJPZWhvir3LbWHeYaT210HehG0uEY/2wd","privKey":"CCXECEyLFkY2CPxfY/KfzjHAs+DBYBnWLLJ6eGXzvVA="},"lastRemoteEphemeralKey":"BS/tB+IRnQ6MQmwmsEiZ+MmbeBqfubXEqUWJEQmbJQ0f","previousCounter":0,"rootKey":"6GaWGTsVjT4K3BXLPbA45YQlN3mK27P5w5UgHqDd9SQ="},"indexInfo":{"baseKey":"BRJq33UJNjSSat4CK2cuAKyvheKcoL1J7Qsdt7O82jUA","baseKeyType":2,"closed":-1,"used":1689734808401,"created":1689734808401,"remoteIdentityKey":"BT3LpavhJOnyJDyZhXjAykJ/kfoBNXXS18sh0FD94oop"},"_chains":{"BS/tB+IRnQ6MQmwmsEiZ+MmbeBqfubXEqUWJEQmbJQ0f":{"chainKey":{"counter":0,"key":"VSvgxMwLyuJ+X3ha0h8u6zyFkzk9bdaffT4b+Y49oYk="},"chainType":2,"messageKeys":{}},"BYee/5ODfeFDJPZWhvir3LbWHeYaT210HehG0uEY/2wd":{"chainKey":{"counter":0,"key":"gtsHbHLowOCC4BEmm5gK4vnoo13UmEVAGX3Ar5jCrIY="},"chainType":1,"messageKeys":{}}}}},"version":"v1"}