{"_sessions":{"Bf//NF1U25vjh+Z9+WXBSL6mD+5zpp1x4RRaVrhNBAIm":{"registrationId":616558300,"currentRatchet":{"ephemeralKeyPair":{"pubKey":"BXvssKx1P/G8SbjcdgEyyJPauUXIVWyBJrBfrFQVfPJI","privKey":"eOOeWKeloL7YkJpILvErljleE5WVXQrBZMKV/ugNIV0="},"lastRemoteEphemeralKey":"BXYfE+Hq6iQxMrX8JtyjlCNftYCzscTF3qoktaqZ8BFg","previousCounter":0,"rootKey":"zVmH6e6i5QVfkrf4egcE1STCKiVJaeblQadD0bRaltE="},"indexInfo":{"baseKey":"Bf//NF1U25vjh+Z9+WXBSL6mD+5zpp1x4RRaVrhNBAIm","baseKeyType":1,"closed":-1,"used":1689735106150,"created":1689735106150,"remoteIdentityKey":"BS/6x+tVdN+0oqwTqXsmw1qJFZ1mFdxN41zNLFcN2Wl+"},"_chains":{"BXvssKx1P/G8SbjcdgEyyJPauUXIVWyBJrBfrFQVfPJI":{"chainKey":{"counter":0,"key":"KB36SQM/Zghl2L/ivwtzunDbCaSqqnhAQlgw5EtWLaY="},"chainType":1,"messageKeys":{}}},"pendingPreKey":{"signedKeyId":2,"baseKey":"Bf//NF1U25vjh+Z9+WXBSL6mD+5zpp1x4RRaVrhNBAIm"}}},"version":"v1"}