{"_sessions":{"BQjkRPJTJ2QWvILJ3E1VhHuRPcurjpgYJ2z8F42gY293":{"registrationId":878849803,"currentRatchet":{"ephemeralKeyPair":{"pubKey":"BeIaKQh+cjnpQXMQVtcOSTuT4KhKHWpxMMY56u3vZ2xJ","privKey":"gNawZrfmslN/XksfjMzT86kPJQDTpeE+HC3iUMyGfFw="},"lastRemoteEphemeralKey":"BXZpghvpnFj5bQmORxZddziBkJ8aY2F00hvTNJY7iM1c","previousCounter":0,"rootKey":"RwpTWdY8e4nf5SCMXryjgwxFWEo3romYu0Wze2+fdSY="},"indexInfo":{"baseKey":"BQjkRPJTJ2QWvILJ3E1VhHuRPcurjpgYJ2z8F42gY293","baseKeyType":1,"closed":-1,"used":1689735105841,"created":1689735105841,"remoteIdentityKey":"Ba6N6X2hEIHjUhZZO6md/tO8T2MLGtGaSa2FIF/4dvMn"},"_chains":{"BeIaKQh+cjnpQXMQVtcOSTuT4KhKHWpxMMY56u3vZ2xJ":{"chainKey":{"counter":0,"key":"mvMbPkLOm6WOnrj827pZKGf+iqT9LLnLLQb77mpXbnc="},"chainType":1,"messageKeys":{}}},"pendingPreKey":{"signedKeyId":6,"baseKey":"BQjkRPJTJ2QWvILJ3E1VhHuRPcurjpgYJ2z8F42gY293"}}},"version":"v1"}