{"_sessions":{"BaM4ZT5xrMM0WBwA5bkogTIJ1OL+vJ06wVeJf4N1YpBT":{"registrationId":1688559113,"currentRatchet":{"ephemeralKeyPair":{"pubKey":"BdMqglM203wzwLhkL+DYwaFTC9jklMS21lcH34eWiQor","privKey":"GMO72n0KYJ6UHUVpaiCcOwwU1LcAbD53b9Qcez1eZUA="},"lastRemoteEphemeralKey":"Bb/qhH7YgBMvDrRJ3v/QRQ+dDxZFy1OTZCrrgvJ+/9h/","previousCounter":0,"rootKey":"zeiJMQ4X2nc+ZqvwGI8+UDp5z+zMlW9EDx6HQsMhKU4="},"indexInfo":{"baseKey":"BaM4ZT5xrMM0WBwA5bkogTIJ1OL+vJ06wVeJf4N1YpBT","baseKeyType":1,"closed":-1,"used":1689735105935,"created":1689735105935,"remoteIdentityKey":"BXRSqVQYqWyX0d/HSBExfC+HyQfjuSWT5gkCbTsIe2hc"},"_chains":{"BdMqglM203wzwLhkL+DYwaFTC9jklMS21lcH34eWiQor":{"chainKey":{"counter":0,"key":"PBDCHCetSyQm4mwk28cmjA60kQGOwa+pGBao9TJsnI4="},"chainType":1,"messageKeys":{}}},"pendingPreKey":{"signedKeyId":0,"baseKey":"BaM4ZT5xrMM0WBwA5bkogTIJ1OL+vJ06wVeJf4N1YpBT"}}},"version":"v1"}