{"_sessions":{"BWrQrRRHKkuirEkfC0MocoNCjqxpxQ6U4zTQ7Z1vBNxI":{"registrationId":5323,"currentRatchet":{"ephemeralKeyPair":{"pubKey":"BRJVreX/SmMAH3tcZYPmFjNWX6qovdiaRjuapwWy2bsI","privKey":"wFDVXNaerotipNsvJRZlBeC/KybQzUMgSsdhXC6Kj0g="},"lastRemoteEphemeralKey":"BSlwvZP70IrRSmAoQQUoG61602cIYknQVTD01kDD5EFc","previousCounter":0,"rootKey":"96oTX4vw84eNmD0CRwjZFEkv1MHcZv/f8yxR6VVy0Bk="},"indexInfo":{"baseKey":"BWrQrRRHKkuirEkfC0MocoNCjqxpxQ6U4zTQ7Z1vBNxI","baseKeyType":1,"closed":-1,"used":1689735105477,"created":1689735105477,"remoteIdentityKey":"Bb2ZWiI5AZULg25VV7VJyzgJBxSNsPGQn0GerQA+mhoV"},"_chains":{"BRJVreX/SmMAH3tcZYPmFjNWX6qovdiaRjuapwWy2bsI":{"chainKey":{"counter":0,"key":"dbWYweWtallstAZjtZUfQaw8cletZnUAeGyFJopDWu0="},"chainType":1,"messageKeys":{}}},"pendingPreKey":{"signedKeyId":1,"baseKey":"BWrQrRRHKkuirEkfC0MocoNCjqxpxQ6U4zTQ7Z1vBNxI","preKeyId":88}}},"version":"v1"}