{"_sessions":{"BWjzRvGpWCzxsHgu48eZxGu/20Iit9A3V46Uw8IMimEp":{"registrationId":91785311,"currentRatchet":{"ephemeralKeyPair":{"pubKey":"BWPzCrU0W827ypTtSAjnu7skwgI3YAbsUIGWlc+voLlF","privKey":"oEmTXyX7cNMKTyTKIWlTj4hHjzS9/i5K3JKfiL0W/2g="},"lastRemoteEphemeralKey":"BcemXL/xXjHXsg1ERNQ3Ojt9TgzGa70ddGgKtO8ST282","previousCounter":0,"rootKey":"MjUMwR+3S+ns6E1XOuRjibRcPvsI8bc/cM7XzJcBZKE="},"indexInfo":{"baseKey":"BWjzRvGpWCzxsHgu48eZxGu/20Iit9A3V46Uw8IMimEp","baseKeyType":1,"closed":-1,"used":1689735105790,"created":1689735105790,"remoteIdentityKey":"BTY4Jl9Rf4T9xP/ewdbexXxwPEAAlYG4FXSZMF4D+WIi"},"_chains":{"BWPzCrU0W827ypTtSAjnu7skwgI3YAbsUIGWlc+voLlF":{"chainKey":{"counter":0,"key":"23JX5T/IcrsM7Y2kBkoPZT9U6matyrSs+mpsEop0ZhY="},"chainType":1,"messageKeys":{}}},"pendingPreKey":{"signedKeyId":7,"baseKey":"BWjzRvGpWCzxsHgu48eZxGu/20Iit9A3V46Uw8IMimEp"}}},"version":"v1"}