{"_sessions":{"BTknowszBc5g7TXZKHDQ9s2MTg3LTkZeE/2XYN2qruA/":{"registrationId":263801346,"currentRatchet":{"ephemeralKeyPair":{"pubKey":"BSEs+h9gjbwFqqIYTYmRXWIJgKTTs55frwdVY4+j60lS","privKey":"gNUJOU+uBENjM0h/VSUk0TU4GIO1onyMrh5d8vGvP0I="},"lastRemoteEphemeralKey":"BfR7IHcjxXZRFVw26pzKKSniimI+pA349seCEwYz3E1P","previousCounter":0,"rootKey":"3g7kE/vP0dWNk+6MsyMFKfTbY0Ar8+PBJBuOJKAZ7F0="},"indexInfo":{"baseKey":"BTknowszBc5g7TXZKHDQ9s2MTg3LTkZeE/2XYN2qruA/","baseKeyType":1,"closed":-1,"used":1690018927003,"created":1690018927003,"remoteIdentityKey":"BdHuh4DE5F0LjhOoQYspKb5exeXQnfAxUr8t0hNA18AR"},"_chains":{"BSEs+h9gjbwFqqIYTYmRXWIJgKTTs55frwdVY4+j60lS":{"chainKey":{"counter":0,"key":"uvx5oTbit2WxQUCOvg2D3ZyMFYmhyw19e8UWzag+RNI="},"chainType":1,"messageKeys":{}}},"pendingPreKey":{"signedKeyId":4,"baseKey":"BTknowszBc5g7TXZKHDQ9s2MTg3LTkZeE/2XYN2qruA/","preKeyId":7068928}}},"version":"v1"}