{"_sessions":{"Ba+fvJO5IFB1MLhoteRDhutNTT0vAsWZutMtZ4JeZSxF":{"registrationId":1514834174,"currentRatchet":{"ephemeralKeyPair":{"pubKey":"BRem11JnqJq/vPSR1WTH0yD1Nd3QLXjYv+CI5GeDY2Zj","privKey":"OHvAGO7aOICbPHpjYaR+jIMarU4qqZjbBTD3KOtkrV0="},"lastRemoteEphemeralKey":"BT3FmJc+90aaLHp6GrPYYPIQAu16DZShDaFveHGUDaow","previousCounter":0,"rootKey":"vMBFVdAz8SS3oVQVJNljx9IAImrwBALStdzXnmx3JtM="},"indexInfo":{"baseKey":"Ba+fvJO5IFB1MLhoteRDhutNTT0vAsWZutMtZ4JeZSxF","baseKeyType":1,"closed":-1,"used":1689735105954,"created":1689735105954,"remoteIdentityKey":"BQrWifi+2KGK1oiOXP0UVAV8/BNCvvq475jKbzO1OS4u"},"_chains":{"BRem11JnqJq/vPSR1WTH0yD1Nd3QLXjYv+CI5GeDY2Zj":{"chainKey":{"counter":0,"key":"xEsceFFAHGG/zTkbR9PhVHmLcsVOUyfwK9g1udfnESY="},"chainType":1,"messageKeys":{}}},"pendingPreKey":{"signedKeyId":17,"baseKey":"Ba+fvJO5IFB1MLhoteRDhutNTT0vAsWZutMtZ4JeZSxF"}}},"version":"v1"}