{"_sessions":{"BcsMlDdz5vjd1gH0UXGIB5I0WqXHOw/C4e8CXUfZiIZz":{"registrationId":824847256,"currentRatchet":{"ephemeralKeyPair":{"pubKey":"BUQd1ymOokFt5ONh6N0YopsTqIyKx5bvGf/fC5VetsRR","privKey":"mCzyh9BawskFyulfIrzQo/umo1VnabsXmGDEPJJYGmI="},"lastRemoteEphemeralKey":"Ba3QzYdBpAscOxv1BGxfFmI3bgxqXA0tWYSNngLkilkQ","previousCounter":0,"rootKey":"F24GN1HwGDK8hdqgjOjlJMzmTEKc2RgXSlCvT8hMYQE="},"indexInfo":{"baseKey":"BcsMlDdz5vjd1gH0UXGIB5I0WqXHOw/C4e8CXUfZiIZz","baseKeyType":1,"closed":-1,"used":1689735106153,"created":1689735106153,"remoteIdentityKey":"BVYHzboIfwVI0FPFa/HDUjbE8pxHQ454VvOSGP8/VKQj"},"_chains":{"BUQd1ymOokFt5ONh6N0YopsTqIyKx5bvGf/fC5VetsRR":{"chainKey":{"counter":0,"key":"vXFWlrTjs/+4SRV48E2BbZAuZEm57m21vTuG87M+c/0="},"chainType":1,"messageKeys":{}}},"pendingPreKey":{"signedKeyId":39,"baseKey":"BcsMlDdz5vjd1gH0UXGIB5I0WqXHOw/C4e8CXUfZiIZz","preKeyId":11609181}}},"version":"v1"}