{"_sessions":{"BS+A8ClO/eOqaDukPtXpK9euKJHheT0GNDQUIzhchSdI":{"registrationId":1887878108,"currentRatchet":{"ephemeralKeyPair":{"pubKey":"BYPbnzOvsTCilDjUaF7dDhekiWSv0C4v9b0x5xsZhhhq","privKey":"CKn0EX5XtxMuliXhuS+5UEURWbBR0kgd1pAvPb/bxnI="},"lastRemoteEphemeralKey":"BRQTYCtrAT9niqa8HenmWH5uI9Qpd6qwTV05pePrZd5s","previousCounter":0,"rootKey":"7496acx055CiLrp7nIyIgiZyLi7iyp7ir7hMK3VCD40="},"indexInfo":{"baseKey":"BS+A8ClO/eOqaDukPtXpK9euKJHheT0GNDQUIzhchSdI","baseKeyType":1,"closed":-1,"used":1689735105712,"created":1689735105712,"remoteIdentityKey":"BX2j/JLQg8pIyogEKSLf/n5QprH75RoNepUZqjbBCiQT"},"_chains":{"BYPbnzOvsTCilDjUaF7dDhekiWSv0C4v9b0x5xsZhhhq":{"chainKey":{"counter":0,"key":"K+isAxrXV5rLtTy8KNN00OId8xiibp/3V7i3jDKhmKE="},"chainType":1,"messageKeys":{}}},"pendingPreKey":{"signedKeyId":3589740,"baseKey":"BS+A8ClO/eOqaDukPtXpK9euKJHheT0GNDQUIzhchSdI","preKeyId":2945}}},"version":"v1"}