{"_sessions":{"BaX6Is40pOLmuqZqK1gTeNA3u046yQ7XbP5P7FwO+8Vr":{"registrationId":976266566,"currentRatchet":{"ephemeralKeyPair":{"pubKey":"BUcwBS+hN18xD9+v/MzFmil/xkVts8pJp0WhBz17IKZK","privKey":"sPmjFP8KMAoHvibWaZKrXX9QI8uY+e6mCjDJ8ncEdWg="},"lastRemoteEphemeralKey":"BVqxiCSzrfpG5JPI4eG8IELozzeXIvabW84JV+VzeP5L","previousCounter":0,"rootKey":"HViP/kKg3+FaMXqDYpo8asoi+fgBR/Wataf6SU2vvw8="},"indexInfo":{"baseKey":"BaX6Is40pOLmuqZqK1gTeNA3u046yQ7XbP5P7FwO+8Vr","baseKeyType":1,"closed":-1,"used":1689734809439,"created":1689734809439,"remoteIdentityKey":"BYcyfHeLHPDVE73ZNKSwNQsJjbY+r/jLby0zZHYNqxxC"},"_chains":{"BUcwBS+hN18xD9+v/MzFmil/xkVts8pJp0WhBz17IKZK":{"chainKey":{"counter":0,"key":"I3t8EY1U+3kFl3N6odYawEi6M5FP8Nza4VCOcaQ8pWc="},"chainType":1,"messageKeys":{}}},"pendingPreKey":{"signedKeyId":1,"baseKey":"BaX6Is40pOLmuqZqK1gTeNA3u046yQ7XbP5P7FwO+8Vr","preKeyId":158071}}},"version":"v1"}