{"_sessions":{"BQF8om3zEzmoDC/Os+p76e2Q1LbF49N40gyAjePDoOFv":{"registrationId":409868162,"currentRatchet":{"ephemeralKeyPair":{"pubKey":"BT1YkgJhX+JzZ/VDO845jLkiInxkRdVi25k9pBVNNjMJ","privKey":"AJgo4koWkrw7xU3ciR9IjS3Q/VOScAFUsn4rg0ruK1Q="},"lastRemoteEphemeralKey":"Bdblp0WuFG0986yXF56jlRARz+VdGTfQTuePFBlo7Gde","previousCounter":0,"rootKey":"t+uD9rCViWGIgMadE8MuIfLoVKfE7xXwxoK6DaLZcMc="},"indexInfo":{"baseKey":"BQF8om3zEzmoDC/Os+p76e2Q1LbF49N40gyAjePDoOFv","baseKeyType":1,"closed":-1,"used":1689735105844,"created":1689735105844,"remoteIdentityKey":"BfkHR8mbT0ivGDfFLPhZ1Ll4FJ1GZK1F3FPxtre4MExw"},"_chains":{"BT1YkgJhX+JzZ/VDO845jLkiInxkRdVi25k9pBVNNjMJ":{"chainKey":{"counter":0,"key":"cMdlSEaJT8atXvO/ZGXHybApwHHS+lWIPUJ5VdRam1k="},"chainType":1,"messageKeys":{}}},"pendingPreKey":{"signedKeyId":3,"baseKey":"BQF8om3zEzmoDC/Os+p76e2Q1LbF49N40gyAjePDoOFv","preKeyId":1909537}}},"version":"v1"}