{"_sessions":{"BcEBomkHKUnJs3XWDmursstfMHwOe4NJRbCMS/wnAbFD":{"registrationId":865256118,"currentRatchet":{"ephemeralKeyPair":{"pubKey":"BaxLh4984SY0Iovx8eZXVVgNgHaAf6UNZSfrkiQahsBB","privKey":"yKqMvj5bgOC37srnulU5lK+qhfMMXJSs7ZqM9I+zBlU="},"lastRemoteEphemeralKey":"BTL6WXcGEsJoowuUQ0s/XJbv+nZWXF0CdeHP3PCxTiJC","previousCounter":0,"rootKey":"o0W2Ci3F3zJvNnAaX6qCn9bf5IYlmPlJGso8EBL0F/Y="},"indexInfo":{"baseKey":"BcEBomkHKUnJs3XWDmursstfMHwOe4NJRbCMS/wnAbFD","baseKeyType":1,"closed":-1,"used":1689735106231,"created":1689735106231,"remoteIdentityKey":"BblwzywOX1t5czuNh5n39hnYqAqadRChKmMeCuLP57kz"},"_chains":{"BaxLh4984SY0Iovx8eZXVVgNgHaAf6UNZSfrkiQahsBB":{"chainKey":{"counter":0,"key":"u7k6TMD1oZukRucAHMx+Mj6dndYvV2oi23tidEP+KLA="},"chainType":1,"messageKeys":{}}},"pendingPreKey":{"signedKeyId":5,"baseKey":"BcEBomkHKUnJs3XWDmursstfMHwOe4NJRbCMS/wnAbFD","preKeyId":2837810}}},"version":"v1"}