{"_sessions":{"BWgWZLe/Gyr/oytdkltBKMOInIZG1kCGVYosPEw34Sga":{"registrationId":1557528422,"currentRatchet":{"ephemeralKeyPair":{"pubKey":"BWSJDrXpaF+FcL9Pdtt1dOASxLfJ7OjA4VoZ6TGtIJkL","privKey":"WMaaCrL2ijIEHM3kB42+5ArdpE3O4wW7g3G43nsrxVw="},"lastRemoteEphemeralKey":"BUpVW64D+PCnX4kRTQzRE9o4Wn/2TUUbpxwZN8qLJ1EH","previousCounter":0,"rootKey":"y0HgczoeQQLJo7h02l9lm+sr3S6Yu8VC+IfvPRJmfk0="},"indexInfo":{"baseKey":"BWgWZLe/Gyr/oytdkltBKMOInIZG1kCGVYosPEw34Sga","baseKeyType":1,"closed":-1,"used":1689735105613,"created":1689735105613,"remoteIdentityKey":"BV5zCCOafRq+rkImmQa4wXMTLv7rVosnkGd9f1DeJIU6"},"_chains":{"BWSJDrXpaF+FcL9Pdtt1dOASxLfJ7OjA4VoZ6TGtIJkL":{"chainKey":{"counter":0,"key":"NwKA3w9cYWV3jxVDH5VrVZBx+5W4ELurEbVqM4CmFDk="},"chainType":1,"messageKeys":{}}},"pendingPreKey":{"signedKeyId":1055018,"baseKey":"BWgWZLe/Gyr/oytdkltBKMOInIZG1kCGVYosPEw34Sga","preKeyId":2091}}},"version":"v1"}