{"_sessions":{"BbmtuX36y6P/ZjyN915ok/prvqNw+uBTXQQqssFsXhFr":{"registrationId":1837025194,"currentRatchet":{"ephemeralKeyPair":{"pubKey":"BTuag3XWN6gIpjxB0Q6kpm8bnd03POEdP3j1tEr9i4wO","privKey":"CE8ndyqPw8TxDMui8GEcwejn31LdeF6yc9Ipd/xCqHs="},"lastRemoteEphemeralKey":"BYt5oR5mK6Ut/OkoPCdwdYtou3HrbSX7adP1jLuKOZFY","previousCounter":0,"rootKey":"+S2bTXkEg+UJ8xXqipPfQrjgnsF0Rrj9oq8N8Ij+bXQ="},"indexInfo":{"baseKey":"BbmtuX36y6P/ZjyN915ok/prvqNw+uBTXQQqssFsXhFr","baseKeyType":1,"closed":-1,"used":1689735106108,"created":1689735106108,"remoteIdentityKey":"BT4ultr5OU5XZt4L2cESfDgtqhJzYRqPc4rJyGEBaKkp"},"_chains":{"BTuag3XWN6gIpjxB0Q6kpm8bnd03POEdP3j1tEr9i4wO":{"chainKey":{"counter":0,"key":"RtScsuXflYTY9gFw7sUpIe52/N0zciJ0TCECmvIQdMc="},"chainType":1,"messageKeys":{}}},"pendingPreKey":{"signedKeyId":1,"baseKey":"BbmtuX36y6P/ZjyN915ok/prvqNw+uBTXQQqssFsXhFr"}}},"version":"v1"}