{"_sessions":{"Bd4SmLOjqO1bX1VnsGwHikbUwVpCpSnpKUdmUFShsVE1":{"registrationId":1664327825,"currentRatchet":{"ephemeralKeyPair":{"pubKey":"BYtI5xIihAepgDpk619KMdw+7Ro+DQEynBOTmgUaxTsN","privKey":"ULs4L4fWVLIBQxroDjqHvKtM/+JRM0A37hlOZUWog1E="},"lastRemoteEphemeralKey":"BXPWai2upkO61MqJudZNliy3ICK68BuZVwuMtK8NcYIA","previousCounter":0,"rootKey":"6MBK5N8r2vtm/59scC0w9582bw2Vz3ZQiQJN8UseRcQ="},"indexInfo":{"baseKey":"Bd4SmLOjqO1bX1VnsGwHikbUwVpCpSnpKUdmUFShsVE1","baseKeyType":1,"closed":-1,"used":1689735105700,"created":1689735105700,"remoteIdentityKey":"Beu1qkmLxCOhIUmqFwwftzAdpkq6Hdfd5lN3i59FlkgY"},"_chains":{"BYtI5xIihAepgDpk619KMdw+7Ro+DQEynBOTmgUaxTsN":{"chainKey":{"counter":0,"key":"paObBBKYTcDtL8xl7XMvZFo6SDzPMawZkfRGtNWGdxE="},"chainType":1,"messageKeys":{}}},"pendingPreKey":{"signedKeyId":6,"baseKey":"Bd4SmLOjqO1bX1VnsGwHikbUwVpCpSnpKUdmUFShsVE1","preKeyId":3161154}}},"version":"v1"}