{"_sessions":{"BbwTc2aH+iBF3Xh3RDlCTuyBaGdr0N93Y6xwOpMoaC0d":{"registrationId":696666745,"currentRatchet":{"ephemeralKeyPair":{"pubKey":"BeE1s4NoM2rWzlie3hh9qq8VknEtUU8xhXmi0olnbLBG","privKey":"WDR47dBTNyZz3JSldfuLmyxLe86Lth/5m2L38DLOFEU="},"lastRemoteEphemeralKey":"BRX/mfYKfJ4Ik61FDPY22qJuKt62mlXtkI3pl5biBtVP","previousCounter":0,"rootKey":"vEjMGIdlOTmwKbsjT8n44ED4JmMkid6t1wNwTYLPmCM="},"indexInfo":{"baseKey":"BbwTc2aH+iBF3Xh3RDlCTuyBaGdr0N93Y6xwOpMoaC0d","baseKeyType":2,"closed":-1,"used":1689735734251,"created":1689735734251,"remoteIdentityKey":"Be9/bbrJHIrIdojLrvszheUj3wjw6OgQCK8aSJRKIzRM"},"_chains":{"BRX/mfYKfJ4Ik61FDPY22qJuKt62mlXtkI3pl5biBtVP":{"chainKey":{"counter":0,"key":"cE0fZuseEogG95ft2pS8I13edgGpjVK5BJoRXYgWbjI="},"chainType":2,"messageKeys":{}},"BeE1s4NoM2rWzlie3hh9qq8VknEtUU8xhXmi0olnbLBG":{"chainKey":{"counter":-1,"key":"JblSEjG8+cd9jB0cVwg8Mjcm7UNdYdXiklgoGWNvvyg="},"chainType":1,"messageKeys":{}}}}},"version":"v1"}