{"_sessions":{"BbwKGXdvP0GZogJRITdaIgk6U9HRhQ6h7I7XWCnTG54b":{"registrationId":1836561810,"currentRatchet":{"ephemeralKeyPair":{"pubKey":"BWXNqYd2RWxCgiNkYI06BfwSzUBWY5kKGNcRnNETgv5n","privKey":"uDOXZ31NULG/aEG4qI/hRjxceZppXlJnK0NXWAAQQUc="},"lastRemoteEphemeralKey":"BeVqUrXUr2vBL5WGOwwtFkeppc3hgHfaaOngZNWoVM86","previousCounter":0,"rootKey":"ezZRN+iAS6ahs8r/qWYy31j4n+QK/35LHdnpKAzBZ64="},"indexInfo":{"baseKey":"BbwKGXdvP0GZogJRITdaIgk6U9HRhQ6h7I7XWCnTG54b","baseKeyType":1,"closed":-1,"used":1689734147677,"created":1689734147677,"remoteIdentityKey":"BYabkmxicPv/MHigXPQEMuHVTJxeyzZxyCkWbcjncdAY"},"_chains":{"BWXNqYd2RWxCgiNkYI06BfwSzUBWY5kKGNcRnNETgv5n":{"chainKey":{"counter":0,"key":"GhiX8mrLR2rrem9alSwp5WAgzd17ErD3VGbt9oAOJKs="},"chainType":1,"messageKeys":{}}},"pendingPreKey":{"signedKeyId":4,"baseKey":"BbwKGXdvP0GZogJRITdaIgk6U9HRhQ6h7I7XWCnTG54b","preKeyId":16454397}}},"version":"v1"}