{"_sessions":{"BY5kf9xRa/NIkYXcQKxL1ZheoMrH6YSRHO9ldKabnMMm":{"registrationId":7445,"currentRatchet":{"ephemeralKeyPair":{"pubKey":"BZlALMTu2eNXbA8lb1Lc4YKUeobZjqN69szHKDBs6rYf","privKey":"KEfEPfg7Bqo04lqlTP8dUl/bJ4ImHXqqVMTCual5qWU="},"lastRemoteEphemeralKey":"BfZ51sRgyyn+wOoW3erxi0yKM0YW/WCksCMxjIHZbO1u","previousCounter":0,"rootKey":"o98OBGqhDE2BKQDWmyN1AwZLqhmuusMR8VF+UPxScFs="},"indexInfo":{"baseKey":"BY5kf9xRa/NIkYXcQKxL1ZheoMrH6YSRHO9ldKabnMMm","baseKeyType":1,"closed":-1,"used":1689735105536,"created":1689735105536,"remoteIdentityKey":"BZ57qb+ifA/hbg9JLHbrqMAeVvzL6K7+DA3LNdf8gpsI"},"_chains":{"BZlALMTu2eNXbA8lb1Lc4YKUeobZjqN69szHKDBs6rYf":{"chainKey":{"counter":0,"key":"NS0959SvUd2j8iNUFk3jQEonnSWe4n1wq8LJ8SAoIqQ="},"chainType":1,"messageKeys":{}}},"pendingPreKey":{"signedKeyId":1,"baseKey":"BY5kf9xRa/NIkYXcQKxL1ZheoMrH6YSRHO9ldKabnMMm"}}},"version":"v1"}