{"_sessions":{"BbhFHanAcz49XCdqHM8RubTiV9p9F307btYvQ5zNNVxx":{"registrationId":1652906724,"currentRatchet":{"ephemeralKeyPair":{"pubKey":"BcK6kSpZsqVVPnW8ao/XRma1WK5yptoy6v7LrRXbJl03","privKey":"oKZY7M6LOA6mvua3Cg3CEF2k0e+duEw7D+sszTTuJF0="},"lastRemoteEphemeralKey":"BUTOcInP4MvyXP42t+gaLDK+Fu6A7N5cgZxoQepMRsYd","previousCounter":0,"rootKey":"ppKjhGCOcvXPLRxLCzZZ/vDTcnMV7opW2M9E5Osubfw="},"indexInfo":{"baseKey":"BbhFHanAcz49XCdqHM8RubTiV9p9F307btYvQ5zNNVxx","baseKeyType":1,"closed":-1,"used":1689734809421,"created":1689734809421,"remoteIdentityKey":"Baknn4o/QKnJ7KFwHqsbCpjjpA5t5ss93dO3Blp7nwsd"},"_chains":{"BcK6kSpZsqVVPnW8ao/XRma1WK5yptoy6v7LrRXbJl03":{"chainKey":{"counter":0,"key":"rzQQhF57fsgKG94cx0VcDUhpfc4pij4OA/4Av+GOJm8="},"chainType":1,"messageKeys":{}}},"pendingPreKey":{"signedKeyId":3,"baseKey":"BbhFHanAcz49XCdqHM8RubTiV9p9F307btYvQ5zNNVxx","preKeyId":6106440}}},"version":"v1"}