{"_sessions":{"BfSyOLw48ZgUWbx5WKt0E0ysV2/lsGFin1IjXkomgBwB":{"registrationId":485964902,"currentRatchet":{"ephemeralKeyPair":{"pubKey":"BQ+04Ldbg6rOkgLuvHcZC71sSbsdaiSS37NDFQhN4lFG","privKey":"kAgbjMC1b/SXoo85nekfkeIBYLnWbbPUv50+n4/ogUo="},"lastRemoteEphemeralKey":"BfPdh6hqVEuFaFby7AdipRZXm3+rBhDqetUzSwbGZnMo","previousCounter":0,"rootKey":"t7nuhkKTqnqNcjNIsa/mIWHbvNEY57tRZgB6Y3JBpdg="},"indexInfo":{"baseKey":"BfSyOLw48ZgUWbx5WKt0E0ysV2/lsGFin1IjXkomgBwB","baseKeyType":1,"closed":-1,"used":1689735106135,"created":1689735106135,"remoteIdentityKey":"BSdyb9zO4+LafF5gzu7ejWI3ofbRPVaWZSSEmcOal+01"},"_chains":{"BQ+04Ldbg6rOkgLuvHcZC71sSbsdaiSS37NDFQhN4lFG":{"chainKey":{"counter":0,"key":"yIRlY/IQ3Fp4hm1wPGbgZi8ERJq5C/Q4kfQd5pMYdjo="},"chainType":1,"messageKeys":{}}},"pendingPreKey":{"signedKeyId":0,"baseKey":"BfSyOLw48ZgUWbx5WKt0E0ysV2/lsGFin1IjXkomgBwB"}}},"version":"v1"}