{"_sessions":{"BawYy7/0vx+B4u9PGzwQTn4NWzlk8gUU8A8jhMw3m2w7":{"registrationId":599818595,"currentRatchet":{"ephemeralKeyPair":{"pubKey":"BXyYyKYZcgAR92/6udVQNmbCq0dzE1KDQcdcNYsO+WkB","privKey":"CAFrOssOqTtz3k0UuVl3GHw6G2p8aDY2WLq8zNvDkEg="},"lastRemoteEphemeralKey":"BeR8z1Ojqnmo7eVSYa6G8OaIeygxckJket1uORrUUVwo","previousCounter":0,"rootKey":"LNMs7D+XIhWOCXbZqJoKhjOcexVXTTPQtYh8eWwmOI8="},"indexInfo":{"baseKey":"BawYy7/0vx+B4u9PGzwQTn4NWzlk8gUU8A8jhMw3m2w7","baseKeyType":1,"closed":-1,"used":1689734147629,"created":1689734147629,"remoteIdentityKey":"Ba9aD4xPoCF4m1w5fEBqcE2t1n89Nl4BSD6fO22Nj3B2"},"_chains":{"BXyYyKYZcgAR92/6udVQNmbCq0dzE1KDQcdcNYsO+WkB":{"chainKey":{"counter":0,"key":"1bpvveU+JAbhX2tfIXoFDubzaswL8fJQGleuvx6TJfA="},"chainType":1,"messageKeys":{}}},"pendingPreKey":{"signedKeyId":4,"baseKey":"BawYy7/0vx+B4u9PGzwQTn4NWzlk8gUU8A8jhMw3m2w7","preKeyId":10051413}}},"version":"v1"}