{"_sessions":{"BUlPIX6/K8Ves1JbzQ5Mf/Kg8cN8HQ9ovCxPMN934F82":{"registrationId":1501586226,"currentRatchet":{"ephemeralKeyPair":{"pubKey":"BRv0denaPC8sLvKhPOO/gOTOGLM+k9l8w5LZ6pXbv6lb","privKey":"AMCMQib+XXQFboKyhCHQXnfLQtCDAiHULmfGk5hta28="},"lastRemoteEphemeralKey":"BZ++j0jYSN0ZEIYKQD5bzGBhZteUvsk/oR/B/uFAgBxG","previousCounter":0,"rootKey":"0+xJ82sOM46H6PusaOlRHDz+VVdamNWpjYt6AUwpfRs="},"indexInfo":{"baseKey":"BUlPIX6/K8Ves1JbzQ5Mf/Kg8cN8HQ9ovCxPMN934F82","baseKeyType":1,"closed":-1,"used":1689735106285,"created":1689735106285,"remoteIdentityKey":"BbkOA49nfiMRU71H9+ZToflBBJy5bHW7AI9Y3LrCQpJf"},"_chains":{"BRv0denaPC8sLvKhPOO/gOTOGLM+k9l8w5LZ6pXbv6lb":{"chainKey":{"counter":0,"key":"lCfRJt5ciGyVwpF/6otlx3fL6CWjLlTMwirhAxDZSvw="},"chainType":1,"messageKeys":{}}},"pendingPreKey":{"signedKeyId":9,"baseKey":"BUlPIX6/K8Ves1JbzQ5Mf/Kg8cN8HQ9ovCxPMN934F82","preKeyId":6153329}}},"version":"v1"}