{"_sessions":{"BQnO4AyaWk+9SkDZVT29m6f7RGrbMivvWec3CtVSspBG":{"registrationId":1361059722,"currentRatchet":{"ephemeralKeyPair":{"pubKey":"BXaFZUF2VZy4NDic8c4KUXvyEsJevYmd36Fq4lvKuKcH","privKey":"cNHTRzThfpYGVS7N4cbLYTjMVESWN4BZKIxrU7bQhUQ="},"lastRemoteEphemeralKey":"BVwPUy4ldl6TDz2T93eyFKVRyWny8xz7V5n0LNDVpW9P","previousCounter":0,"rootKey":"o2++sOvHAry8N6NVXdM1muhGwQoYWQJ7eVJkGVNP+uI="},"indexInfo":{"baseKey":"BQnO4AyaWk+9SkDZVT29m6f7RGrbMivvWec3CtVSspBG","baseKeyType":1,"closed":-1,"used":1689735105992,"created":1689735105992,"remoteIdentityKey":"BeZThUEvZn7TEVku58IdEHBrt42jgDpAcEHRZOPveL4K"},"_chains":{"BXaFZUF2VZy4NDic8c4KUXvyEsJevYmd36Fq4lvKuKcH":{"chainKey":{"counter":0,"key":"v5+SX3ySzc1bvKVKIReqhJGQuEAQspW4PxLAnQk+Seg="},"chainType":1,"messageKeys":{}}},"pendingPreKey":{"signedKeyId":4,"baseKey":"BQnO4AyaWk+9SkDZVT29m6f7RGrbMivvWec3CtVSspBG","preKeyId":15271764}}},"version":"v1"}