{"_sessions":{"Bc2/U+cUpdTV0Gz+7JWXpsiUC4uV3FMKgsvP4eu1nflP":{"registrationId":43811458,"currentRatchet":{"ephemeralKeyPair":{"pubKey":"BSsqJyw9ih19g9AGTbkaKlSOj1bfpssaXenPBpEJuxp1","privKey":"sJIvkNOKK3D0iSEMFL3p94XIH/AcNTlmP3ULp3/4ZF4="},"lastRemoteEphemeralKey":"BeYkKtYYuTXl/vxGJIkBjzkCfZmySoTqz1/VZNfjOLY2","previousCounter":0,"rootKey":"1CLRGihrP4pbQWOi8tyN0Cu2v4Tjz+5eh5t5C+kDu60="},"indexInfo":{"baseKey":"Bc2/U+cUpdTV0Gz+7JWXpsiUC4uV3FMKgsvP4eu1nflP","baseKeyType":1,"closed":-1,"used":1689735106391,"created":1689735106391,"remoteIdentityKey":"BSt/d4wRk0n6D1aAkcE1yVBJfwdzyvRSKa15cJDi5ydO"},"_chains":{"BSsqJyw9ih19g9AGTbkaKlSOj1bfpssaXenPBpEJuxp1":{"chainKey":{"counter":0,"key":"rr58Ecoob/oyQdezWUx6Xd0jODgKTVB4TT2XlVPOkTg="},"chainType":1,"messageKeys":{}}},"pendingPreKey":{"signedKeyId":2,"baseKey":"Bc2/U+cUpdTV0Gz+7JWXpsiUC4uV3FMKgsvP4eu1nflP","preKeyId":16321250}}},"version":"v1"}