{"_sessions":{"BWJUabcXPPU4jvmBDJxT7kDg6ELZJCholbl4C8laEsVy":{"registrationId":1799067971,"currentRatchet":{"ephemeralKeyPair":{"pubKey":"BcLMjUNUNuNPH8r8qHuGgzGW5i2nTHogH6pzQDSHHl8w","privKey":"iBrVE2UxOPVYVEYPt9+EcFBV4rfnxhn+zWWvzLsb9Go="},"lastRemoteEphemeralKey":"Be+1IqS380SVXB838E8ERCVNTZr/eIx+Mqoti3NI5rNg","previousCounter":0,"rootKey":"iaz+Ko6h8A9pnmVy53Fxqn9cQQNWwpAbsJ8c3XV5MC4="},"indexInfo":{"baseKey":"BWJUabcXPPU4jvmBDJxT7kDg6ELZJCholbl4C8laEsVy","baseKeyType":1,"closed":-1,"used":1689735105889,"created":1689735105889,"remoteIdentityKey":"BUdS5DstD7ToSGcnbLJ3yZGMmCO6P/uRWm6NCknNNspF"},"_chains":{"BcLMjUNUNuNPH8r8qHuGgzGW5i2nTHogH6pzQDSHHl8w":{"chainKey":{"counter":0,"key":"VTiYZiAuPzGRBrRhxOCsSDjyrlLAVibZPDls1PXyY1Y="},"chainType":1,"messageKeys":{}}},"pendingPreKey":{"signedKeyId":1,"baseKey":"BWJUabcXPPU4jvmBDJxT7kDg6ELZJCholbl4C8laEsVy","preKeyId":5519609}}},"version":"v1"}