{"_sessions":{"BegzoRe3ETsGgr94ZcesriJnIpnZ4eZ4LDIbiX5ZJyBJ":{"registrationId":5568,"currentRatchet":{"ephemeralKeyPair":{"pubKey":"BVje/BjaV7auSgm7SfQWG3ZQ5ZNYJ34Na/EX15woCjpP","privKey":"OFkoDr7W1fK+XrDCOU2m8ZVSXgoedbwfVuMCSrJNqFc="},"lastRemoteEphemeralKey":"BfIJE4RDdAKzJn/gNTdq/gCsIN7YGjuW+gsy3v6n+XYX","previousCounter":0,"rootKey":"EwTnSQI/bjJxDdH0y1gaIf4va6qXOPyzkFJU2dhNjIo="},"indexInfo":{"baseKey":"BegzoRe3ETsGgr94ZcesriJnIpnZ4eZ4LDIbiX5ZJyBJ","baseKeyType":1,"closed":-1,"used":1689734809377,"created":1689734809377,"remoteIdentityKey":"BcUZ4AaUZkBpkC+eSLhG/YsUZSWHhrokqSpE6W6fMxwW"},"_chains":{"BVje/BjaV7auSgm7SfQWG3ZQ5ZNYJ34Na/EX15woCjpP":{"chainKey":{"counter":0,"key":"B30xaIeoO1nTl2ZjSumDivOrEc/68gOmVsFEEtHhfUg="},"chainType":1,"messageKeys":{}}},"pendingPreKey":{"signedKeyId":1,"baseKey":"BegzoRe3ETsGgr94ZcesriJnIpnZ4eZ4LDIbiX5ZJyBJ","preKeyId":111}}},"version":"v1"}