{"_sessions":{"BcmkxH5dkDF9eGauih7YEFq2iBIqGDxzgWgV5nqyFj47":{"registrationId":1452723151,"currentRatchet":{"ephemeralKeyPair":{"pubKey":"BfIJqrGi9zFSX6G8sj5t8GMdO4wOqBrycNrfqpLUNtpP","privKey":"0DNJMCzDMluNneu1Ia4ieJJKcQoDwi2La8rENTDe5Uo="},"lastRemoteEphemeralKey":"BYEOqyPjsHRSxst/wf0BdVI70v3I4yLwOhNP2el8eyV8","previousCounter":0,"rootKey":"oyd6fu7gqpfB7n/wFMXdKhEGviPqIH8YDkDWNrsWxnk="},"indexInfo":{"baseKey":"BcmkxH5dkDF9eGauih7YEFq2iBIqGDxzgWgV5nqyFj47","baseKeyType":1,"closed":-1,"used":1689734147540,"created":1689734147540,"remoteIdentityKey":"BWoaxp/d4DoiiTbr0kePLMnl9upoMsWMT03A90VJ8RAR"},"_chains":{"BfIJqrGi9zFSX6G8sj5t8GMdO4wOqBrycNrfqpLUNtpP":{"chainKey":{"counter":0,"key":"GucASiiOtnhpYLOBPR/+YnC+Z1BCr4YMnNgLHyXtROc="},"chainType":1,"messageKeys":{}}},"pendingPreKey":{"signedKeyId":0,"baseKey":"BcmkxH5dkDF9eGauih7YEFq2iBIqGDxzgWgV5nqyFj47"}}},"version":"v1"}