{"_sessions":{"BR3pnmbPAt7ok2gvxFZlmWavkcad5S3UYI+BzltTufgK":{"registrationId":817219682,"currentRatchet":{"ephemeralKeyPair":{"pubKey":"Bdu24KiqUSBXZ2yZxE25mwd/sfc4nQjiLzMjPjjchSIn","privKey":"cNGLSplMEANflyWj1fWm12toH6G7ETNYaRBS7n7M/G8="},"lastRemoteEphemeralKey":"BTf0JVvpfGic3HPLjwHqq62jpjat6QgUDZK1hTek76gb","previousCounter":0,"rootKey":"52/q1h86jyvp2ZxZXFFTBTr6yzLlJMf4mbjqo+n9OOc="},"indexInfo":{"baseKey":"BR3pnmbPAt7ok2gvxFZlmWavkcad5S3UYI+BzltTufgK","baseKeyType":1,"closed":-1,"used":1689735106245,"created":1689735106245,"remoteIdentityKey":"BfWtiHulFo6DgPocxEB47cK/pNe7cFwajLAuyakYW84J"},"_chains":{"Bdu24KiqUSBXZ2yZxE25mwd/sfc4nQjiLzMjPjjchSIn":{"chainKey":{"counter":0,"key":"s+e6BiqOaB5FdFpXoqG8z7NzoAtC68jYGUeg1NSVX88="},"chainType":1,"messageKeys":{}}},"pendingPreKey":{"signedKeyId":1,"baseKey":"BR3pnmbPAt7ok2gvxFZlmWavkcad5S3UYI+BzltTufgK","preKeyId":11817695}}},"version":"v1"}