{"_sessions":{"BbHiZ0JL5zHgSmnqMD0QfFRQvuvGCeKVUxysA+CkgARV":{"registrationId":587054491,"currentRatchet":{"ephemeralKeyPair":{"pubKey":"BbM1UChX7XJlVEiRshH01G8Zh7zBP2BJ7DAXxR0tVq9D","privKey":"qCs9bpfqRUX19d1kzL77fRQ6v94rnK1lafrHKB+0pU0="},"lastRemoteEphemeralKey":"BdI0hd0b1ab84AwAC7iEKxWEGH/om0dY/x5+kyTo71Mv","previousCounter":0,"rootKey":"3RoFRhtawuXWO6iqaeCAN7m6GSebJTQsChJTdvIksHE="},"indexInfo":{"baseKey":"BbHiZ0JL5zHgSmnqMD0QfFRQvuvGCeKVUxysA+CkgARV","baseKeyType":1,"closed":-1,"used":1689735106180,"created":1689735106180,"remoteIdentityKey":"BR3xEy08vKvOy1RRziArbFasiW7M3xSiKgKQDSHuKqV/"},"_chains":{"BbM1UChX7XJlVEiRshH01G8Zh7zBP2BJ7DAXxR0tVq9D":{"chainKey":{"counter":0,"key":"CZcW58+Qw6tzXV8Jn1ELa0FHMNPD1SXsFwmPSIejXjI="},"chainType":1,"messageKeys":{}}},"pendingPreKey":{"signedKeyId":14280120,"baseKey":"BbHiZ0JL5zHgSmnqMD0QfFRQvuvGCeKVUxysA+CkgARV"}}},"version":"v1"}