{"_sessions":{"Bda5imsDb/38D9zwhsa3IoFUR7wrl85m0hdD5PPXCQxp":{"registrationId":1731876942,"currentRatchet":{"ephemeralKeyPair":{"pubKey":"Bf15P+7ziDDMIhSkaDvJzulNwpSZr2bogsvUeKQZu9h9","privKey":"6EFTpjMCmoyp2MQapFthLnqFKMwEu1mnxIyQl260gEw="},"lastRemoteEphemeralKey":"BRrHpEnt6+mP790lPaJUN+XCbxjq8QeWmqbT+KxEQJwZ","previousCounter":0,"rootKey":"N7/XIg3Ua7dllT9tUv7blfR+0e6hzG7KSmDh+YMWKdo="},"indexInfo":{"baseKey":"Bda5imsDb/38D9zwhsa3IoFUR7wrl85m0hdD5PPXCQxp","baseKeyType":1,"closed":-1,"used":1689735106097,"created":1689735106097,"remoteIdentityKey":"Bfw0nK6hHMgmaLLNZ+sSB1x6yUcWwu/Ig9/2w/voMqg3"},"_chains":{"Bf15P+7ziDDMIhSkaDvJzulNwpSZr2bogsvUeKQZu9h9":{"chainKey":{"counter":0,"key":"jViqGG3bwtRmBHQimdaN2VkxGLiNGscxnVjAR/w7/Yg="},"chainType":1,"messageKeys":{}}},"pendingPreKey":{"signedKeyId":2,"baseKey":"Bda5imsDb/38D9zwhsa3IoFUR7wrl85m0hdD5PPXCQxp","preKeyId":8595911}}},"version":"v1"}