{"_sessions":{"BejsARWBiR0vss1Z0RRW9GoM0tgOEJq0mG1DliZDPYwq":{"registrationId":4161,"currentRatchet":{"ephemeralKeyPair":{"pubKey":"Bd0UT6xwUQrv201fXes5lUZ40t9S22rLmXJfEIrmjewx","privKey":"eHv3q6GcPBsls/aYuwZdSUU2eOW0xuBguijBAQ+yw04="},"lastRemoteEphemeralKey":"BSIzJN1e3hJEIN5+oUJCXbQIgHOfxJH3JqZrTYZS/QUW","previousCounter":0,"rootKey":"M5UjURBmadQaYZMPE5baC+I9dzZRZ3Y/IT27W5UTY00="},"indexInfo":{"baseKey":"BejsARWBiR0vss1Z0RRW9GoM0tgOEJq0mG1DliZDPYwq","baseKeyType":1,"closed":-1,"used":1689735105574,"created":1689735105574,"remoteIdentityKey":"BbuwaLmctV4+ifsQlOKNQup7h6i8wQQyDIx782Oddx5x"},"_chains":{"Bd0UT6xwUQrv201fXes5lUZ40t9S22rLmXJfEIrmjewx":{"chainKey":{"counter":0,"key":"TZQID6HSXiG1sDBgOxq5kVqeo1grPXRstwyQXF6IInw="},"chainType":1,"messageKeys":{}}},"pendingPreKey":{"signedKeyId":1,"baseKey":"BejsARWBiR0vss1Z0RRW9GoM0tgOEJq0mG1DliZDPYwq"}}},"version":"v1"}