{"_sessions":{"BceEhE0J4GlNJL9awE4IVzSsoNv3ntqqoc2d2csLFENG":{"registrationId":754684273,"currentRatchet":{"ephemeralKeyPair":{"pubKey":"BW/RxEezwm+SzAbfBvfKpvEt2ESZmji3RDS6ccMvIbly","privKey":"mMkihJLxN0ZWHvq8wyzyEe50gHexpOoIGKSYnJbzYWo="},"lastRemoteEphemeralKey":"BdLCK/MBBuGEKtTiiDQl7QlfYVqAdUv2v1hEHUenKF5Z","previousCounter":0,"rootKey":"o/NrgQSDzp+zkXhIdRI3YNYgmxq1wlKgAZ9lkiZk6TY="},"indexInfo":{"baseKey":"BceEhE0J4GlNJL9awE4IVzSsoNv3ntqqoc2d2csLFENG","baseKeyType":1,"closed":-1,"used":1689735105719,"created":1689735105719,"remoteIdentityKey":"BVRtmerGHmVgSlx3+p1wYBNRoTFwo1QSuLS/DtOIuQ5R"},"_chains":{"BW/RxEezwm+SzAbfBvfKpvEt2ESZmji3RDS6ccMvIbly":{"chainKey":{"counter":0,"key":"bzr02X4gF+ZFN3XKrYnaNwOhSC17JKGLoF/42STUJmM="},"chainType":1,"messageKeys":{}}},"pendingPreKey":{"signedKeyId":4590016,"baseKey":"BceEhE0J4GlNJL9awE4IVzSsoNv3ntqqoc2d2csLFENG"}}},"version":"v1"}