{"_sessions":{"Ba8+diclw89aMkjKS+szMXrdytE5J6w/w7xhtFL4b/sz":{"registrationId":26400565,"currentRatchet":{"ephemeralKeyPair":{"pubKey":"Be7g1fk07eFRLS011JCfQvUTgjyUg4zd54vLUDfcBNxs","privKey":"KLsTYnO626AFk7yzI5k8cgq6U34pP2PIa3IsXynaE20="},"lastRemoteEphemeralKey":"BVrIPNH765k7QtCT2iXv/5dBBFoWxflNZbyjnRShQuUC","previousCounter":0,"rootKey":"9q8FUQlM2uAiKVUaN9g2zS+xl018pTjnb2zwG1sLrEQ="},"indexInfo":{"baseKey":"Ba8+diclw89aMkjKS+szMXrdytE5J6w/w7xhtFL4b/sz","baseKeyType":1,"closed":-1,"used":1689735105738,"created":1689735105738,"remoteIdentityKey":"BTpCINH6YwI1EUUJMGvZQqyQC+mx098+QCOJ+YnevjF7"},"_chains":{"Be7g1fk07eFRLS011JCfQvUTgjyUg4zd54vLUDfcBNxs":{"chainKey":{"counter":0,"key":"7ErzVv7rDJUaemF2sUdNyHYaU70WODRU2wMeQqeR7os="},"chainType":1,"messageKeys":{}}},"pendingPreKey":{"signedKeyId":1,"baseKey":"Ba8+diclw89aMkjKS+szMXrdytE5J6w/w7xhtFL4b/sz","preKeyId":9629572}}},"version":"v1"}