{"_sessions":{"Bc9R4nHMuKsEo2XroAGxomdja/jOLcgsX2+m/oPTVtEu":{"registrationId":1781237599,"currentRatchet":{"ephemeralKeyPair":{"pubKey":"BRIZPepccJJtlheth7MAPcgxYjX0OO3BuUIjc0kmGY9Z","privKey":"CK1BaDp0VyCqt8119NB6SK643PwoNR9hgWsruYJiJm4="},"lastRemoteEphemeralKey":"Bczlizr685HjNwOuY88biPpESliSIiBdJpX9ae8n1eYC","previousCounter":0,"rootKey":"YKrKensTI6SQJFWprOI+tPF07+n3S2LukT/D5qEvlgE="},"indexInfo":{"baseKey":"Bc9R4nHMuKsEo2XroAGxomdja/jOLcgsX2+m/oPTVtEu","baseKeyType":1,"closed":-1,"used":1689735106316,"created":1689735106316,"remoteIdentityKey":"BWlMOiZDtF9J/6O2JJ+XkJPVI7jClyw9Ha0DYg9Vxake"},"_chains":{"BRIZPepccJJtlheth7MAPcgxYjX0OO3BuUIjc0kmGY9Z":{"chainKey":{"counter":0,"key":"PIR4nZVpIeK0RoOLadh0YUGhFrAQ822wHbWKnBsCVSE="},"chainType":1,"messageKeys":{}}},"pendingPreKey":{"signedKeyId":3,"baseKey":"Bc9R4nHMuKsEo2XroAGxomdja/jOLcgsX2+m/oPTVtEu","preKeyId":13298001}}},"version":"v1"}