{"_sessions":{"BZ3W2Qro3l0EM6HEjrRw9tM0jSPPw+InURRNvrLizEgH":{"registrationId":6583,"currentRatchet":{"ephemeralKeyPair":{"pubKey":"BSF/MdM9tBJwDyaZ5VwiA3QfH9jtaji0dtu+DOXQevhx","privKey":"wA9G7CoK14sP6q9VgVISb207ofhP0va5xyxn26s53XY="},"lastRemoteEphemeralKey":"BQp3EwPE79b8xM4iHcmbKoObctekhL3lIPP+4IK9mowE","previousCounter":0,"rootKey":"Q+mu56CaH3HVBd0gQPYiuvJ66p7V8ofQnG+Xv3vHqpQ="},"indexInfo":{"baseKey":"BZ3W2Qro3l0EM6HEjrRw9tM0jSPPw+InURRNvrLizEgH","baseKeyType":1,"closed":-1,"used":1689735105558,"created":1689735105558,"remoteIdentityKey":"BcdRaoERas9NYkcLqfiieu1vqEHUluvebQ8yodsImnlf"},"_chains":{"BSF/MdM9tBJwDyaZ5VwiA3QfH9jtaji0dtu+DOXQevhx":{"chainKey":{"counter":0,"key":"SSfsdXgoSy4pc0qqyUHOplTJy0HR3ckLwROyrSkjr5U="},"chainType":1,"messageKeys":{}}},"pendingPreKey":{"signedKeyId":1,"baseKey":"BZ3W2Qro3l0EM6HEjrRw9tM0jSPPw+InURRNvrLizEgH","preKeyId":1806}}},"version":"v1"}