{"_sessions":{"Bfk5PocDcPi0oXBELEG/Ey+ZfzBNFLiCZ10KD+RgGPB7":{"registrationId":1067034359,"currentRatchet":{"ephemeralKeyPair":{"pubKey":"BYp8SX/S7Kpl2/18jE1bVEADiQnvVI+J0Kodybv1nLN7","privKey":"CE+uVpMcAtXiqjF4xJpKEz7HiH3zPCGdNOYOPOo9TEg="},"lastRemoteEphemeralKey":"BRiW14u0jGDwVRWuISEH5e6WdljY2mr4ZHuCw0pmQUoH","previousCounter":0,"rootKey":"cJbjfBEXbb8p7+qRMq0mTsY+/+tkuE4ZIQ2sXyJsQBE="},"indexInfo":{"baseKey":"Bfk5PocDcPi0oXBELEG/Ey+ZfzBNFLiCZ10KD+RgGPB7","baseKeyType":1,"closed":-1,"used":1689735105673,"created":1689735105673,"remoteIdentityKey":"BXOBQChlj6d9lyO51b4/IhaKpLuiTvKEPdOORXU9fy1A"},"_chains":{"BYp8SX/S7Kpl2/18jE1bVEADiQnvVI+J0Kodybv1nLN7":{"chainKey":{"counter":0,"key":"qqCW38bgaa5GFJsy3sV4D5pyO41iM+iKOKBoEVdNQoI="},"chainType":1,"messageKeys":{}}},"pendingPreKey":{"signedKeyId":2,"baseKey":"Bfk5PocDcPi0oXBELEG/Ey+ZfzBNFLiCZ10KD+RgGPB7","preKeyId":9896620}}},"version":"v1"}