{"_sessions":{"BTfZH7VY3qR+dnjducZExkQsWWtZaNgz2V8t5FEKYE4u":{"registrationId":348874958,"currentRatchet":{"ephemeralKeyPair":{"pubKey":"Bft9QX/Azw1QXu4PoIqtfBPdhAHALYjKCxUvjG29071+","privKey":"MDcj4OXzJCbcqO4XHHoRZ8aFNB72y01J9U1Ij8FcdX8="},"lastRemoteEphemeralKey":"Ben8Kk+9hQC1n6QMB9pNCrQVkXCUlBL+siXuOUW7HfAv","previousCounter":0,"rootKey":"kC5r7bwt1qwXtN5ebA54LmjzXU7OxQUjoCJQ6ob+UP4="},"indexInfo":{"baseKey":"BTfZH7VY3qR+dnjducZExkQsWWtZaNgz2V8t5FEKYE4u","baseKeyType":1,"closed":-1,"used":1689735106289,"created":1689735106289,"remoteIdentityKey":"BUPXT30dYpwJqtSfLE7PCDBABOCS6je1VMDL+ylKqfQq"},"_chains":{"Bft9QX/Azw1QXu4PoIqtfBPdhAHALYjKCxUvjG29071+":{"chainKey":{"counter":0,"key":"2sGINu2tmZO056R5tfO5z064cmL9FcJQ2NPpQvD/kcY="},"chainType":1,"messageKeys":{}}},"pendingPreKey":{"signedKeyId":1,"baseKey":"BTfZH7VY3qR+dnjducZExkQsWWtZaNgz2V8t5FEKYE4u"}}},"version":"v1"}