{"_sessions":{"BflnzQDxKDR+o2RnNn9cXxHW8pR8fD9nU0/hjX74NNZs":{"registrationId":851847833,"currentRatchet":{"ephemeralKeyPair":{"pubKey":"BQbm/RAMNo1Aj2+aKC7ikGy3JRQj2JdNMpKV/LeIpEgl","privKey":"4Kl2q2yftjE2+NNskoLvtcCnCw8wMOP2SOG/k2rToVY="},"lastRemoteEphemeralKey":"BV2Arq/3oWV/t8eCDWxsexEGqgBQ44/q6/2bbqgTo+g3","previousCounter":0,"rootKey":"iqWAXnUdIcwMxxwT7ztq66B+GuMvylihyqrAy7C7HmY="},"indexInfo":{"baseKey":"BflnzQDxKDR+o2RnNn9cXxHW8pR8fD9nU0/hjX74NNZs","baseKeyType":1,"closed":-1,"used":1689734809432,"created":1689734809432,"remoteIdentityKey":"BR5GjYYAeW51xlbmSVb29uGpugv63OuJ0jd+XPxB+5RO"},"_chains":{"BQbm/RAMNo1Aj2+aKC7ikGy3JRQj2JdNMpKV/LeIpEgl":{"chainKey":{"counter":0,"key":"H3LHgkAFH1ng4uOB5N4X9FfnQIs9YZWPwndnKC0FpBg="},"chainType":1,"messageKeys":{}}},"pendingPreKey":{"signedKeyId":4,"baseKey":"BflnzQDxKDR+o2RnNn9cXxHW8pR8fD9nU0/hjX74NNZs","preKeyId":8841658}}},"version":"v1"}