{"_sessions":{"BTZpgT10irO4cpqQMfMcNFzkVfVPU8yeP6aw81RfuDk9":{"registrationId":1323466486,"currentRatchet":{"ephemeralKeyPair":{"pubKey":"Bc94RlcaxHxyTFw6RmpyHMqsNejShVks0F4Yu+GjgE89","privKey":"WDBTC8A4UFI/kf3oFPxiHXDnCgdWQdsZPTBERlWMnkA="},"lastRemoteEphemeralKey":"BZqMqOKbhjdxwJ4tB+Mdlw2jvci5Rk3tSWrelI+0H0JI","previousCounter":0,"rootKey":"0wk6S9mvh6/ARkIx7m5xhk/07m5VWqmTNco1nVSFdYY="},"indexInfo":{"baseKey":"BTZpgT10irO4cpqQMfMcNFzkVfVPU8yeP6aw81RfuDk9","baseKeyType":1,"closed":-1,"used":1689735106223,"created":1689735106223,"remoteIdentityKey":"BTJW9fMy+N+gpmN8DEot8X9C94zlzTwnYNdqC10vUdkY"},"_chains":{"Bc94RlcaxHxyTFw6RmpyHMqsNejShVks0F4Yu+GjgE89":{"chainKey":{"counter":0,"key":"3/WzDoU1DXT6ozOyVFZcG6sTq49Tr5LYscWyBzKLLWE="},"chainType":1,"messageKeys":{}}},"pendingPreKey":{"signedKeyId":7,"baseKey":"BTZpgT10irO4cpqQMfMcNFzkVfVPU8yeP6aw81RfuDk9","preKeyId":16534521}}},"version":"v1"}