{"_sessions":{"BUqXvEBVa7fhcLH/DfTQ52re7L9P3HHkNBpt4B6tlIIL":{"registrationId":307444566,"currentRatchet":{"ephemeralKeyPair":{"pubKey":"BSag0d30yZWQDVrULmrtpMDIOS0HAcpGdU+QCHVSSY54","privKey":"MBG+qtk19SpNWBHzMcxwIVuilP3PUpAjofySEGqEtWQ="},"lastRemoteEphemeralKey":"BRmUJnbfz/MuNy8OWSW0mYdBEUIi1X/il9bw/3cMtbwo","previousCounter":0,"rootKey":"wVRitwsIPVLL1PhYSFQzDQqZdRLp20Va1vKFsn2cZ7Q="},"indexInfo":{"baseKey":"BUqXvEBVa7fhcLH/DfTQ52re7L9P3HHkNBpt4B6tlIIL","baseKeyType":2,"closed":-1,"used":1689733335407,"created":1689733335407,"remoteIdentityKey":"BfRcftPtQ2eUd3aA/iBLtF+8SSmExfpwdgwtu+3YrB4T"},"_chains":{"BRmUJnbfz/MuNy8OWSW0mYdBEUIi1X/il9bw/3cMtbwo":{"chainKey":{"counter":0,"key":"Kgsvyk4n62D8Fh+q/uY6jBybKIoci0Zqc9Put7QRaYs="},"chainType":2,"messageKeys":{}},"BSag0d30yZWQDVrULmrtpMDIOS0HAcpGdU+QCHVSSY54":{"chainKey":{"counter":0,"key":"GxSWywwbcsC2lz88RDXXFWWObYMHpBOU4bw5u/bThs8="},"chainType":1,"messageKeys":{}}}}},"version":"v1"}