{"_sessions":{"BShxIwA/XhfeCd5PIcslRO3Xmh/ceaeTs9UmYpssolEQ":{"registrationId":234511969,"currentRatchet":{"ephemeralKeyPair":{"pubKey":"BSgMukEnuoWWrx9Sop5nPqTCxiWA4aftL2m3dPqA8FNt","privKey":"QCHJVdqztXxEplR3kiiZeJkLOGzi5j7YUdKukbf2TVw="},"lastRemoteEphemeralKey":"BSSdcC5Er9/ii5K2mR15PdKivq0u9nLp8TU8INcUgH5E","previousCounter":0,"rootKey":"lsRNlpH3ES2Wmqe+6fUvmmPwjKTq9CZ/v68+LGpsXbQ="},"indexInfo":{"baseKey":"BShxIwA/XhfeCd5PIcslRO3Xmh/ceaeTs9UmYpssolEQ","baseKeyType":1,"closed":-1,"used":1689735105690,"created":1689735105690,"remoteIdentityKey":"BVE4JbPUT/4WcM6GhRtiLXHnIL37syRivvyU6i1UOL0y"},"_chains":{"BSgMukEnuoWWrx9Sop5nPqTCxiWA4aftL2m3dPqA8FNt":{"chainKey":{"counter":0,"key":"B+fW38enK/y4lZmBDqHZO7RJkxTihIXrsshx0HBIdMk="},"chainType":1,"messageKeys":{}}},"pendingPreKey":{"signedKeyId":8,"baseKey":"BShxIwA/XhfeCd5PIcslRO3Xmh/ceaeTs9UmYpssolEQ"}}},"version":"v1"}