{"_sessions":{"Bfd370xt2KE/Nhq5ot2TEoXZnBaU4F9SZ3agVl7mUxw+":{"registrationId":1187973341,"currentRatchet":{"ephemeralKeyPair":{"pubKey":"Bd+mxCN1PSqTtukvJLSZhVuDIkDnNUZZouB+lHJbmyYi","privKey":"MCJUB5qBzdXxxs/shfRg2LYnMLRy/N8RVrKxvzGwanw="},"lastRemoteEphemeralKey":"BYUDl4HZzXSN+kM5Xz9gcSSQm1j66scJBbncnBkOujMS","previousCounter":0,"rootKey":"oqk8TML2cnDH8LFpwbAiAB9RSN+5ehZvlpMu5m2GSRE="},"indexInfo":{"baseKey":"Bfd370xt2KE/Nhq5ot2TEoXZnBaU4F9SZ3agVl7mUxw+","baseKeyType":1,"closed":-1,"used":1689735105634,"created":1689735105634,"remoteIdentityKey":"BXgOug6TCNQcIhJlOv/wpGUxMOmg/YAZzaL0QWoA09wK"},"_chains":{"Bd+mxCN1PSqTtukvJLSZhVuDIkDnNUZZouB+lHJbmyYi":{"chainKey":{"counter":0,"key":"+MRFVm+lvxHVsSUmsj0x5HtxsTHDwgdQf8Ph5Zu6kQg="},"chainType":1,"messageKeys":{}}},"pendingPreKey":{"signedKeyId":0,"baseKey":"Bfd370xt2KE/Nhq5ot2TEoXZnBaU4F9SZ3agVl7mUxw+"}}},"version":"v1"}