{"_sessions":{"BU2tIxKlNHUD0Pd0HVc2EidsTJQL8LAGTRPevnmy254R":{"registrationId":1173960788,"currentRatchet":{"ephemeralKeyPair":{"pubKey":"BabQh/kiVRBxVj4e7Lb1XE3UK7xJONnxjsLNJXhEWO9G","privKey":"SPSXk8/BQ03fCru0f8r9RuVSdKXoNmfn8FJSM0c4im0="},"lastRemoteEphemeralKey":"BT9mATtrgCNWLlyo0N1CRsmrUawOJzjf4qAtl77RIQ4N","previousCounter":0,"rootKey":"2duZawE2iNGE+EkuvteuP5/r7MA4LZ318hivat3xse8="},"indexInfo":{"baseKey":"BU2tIxKlNHUD0Pd0HVc2EidsTJQL8LAGTRPevnmy254R","baseKeyType":2,"closed":1689735248651,"used":1689735113867,"created":1689734278312,"remoteIdentityKey":"BaU4zOkZeLpvvrvU8xOaJSMzRK9jXsYTxs3q0OnnESYp"},"_chains":{"BWc63GpGnHdYWnljtYMkfHbs9xD5ap70Q5cXEdA3m7hc":{"chainKey":{"counter":0},"chainType":2,"messageKeys":{}},"BTaUUABsBYYNb2L1WWPpnPPozguDf7sqSpCI1O2GWHkN":{"chainKey":{"counter":0},"chainType":2,"messageKeys":{}},"BU4ClPhU1e0f6tqUgxL0iAqPOsV8TzPkFZskCZm9j8hX":{"chainKey":{"counter":0},"chainType":2,"messageKeys":{}},"BWGWYdjJqdNCygfn7xcLqRvvjH0P9Nej+TdCpN3oRTMc":{"chainKey":{"counter":0},"chainType":2,"messageKeys":{}},"Bf/Q9b2GPJLiVX5aU2I029i7ByutdyvwzKM+OsYYn8IV":{"chainKey":{"counter":1},"chainType":2,"messageKeys":{}},"BdoXFpGNZUnkwZ3YhTnpW2pif7sEf/W2rjPTmbAqV6w8":{"chainKey":{"counter":0},"chainType":2,"messageKeys":{}},"BffXQzZgGvm9cofAXKjnvsezZWcJkuM26n5Kvu9vM899":{"chainKey":{"counter":0},"chainType":2,"messageKeys":{}},"BYW6skmZZlqMsICA45RNtPPQeM3q+XoN2G6O5cfOH9ge":{"chainKey":{"counter":1},"chainType":2,"messageKeys":{}},"BQ7oWeRWKMw9lUw8ACqD4rinnnknpJfbH/W1EigpJMpM":{"chainKey":{"counter":0},"chainType":2,"messageKeys":{}},"BXN9tSI57cIJtShhosCj57MP656HWnRfipOJQamaNexb":{"chainKey":{"counter":2},"chainType":2,"messageKeys":{}},"BbRq2tdc25gyDsaqece4lAzW49Z/uHyGtTorDHUgEEVU":{"chainKey":{"counter":3},"chainType":2,"messageKeys":{}},"BSBNv7uPib3iNscfS85RhdnhOPLO93SBe95JrJv8t/lU":{"chainKey":{"counter":0},"chainType":2,"messageKeys":{}},"BZf3XmIBxJUtEbA9EOWwdbbEueRMzeH+xyH+UVDSXWsA":{"chainKey":{"counter":1},"chainType":2,"messageKeys":{}},"BT9mATtrgCNWLlyo0N1CRsmrUawOJzjf4qAtl77RIQ4N":{"chainKey":{"counter":3,"key":"JfhIHQnaIadOv2SfrDPSDdDauAfS+IyYBsmDioLISk0="},"chainType":2,"messageKeys":{}},"BabQh/kiVRBxVj4e7Lb1XE3UK7xJONnxjsLNJXhEWO9G":{"chainKey":{"counter":1,"key":"6OUephgFwwJ06oI9Feyx5YcW/3tk82oiLus5w2M2fM4="},"chainType":1,"messageKeys":{}}}},"Bb0IDfEJgvYS023y6PJvqgpRzNzWe/x87qXCtF9wzxsm":{"registrationId":1173960788,"currentRatchet":{"ephemeralKeyPair":{"pubKey":"BQA7XNGjoA/HZCEbSeTdHx/wjHoI4FnSTOV7ZEfTLY8h","privKey":"SM771tFVFnPhUIolV3XNJtvtack//4u4verKBUKUak8="},"lastRemoteEphemeralKey":"BSr/ZShzHnQbFV5a2I4ODItBTucKa+9UXne/cvpK5G13","previousCounter":0,"rootKey":"dSTP70tnBRuVpawhU0HoWryWloFdHqcxw8RFC03nnXg="},"indexInfo":{"baseKey":"Bb0IDfEJgvYS023y6PJvqgpRzNzWe/x87qXCtF9wzxsm","baseKeyType":2,"closed":-1,"used":1689737213368,"created":1689735248654,"remoteIdentityKey":"BaU4zOkZeLpvvrvU8xOaJSMzRK9jXsYTxs3q0OnnESYp"},"_chains":{"BcVlIrCs3Cz1Az8NGqDvwpHHVuybHDmz/YDIcgPThQ9k":{"chainKey":{"counter":0},"chainType":2,"messageKeys":{}},"BYui5nS1Karbe9544BTO+GC02XZOMH9DxGbj0KJXi4Zd":{"chainKey":{"counter":0},"chainType":2,"messageKeys":{}},"Bfl7//GTLlnwJ4paO+MOua1DqdB1Lz1ivKGDTXGIOIBi":{"chainKey":{"counter":2},"chainType":2,"messageKeys":{}},"BUGwK51hNic3tJmC1fLknKSmetJGDq8QykRw9wQSCi9j":{"chainKey":{"counter":2},"chainType":2,"messageKeys":{}},"BYbN8lbA0E8bFfkI6Iq8Xj8bVnB6FZppsYgahI3WR/oG":{"chainKey":{"counter":1},"chainType":2,"messageKeys":{}},"BTCbcTFF5voNAWA39DLeGR6dimZtKtmZw4h2OU2B1Axd":{"chainKey":{"counter":0},"chainType":2,"messageKeys":{}},"BQBggZ199CmdBwJiPVOmVvJqubOp0JRgKvQZTPvRWloj":{"chainKey":{"counter":0},"chainType":2,"messageKeys":{}},"BbWl+YLn29FwgMb8BngnuPqoqnCgAkSyrmNkTCOCmPlJ":{"chainKey":{"counter":2},"chainType":2,"messageKeys":{}},"BQFONeF4XxN+pw0c65vmEfVWHhVijiAes2y2P5mY1UUT":{"chainKey":{"counter":0},"chainType":2,"messageKeys":{}},"Bay4tKS1ci49t+WtLWq+N6RVyigQ/J7/hPbNmS/83P1t":{"chainKey":{"counter":1},"chainType":2,"messageKeys":{}},"BauS/OSvBWhZszoHSQaa0OBgfRHLI60OoUXg6oJdVLtL":{"chainKey":{"counter":3},"chainType":2,"messageKeys":{"0":"V55vkvlOD8Apikgeb9Y5xML+fl4yguO2H8DqVLXkWio="}},"BU1yxmo7zPKjwh52wIMh+IGnfzu+uUrgHabcHmH2yWIG":{"chainKey":{"counter":0},"chainType":2,"messageKeys":{}},"BbS0rj3np/LcFXc4Ehh1v+Gkoy1FMFIdRme6OdlKcEYN":{"chainKey":{"counter":2},"chainType":2,"messageKeys":{}},"BToGXq+WNp9lTO3hP3dZXrsbzTRoYdt5v6Ut8aIYTXUS":{"chainKey":{"counter":2},"chainType":2,"messageKeys":{}},"BW8MXMCZYPWjSgQwFONKKvxfrIHiI4VavHcDTb7XqP9X":{"chainKey":{"counter":0},"chainType":2,"messageKeys":{}},"BRdE/zjflYpBd/vE6MEk9BNdbPAWdrArw1bLRl/QkIQT":{"chainKey":{"counter":0},"chainType":2,"messageKeys":{}},"BTqjF5ba+GOa5Amu+KOXFiboYKwsTkEZ53SDwN//OwcE":{"chainKey":{"counter":1},"chainType":2,"messageKeys":{}},"BSr/ZShzHnQbFV5a2I4ODItBTucKa+9UXne/cvpK5G13":{"chainKey":{"counter":1,"key":"uJNEJX15M0ENrAj0hJdIgGZ0Fjpk7B7XF1Op27qWH8g="},"chainType":2,"messageKeys":{}},"BQA7XNGjoA/HZCEbSeTdHx/wjHoI4FnSTOV7ZEfTLY8h":{"chainKey":{"counter":-1,"key":"MS4vc6Am1sccyzcssWP71Uuc84kG3nZmyzUrk0am2Zo="},"chainType":1,"messageKeys":{}}}}},"version":"v1"}