{"_sessions":{"Ba49dqpc0u2376Xo2GO6PJ9qV2iVTn7HsEVZq7c1JKxi":{"registrationId":1535474355,"currentRatchet":{"ephemeralKeyPair":{"pubKey":"BTN16VwdFw4bbRGSgCQjhWUjWaxEZUP8+VWcplsCqkMW","privKey":"mJk5I7mDA1kUxPPxjoUjRtzA9gpw9j9C/aMnXdyRklE="},"lastRemoteEphemeralKey":"BWWbx1OxtMV5/vPtTKcVy2wXnyBbWankDFf7P8cBZdgC","previousCounter":0,"rootKey":"k4yrVoaKrvKaIX94JjNFoaA1/9hmgf6bjdWGbM8HvQM="},"indexInfo":{"baseKey":"Ba49dqpc0u2376Xo2GO6PJ9qV2iVTn7HsEVZq7c1JKxi","baseKeyType":1,"closed":-1,"used":1689735106278,"created":1689735106278,"remoteIdentityKey":"BZHxzHSjDIikEvDpINcvCxIibctrn9/Wy/7iEcrkF6k7"},"_chains":{"BTN16VwdFw4bbRGSgCQjhWUjWaxEZUP8+VWcplsCqkMW":{"chainKey":{"counter":0,"key":"aTEfYudmJcu55FMHHGa5CB2CWT3a4L/GsbLVIbnpR18="},"chainType":1,"messageKeys":{}}},"pendingPreKey":{"signedKeyId":1,"baseKey":"Ba49dqpc0u2376Xo2GO6PJ9qV2iVTn7HsEVZq7c1JKxi","preKeyId":2000144}}},"version":"v1"}