{"_sessions":{"Baw179tejB8EonOTMZS2sc+FYLjyhGOmsyEN6a7o3api":{"registrationId":1916481223,"currentRatchet":{"ephemeralKeyPair":{"pubKey":"BUbSUal+eLlc7bzN4XaO+G6LAwhBm2hemfvPWnYn7Ohm","privKey":"wD9WrX7+Fo5YMVBkJ4mSYcyQEc+d0fggrckqGPDdzWk="},"lastRemoteEphemeralKey":"BXvoPjF8DW+eYdF0PRlEAKXtZfRuGmZ23zVGGJ1+BNc9","previousCounter":0,"rootKey":"rwUFE8/+X/JXNbl+9NQeC85IGnMvEOKMOotQyLAjAg8="},"indexInfo":{"baseKey":"Baw179tejB8EonOTMZS2sc+FYLjyhGOmsyEN6a7o3api","baseKeyType":1,"closed":-1,"used":1689735106226,"created":1689735106226,"remoteIdentityKey":"BavwAkzz9/TagOtRCv5kGz8llwWcgdO0rcNgsdqUwgR1"},"_chains":{"BUbSUal+eLlc7bzN4XaO+G6LAwhBm2hemfvPWnYn7Ohm":{"chainKey":{"counter":0,"key":"QqD4SR53AvtAM1mvVDr32cqfO7BR5EfArRaJ5hSZ6Sc="},"chainType":1,"messageKeys":{}}},"pendingPreKey":{"signedKeyId":0,"baseKey":"Baw179tejB8EonOTMZS2sc+FYLjyhGOmsyEN6a7o3api"}}},"version":"v1"}