{"_sessions":{"BV0cfl7mQBtE+VnRRMtg2HfRrZIgXlTKqNQGsQNOrd0f":{"registrationId":600798403,"currentRatchet":{"ephemeralKeyPair":{"pubKey":"BQNuFPKaCgvVbp2GbQbjqoZT0TONfRZWrkp9RXASxME9","privKey":"qDgjHoT7+CBXvdqIeQb/vLFO0Z17WHXf+jeA0NWbsGc="},"lastRemoteEphemeralKey":"BXvFcBPABOxdONwlP4+lTlz/x7gwXL76V+Xz428G7+5R","previousCounter":0,"rootKey":"4ra3nMdVbHagnhXnC1kNJAg3DIWfZrqRsA/248UjPuw="},"indexInfo":{"baseKey":"BV0cfl7mQBtE+VnRRMtg2HfRrZIgXlTKqNQGsQNOrd0f","baseKeyType":1,"closed":-1,"used":1689734147610,"created":1689734147610,"remoteIdentityKey":"Bc4TS6S8OsUVqSsKf/y5FIox8oqXwSlayw+HXurNSNsJ"},"_chains":{"BQNuFPKaCgvVbp2GbQbjqoZT0TONfRZWrkp9RXASxME9":{"chainKey":{"counter":0,"key":"YoKHnBjRXHF+mQpZ7X7f5LV60SChmj27owGITvcfjWs="},"chainType":1,"messageKeys":{}}},"pendingPreKey":{"signedKeyId":0,"baseKey":"BV0cfl7mQBtE+VnRRMtg2HfRrZIgXlTKqNQGsQNOrd0f","preKeyId":5849481}}},"version":"v1"}