{"_sessions":{"BcSnxA/ZCbrhPyfa9U6mYBEQUBXn4sQj+wlNKzuKbzUa":{"registrationId":1989359961,"currentRatchet":{"ephemeralKeyPair":{"pubKey":"BUcqRKbYeJnNgPg+b21arp9wsoL3D+KcqbTihE4TC2kY","privKey":"4KeCWOJiAm7+7M6ymVGp0B5f3Epxikac6OP19NYiW1o="},"lastRemoteEphemeralKey":"BUXGliQc9rStICba5Qz2n3iq5W4VGZCQC5wsXSQdLhVe","previousCounter":0,"rootKey":"9yXjPGYkEHPK7g7Gm/H+Ldat2xd48+Znv2xSHdr7krU="},"indexInfo":{"baseKey":"BcSnxA/ZCbrhPyfa9U6mYBEQUBXn4sQj+wlNKzuKbzUa","baseKeyType":1,"closed":-1,"used":1689735106126,"created":1689735106126,"remoteIdentityKey":"BfZdkafWkqcahMsSu0+Jgceo2/n3aPysJDtSqmEjVQRk"},"_chains":{"BUcqRKbYeJnNgPg+b21arp9wsoL3D+KcqbTihE4TC2kY":{"chainKey":{"counter":0,"key":"Kk/4R2BUDVzLe3qgDuuyUR7DOq/LijDRMdU9CjFuu9c="},"chainType":1,"messageKeys":{}}},"pendingPreKey":{"signedKeyId":15,"baseKey":"BcSnxA/ZCbrhPyfa9U6mYBEQUBXn4sQj+wlNKzuKbzUa","preKeyId":13921823}}},"version":"v1"}