{"_sessions":{"BQmHI9WTvOdVAmLC1HEWVDt+Od5I6aUpBL015ugpKo8h":{"registrationId":13285,"currentRatchet":{"ephemeralKeyPair":{"pubKey":"BQFubqQorF2Gzjf1sBgRlqhmLLUZQkIGGGmWiXgDOldu","privKey":"uEE1U5r4m0zj+lbLHunxiGIgZaC0HsMeowgV3qxF/nI="},"lastRemoteEphemeralKey":"BbeALc1e1sK4LH1dtRzbLLmjH7rNufpKJ7hk2k4t77Fw","previousCounter":0,"rootKey":"xU1Hzjz5b2urWRo5J07OfHHjGDNSr8u1wEhOTe0qJOM="},"indexInfo":{"baseKey":"BQmHI9WTvOdVAmLC1HEWVDt+Od5I6aUpBL015ugpKo8h","baseKeyType":1,"closed":-1,"used":1689735105605,"created":1689735105605,"remoteIdentityKey":"BZV7DwP09i/jySYNCT7Gzcl2yH+nIST1od+KNmafJaQ+"},"_chains":{"BQFubqQorF2Gzjf1sBgRlqhmLLUZQkIGGGmWiXgDOldu":{"chainKey":{"counter":0,"key":"Rsqvp5vrLogp3ENTdAfvwM4ZwlXHYrUOTkYINQTSOiU="},"chainType":1,"messageKeys":{}}},"pendingPreKey":{"signedKeyId":1,"baseKey":"BQmHI9WTvOdVAmLC1HEWVDt+Od5I6aUpBL015ugpKo8h","preKeyId":1215}}},"version":"v1"}