{"_sessions":{"BTP0cpytfBkBMpta3vUHL5+nE46Nubvg051G+nv6j+MO":{"registrationId":567587882,"currentRatchet":{"ephemeralKeyPair":{"pubKey":"BZWpkmkzNqBrzYyX9Djtenfuw0+ruIqARHz/dhiM5F0V","privKey":"cLJMgNrXJWLwXQMWim7cleDrqkxIKJCVy9udexgOqWI="},"lastRemoteEphemeralKey":"BaZLYKUiluPruhfQmqVruy/iK709tKeSX0bH5mIfDvRO","previousCounter":0,"rootKey":"OsMR/3sowkWCdLHdwz8vHSN7pIA1K9db/AdPF45RlQ4="},"indexInfo":{"baseKey":"BTP0cpytfBkBMpta3vUHL5+nE46Nubvg051G+nv6j+MO","baseKeyType":1,"closed":-1,"used":1689735105750,"created":1689735105750,"remoteIdentityKey":"BafpPtv4ikA+hG5woTYH6nS23G0wM7dJGV778/y0ZIBH"},"_chains":{"BZWpkmkzNqBrzYyX9Djtenfuw0+ruIqARHz/dhiM5F0V":{"chainKey":{"counter":0,"key":"KZ8kmaopfdO/dLjIdbVz1IKjQoYAjMUuH3W+B9G6VOs="},"chainType":1,"messageKeys":{}}},"pendingPreKey":{"signedKeyId":12692624,"baseKey":"BTP0cpytfBkBMpta3vUHL5+nE46Nubvg051G+nv6j+MO","preKeyId":212}}},"version":"v1"}