{"_sessions":{"BZYoQUe0hE41js9UywxGWi7nNQoOfV4e+VVJMkgJJI06":{"registrationId":923139356,"currentRatchet":{"ephemeralKeyPair":{"pubKey":"BX6SVzkKqOLd4CK2TS6kebalZRP6pJ+TECunakgFDQwh","privKey":"eDdT2dKCGNS8c5WoIC62hLTp5uzlO/genGKrNhc1zVA="},"lastRemoteEphemeralKey":"BQWXIDLrn4aCxWWDPy2YTmT37cKGwrBgb/tzxRWMzuR9","previousCounter":0,"rootKey":"6+YeLptej5FpyXvH+E0CH3yepDtjMojkNJEFyUD4Qr8="},"indexInfo":{"baseKey":"BZYoQUe0hE41js9UywxGWi7nNQoOfV4e+VVJMkgJJI06","baseKeyType":1,"closed":-1,"used":1689734147673,"created":1689734147673,"remoteIdentityKey":"BdXl5jhQgok7KXImpww/x9vyGM4LQBEUabvh2cgwapll"},"_chains":{"BX6SVzkKqOLd4CK2TS6kebalZRP6pJ+TECunakgFDQwh":{"chainKey":{"counter":0,"key":"GMUYIVkEsW1fXA14EpPqldEN6h+RPn9lh13y27KQEL8="},"chainType":1,"messageKeys":{}}},"pendingPreKey":{"signedKeyId":9,"baseKey":"BZYoQUe0hE41js9UywxGWi7nNQoOfV4e+VVJMkgJJI06","preKeyId":16134493}}},"version":"v1"}