{"_sessions":{"BRfvLqBjHPy60Jisi6Awmc6wEv+G8lYUrHbKEhbQXw4V":{"registrationId":1662125313,"currentRatchet":{"ephemeralKeyPair":{"pubKey":"Bb5AxCOeLwwBwATb1ia0b/9WJIWPGadTnyLRYt+FAd8p","privKey":"WD/He3ozVjOGaljBnqqyl28q/Us1JJpy9hxhITnX70g="},"lastRemoteEphemeralKey":"BQUuAWNIWNjSTMrdW+j/LzFTqhLTvp1xjQakT5O2DxcY","previousCounter":0,"rootKey":"GUKCNkCH5428k8G/d03/JZNaLcOyT/BA67u99U6y0jY="},"indexInfo":{"baseKey":"BRfvLqBjHPy60Jisi6Awmc6wEv+G8lYUrHbKEhbQXw4V","baseKeyType":1,"closed":-1,"used":1689735105704,"created":1689735105704,"remoteIdentityKey":"BdbhQicV+WaeBm/HBHWUHtYXPMuQ4g/CHUEwby72d5s9"},"_chains":{"Bb5AxCOeLwwBwATb1ia0b/9WJIWPGadTnyLRYt+FAd8p":{"chainKey":{"counter":0,"key":"Kl0hJ+xQ/cToAF0FQ/qR5O7hJktRv5XWHus1VBSxmww="},"chainType":1,"messageKeys":{}}},"pendingPreKey":{"signedKeyId":9519294,"baseKey":"BRfvLqBjHPy60Jisi6Awmc6wEv+G8lYUrHbKEhbQXw4V","preKeyId":5901}}},"version":"v1"}