{"_sessions":{"BYRL8qtoKxe1zS106CVoRKs9M0kJHXly2ECMxafxS4Aj":{"registrationId":849334612,"currentRatchet":{"ephemeralKeyPair":{"pubKey":"BXjztTAOu8EcD4yzLvXNXZ2znRI21C/XgTCfwiY2rIdp","privKey":"wItn9P3TqUhZ4jY6vvad6FjFFs41U13Tb8HNEpTGk00="},"lastRemoteEphemeralKey":"BaqYfJAL0K4MJOlee+Wce2Lcb+YVS1TR+qELGPPks8hG","previousCounter":0,"rootKey":"GSpbBdEGQzOkJq6emKeoBP1W9g2IZz5qZFgC5sqVaRI="},"indexInfo":{"baseKey":"BYRL8qtoKxe1zS106CVoRKs9M0kJHXly2ECMxafxS4Aj","baseKeyType":1,"closed":-1,"used":1689735106379,"created":1689735106379,"remoteIdentityKey":"BZLTroWiQWY0hll59Ycb/4+1MaYbdHx9VN6pa4XOknQT"},"_chains":{"BXjztTAOu8EcD4yzLvXNXZ2znRI21C/XgTCfwiY2rIdp":{"chainKey":{"counter":0,"key":"Nyk0gMlF4OlzZ7vmErr0FgdMqi5riSPiZqhqlDj/eB8="},"chainType":1,"messageKeys":{}}},"pendingPreKey":{"signedKeyId":7,"baseKey":"BYRL8qtoKxe1zS106CVoRKs9M0kJHXly2ECMxafxS4Aj","preKeyId":7189285}}},"version":"v1"}