{"_sessions":{"BZgoCjm+nIbqpif9RjMWM0NxKMMxqLVTt3CkRK9gBihx":{"registrationId":1347164663,"currentRatchet":{"ephemeralKeyPair":{"pubKey":"BRgse4iTHnsiWRwWxXtSMOHY0tjMsb1ZlQLNjdTQA5sD","privKey":"2EVyYzUAyg1lT33asvZLfh35kMCqXdoTPcvoStBqk1U="},"lastRemoteEphemeralKey":"BecZ1r1fQI3H5pEFB4c5Vmn8Zvh7ucCb36XarX1g77QI","previousCounter":0,"rootKey":"5Tz2rFVzHbbYkJkT1/xHcj3Oxk/pxd3kqGVIJw6fykg="},"indexInfo":{"baseKey":"BZgoCjm+nIbqpif9RjMWM0NxKMMxqLVTt3CkRK9gBihx","baseKeyType":1,"closed":-1,"used":1689735105929,"created":1689735105929,"remoteIdentityKey":"BUUjRDK8LiI18ATyErht3RMQGuJrxy2d64X1gztvpxJW"},"_chains":{"BRgse4iTHnsiWRwWxXtSMOHY0tjMsb1ZlQLNjdTQA5sD":{"chainKey":{"counter":0,"key":"lWV0PT0fnCKc6d9Baq4MmdSq0XfEr3rQYuuGRe5+eL4="},"chainType":1,"messageKeys":{}}},"pendingPreKey":{"signedKeyId":4,"baseKey":"BZgoCjm+nIbqpif9RjMWM0NxKMMxqLVTt3CkRK9gBihx","preKeyId":4140653}}},"version":"v1"}