{"_sessions":{"BVgpiQtDHD/sFI98yCIrcOBsKkoSO2wFO6uaMnG0wAxR":{"registrationId":78984484,"currentRatchet":{"ephemeralKeyPair":{"pubKey":"BR6L4pP5cp14RwE5vkKPR2x+yea4PsloV14pt6CW0mZw","privKey":"+A/+++BqWH7dlp73cXtxuohkHMGqA6Tjj201c+Dy31Y="},"lastRemoteEphemeralKey":"BbifT4JOolyPCtv28tjxh2x8DLqJELYwOv2jLIT+AIc9","previousCounter":0,"rootKey":"XZav6mnF4TJBjUv+M5APz2JBKwRxJYKMi1yX7pbI25I="},"indexInfo":{"baseKey":"BVgpiQtDHD/sFI98yCIrcOBsKkoSO2wFO6uaMnG0wAxR","baseKeyType":1,"closed":-1,"used":1689734147633,"created":1689734147633,"remoteIdentityKey":"BWLTykX0lhXOsCAtub9MLYVlsFzti8rKNP/hg1YQwLdn"},"_chains":{"BR6L4pP5cp14RwE5vkKPR2x+yea4PsloV14pt6CW0mZw":{"chainKey":{"counter":0,"key":"AIX5lL8ooLJaqJlnxG5k7Skru/uhzTyOjGlfmn/Yr1s="},"chainType":1,"messageKeys":{}}},"pendingPreKey":{"signedKeyId":19,"baseKey":"BVgpiQtDHD/sFI98yCIrcOBsKkoSO2wFO6uaMnG0wAxR","preKeyId":3965179}}},"version":"v1"}