{"_sessions":{"Bak8i4osTS0gLLEvFP3AXE0GEV6ft2AObKQPqZ2IJQl5":{"registrationId":1794555903,"currentRatchet":{"ephemeralKeyPair":{"pubKey":"Bbx/lu3AF1l3zkt//GndbF9T7ugwT8a/tb+k7zpjDTAJ","privKey":"KKQAeE/FeE1kuEQC6z/3SpncY60YDB42rgFlzaEXAVM="},"lastRemoteEphemeralKey":"BSM/lx3fIHGFOFggc7cfOLruB3c/I00xdYsYR25rdmRI","previousCounter":0,"rootKey":"qh/22H+ZdXBpnnq2jHMmiYAPggyBxCzS7QCjBD0It+I="},"indexInfo":{"baseKey":"Bak8i4osTS0gLLEvFP3AXE0GEV6ft2AObKQPqZ2IJQl5","baseKeyType":1,"closed":-1,"used":1689735105920,"created":1689735105920,"remoteIdentityKey":"BWcQFDmo1kxxiuVWR8M8ySaiBLW9/ehn1IPiEglGHXov"},"_chains":{"Bbx/lu3AF1l3zkt//GndbF9T7ugwT8a/tb+k7zpjDTAJ":{"chainKey":{"counter":0,"key":"9liW8BQY4TTxTxEy+Zl5uGgE39b+M1GE4wlMAl0JNtc="},"chainType":1,"messageKeys":{}}},"pendingPreKey":{"signedKeyId":2,"baseKey":"Bak8i4osTS0gLLEvFP3AXE0GEV6ft2AObKQPqZ2IJQl5","preKeyId":6966025}}},"version":"v1"}