{"_sessions":{"BXNxntLeJ8+dApq1eg+eHn57ZHy055PMurWd6/hlgeks":{"registrationId":1606472664,"currentRatchet":{"ephemeralKeyPair":{"pubKey":"BbDq1KIStUQ/QCyF/kei+kH3bdikd4LQjL/2aM10S0YO","privKey":"yP/Z3y5ZMkLpa1SKSga0s3W942a6hEVfhcwdyg48MFM="},"lastRemoteEphemeralKey":"BaHNfZ08+EIZmCGuTA2jaY7w2AMJFmTg3+t/Wwdln/dQ","previousCounter":0,"rootKey":"N+SPzOF/CWqFkTJZVf4O40Kr82SajG27jA+CLcser/g="},"indexInfo":{"baseKey":"BXNxntLeJ8+dApq1eg+eHn57ZHy055PMurWd6/hlgeks","baseKeyType":1,"closed":-1,"used":1689735106198,"created":1689735106198,"remoteIdentityKey":"BXhEvYDp7J5bpcONSOVtPu6CkZpcpyIk7ICngvSse/ww"},"_chains":{"BbDq1KIStUQ/QCyF/kei+kH3bdikd4LQjL/2aM10S0YO":{"chainKey":{"counter":0,"key":"U9yj/QO05JmwilaAX4QtUBbv7s2/Qqk+WCCOEWuVp0Q="},"chainType":1,"messageKeys":{}}},"pendingPreKey":{"signedKeyId":3,"baseKey":"BXNxntLeJ8+dApq1eg+eHn57ZHy055PMurWd6/hlgeks","preKeyId":8670484}}},"version":"v1"}