{"_sessions":{"BTlRBqnHdCvN6F0IhDSszQ+5M+4Ta2hH9z1PRPWxjHpE":{"registrationId":4125,"currentRatchet":{"ephemeralKeyPair":{"pubKey":"BeiSpRMHgTyB25faY6mgkuVkCpHwThpgHgSAR5NhWPgk","privKey":"6EcbNxPYbk0A8JqsPi31KIxKYFQnIUK+9aoI7siWe1Q="},"lastRemoteEphemeralKey":"BQjgVH3V7c+4EI/51/tyyD6684c7kY3VlvDqxwa6WvIB","previousCounter":0,"rootKey":"zKI3sc38CZ13SqMLQj0jjoIVdhe+zjrZWKzMYeXVf/s="},"indexInfo":{"baseKey":"BTlRBqnHdCvN6F0IhDSszQ+5M+4Ta2hH9z1PRPWxjHpE","baseKeyType":1,"closed":-1,"used":1689735105593,"created":1689735105593,"remoteIdentityKey":"Bdl8iMt9qWeZVIkQqDPb7X87ygSk/Haj/7kEVTh3ovR0"},"_chains":{"BeiSpRMHgTyB25faY6mgkuVkCpHwThpgHgSAR5NhWPgk":{"chainKey":{"counter":0,"key":"g9OEN/UR4g6QuckiTJkj63h20zoTF/uL4bMxUp8FpfA="},"chainType":1,"messageKeys":{}}},"pendingPreKey":{"signedKeyId":7,"baseKey":"BTlRBqnHdCvN6F0IhDSszQ+5M+4Ta2hH9z1PRPWxjHpE"}}},"version":"v1"}