{"_sessions":{"BdpNrqtj63f4ZFfKdnc+9PEwWg77xUOwbSZV0SsvayZn":{"registrationId":2061452069,"currentRatchet":{"ephemeralKeyPair":{"pubKey":"BX0fRDYn8r5jCMmrt+DHsfTZdObVb3Tw9L6LKCIqjyFT","privKey":"aDwYTFgVXBrbuPwezHqaXMX9DVKY/p6KxB6mrGEUL1w="},"lastRemoteEphemeralKey":"Bd06VVRuqE7iWTTxOoSAFPJV3ngYoKIOrUL09LQgvSIq","previousCounter":0,"rootKey":"XZV8zBN1rmRI6kczqE8Q5YTM3Ll6getwlUmqWLdcOxo="},"indexInfo":{"baseKey":"BdpNrqtj63f4ZFfKdnc+9PEwWg77xUOwbSZV0SsvayZn","baseKeyType":1,"closed":-1,"used":1689735105527,"created":1689735105527,"remoteIdentityKey":"BVrZQ6OQdiqmFW3zS2v0QGnEJXof7VBYkHhtxT/Lot8O"},"_chains":{"BX0fRDYn8r5jCMmrt+DHsfTZdObVb3Tw9L6LKCIqjyFT":{"chainKey":{"counter":0,"key":"hVcLreSyIYMWuKSUedG5F7YChSt3kLWQF6/CVAR5bNo="},"chainType":1,"messageKeys":{}}},"pendingPreKey":{"signedKeyId":1,"baseKey":"BdpNrqtj63f4ZFfKdnc+9PEwWg77xUOwbSZV0SsvayZn","preKeyId":7937934}}},"version":"v1"}