{"_sessions":{"BUcnfn74cLbVJL9botZ5Sffw04FvglOwvt2kc79MtBYA":{"registrationId":1781758523,"currentRatchet":{"ephemeralKeyPair":{"pubKey":"Bb2Cq069loOWqreJNgNSf1ZR8oBpsvDFz5Z4G0F6wPIK","privKey":"KGDmtCVi+qkBYDJIDG73d6hA9XxFs2WMdc5OZRZk9U4="},"lastRemoteEphemeralKey":"BRAPwJ7vwnUFu/dL3R3H7SkJNfZoF1tqdnY6ruT5bLZ1","previousCounter":0,"rootKey":"uOdDZ6tlvieFoS+XtduaSVDS/222EryXO8agaEID6Wg="},"indexInfo":{"baseKey":"BUcnfn74cLbVJL9botZ5Sffw04FvglOwvt2kc79MtBYA","baseKeyType":1,"closed":-1,"used":1689735106000,"created":1689735106000,"remoteIdentityKey":"BTPhOyqf352Q0xuiBOCDcqpmVBtCQx+wJIduiXab6ZRg"},"_chains":{"Bb2Cq069loOWqreJNgNSf1ZR8oBpsvDFz5Z4G0F6wPIK":{"chainKey":{"counter":0,"key":"LbUL89b62tTfNq7Uf0MY9Vjb7QTm6hz6JQnADa3j2VE="},"chainType":1,"messageKeys":{}}},"pendingPreKey":{"signedKeyId":5,"baseKey":"BUcnfn74cLbVJL9botZ5Sffw04FvglOwvt2kc79MtBYA","preKeyId":5337879}}},"version":"v1"}