{"_sessions":{"BYJ2DkycEG+6ptENU5BY3sU6LRMcgLx0+cl/zAzKieQn":{"registrationId":888811658,"currentRatchet":{"ephemeralKeyPair":{"pubKey":"BeoURmWuYTLM3uMIn4EP/R7MZqbyzlVWmGmeON4heZ5K","privKey":"oGgwlh9jekKVYLT5yiIjW7A6UvealYSZG9GPMTiy5Vo="},"lastRemoteEphemeralKey":"BV+GNBd21N/OjfelNoVHK8W9YEqI6dR6AFiDb7DC059M","previousCounter":0,"rootKey":"j9ScOAlqbohS+s82HZD+n5qzOngOeJRtGE4G1q9/cks="},"indexInfo":{"baseKey":"BYJ2DkycEG+6ptENU5BY3sU6LRMcgLx0+cl/zAzKieQn","baseKeyType":1,"closed":-1,"used":1689734147573,"created":1689734147573,"remoteIdentityKey":"BVucmMuvxbZ3HhpeOIVHHJKmSdDXm2JK6fs0KZ+9E+J1"},"_chains":{"BeoURmWuYTLM3uMIn4EP/R7MZqbyzlVWmGmeON4heZ5K":{"chainKey":{"counter":0,"key":"VzAEKBL5MU+auzbcKPKiJ5hiesT8k4wytt68f2eorxg="},"chainType":1,"messageKeys":{}}},"pendingPreKey":{"signedKeyId":7,"baseKey":"BYJ2DkycEG+6ptENU5BY3sU6LRMcgLx0+cl/zAzKieQn","preKeyId":2558947}}},"version":"v1"}