{"_sessions":{"BRLPg3heLCI58mC1yVTnB5+zQuAJnYt4GwucrzSg7swP":{"registrationId":1220676218,"currentRatchet":{"ephemeralKeyPair":{"pubKey":"BRjshkig6INk8yfCL0RU9VoKhLnf2dYalC7nsG/7S0Ra","privKey":"sPewGRR2aeB1d7Ndte1BTh3aWWC0wpr4kLxHvOw9OEs="},"lastRemoteEphemeralKey":"Bb7j+zHjQBCzyQGl18WX+2BjKDfcZdcJ/oNrxpgKgqwV","previousCounter":0,"rootKey":"ES7JO9KNEHqiTBsgYQXdJao8YA4wzRBp4frm5Z9Y7Ks="},"indexInfo":{"baseKey":"BRLPg3heLCI58mC1yVTnB5+zQuAJnYt4GwucrzSg7swP","baseKeyType":1,"closed":-1,"used":1689735106012,"created":1689735106012,"remoteIdentityKey":"BZtKeAZ2l/Z2TM+kQ6+CYG+mEMWDkaHCfXfzZQvq8NR9"},"_chains":{"BRjshkig6INk8yfCL0RU9VoKhLnf2dYalC7nsG/7S0Ra":{"chainKey":{"counter":0,"key":"MyX6rVjHICWv3OcjOcQLr6Ir43n24bus6au2qstK/tA="},"chainType":1,"messageKeys":{}}},"pendingPreKey":{"signedKeyId":1,"baseKey":"BRLPg3heLCI58mC1yVTnB5+zQuAJnYt4GwucrzSg7swP"}}},"version":"v1"}