{"_sessions":{"BWXQ3tCtD4QQiO6qMzcPdqPnoJYvXI4GRIl7/OWwYOpi":{"registrationId":1943518142,"currentRatchet":{"ephemeralKeyPair":{"pubKey":"BS0HBoRW/pmBwL4In3Dk/ZE12DiEHPwBD1KVal3f0iQn","privKey":"oPfgR+jBAaRRU7wyWrJZESuepusRk+S8dP83djmCQ1s="},"lastRemoteEphemeralKey":"BcjHGqMBvVbLd7StvcmPP7w5HSHqh21FteM0SAu0xkZ2","previousCounter":0,"rootKey":"ML+10Q37T4Mwl86ySYLcpUES7XWPmeM5XyJnAQAFRsw="},"indexInfo":{"baseKey":"BWXQ3tCtD4QQiO6qMzcPdqPnoJYvXI4GRIl7/OWwYOpi","baseKeyType":1,"closed":-1,"used":1689735105903,"created":1689735105903,"remoteIdentityKey":"BfE7OkRaRi7XjfaBXGhZzcEGLqtuaaHEDV1atI8Wr39d"},"_chains":{"BS0HBoRW/pmBwL4In3Dk/ZE12DiEHPwBD1KVal3f0iQn":{"chainKey":{"counter":0,"key":"YbcojVjpPU6xT69t7aCH/1K/q9Tii/aZ9WctXrCwIjk="},"chainType":1,"messageKeys":{}}},"pendingPreKey":{"signedKeyId":2,"baseKey":"BWXQ3tCtD4QQiO6qMzcPdqPnoJYvXI4GRIl7/OWwYOpi"}}},"version":"v1"}