{"_sessions":{"BYSKPYbT+sJTZgjXZ14kBtwbK3luNMIPrwD/qVEETxEO":{"registrationId":257768162,"currentRatchet":{"ephemeralKeyPair":{"pubKey":"BYh+1VXpfTT2cVJY02kVItotrzSuNeS4VPEuXoNDUdN+","privKey":"yDtgO7Ah5dXTTQseFV+f8RIn9YkH0zSJtCXb5TgdIW0="},"lastRemoteEphemeralKey":"BWdqD6n6AKooInJjPwLJtIa9+c0cfBZIzBeIroOvstha","previousCounter":0,"rootKey":"CIGo9XBL2JRbsVJADy1OyUBatTq2c5s7gMW5rzve+3g="},"indexInfo":{"baseKey":"BYSKPYbT+sJTZgjXZ14kBtwbK3luNMIPrwD/qVEETxEO","baseKeyType":1,"closed":-1,"used":1689735105756,"created":1689735105756,"remoteIdentityKey":"BYtm86H6Fl4JgFOPa8kmHOigd8c3zF428Hc9FUneLRgQ"},"_chains":{"BYh+1VXpfTT2cVJY02kVItotrzSuNeS4VPEuXoNDUdN+":{"chainKey":{"counter":0,"key":"mP2ix3T05Bw+IkorotzEYJmEgRpL4ultHqAs2d2b4co="},"chainType":1,"messageKeys":{}}},"pendingPreKey":{"signedKeyId":0,"baseKey":"BYSKPYbT+sJTZgjXZ14kBtwbK3luNMIPrwD/qVEETxEO"}}},"version":"v1"}