{"_sessions":{"BQvWeKEPzwVue4Jv8+Q8qRuDg0PpRr3bwm0mH/EpKM9I":{"registrationId":66978632,"currentRatchet":{"ephemeralKeyPair":{"pubKey":"BZtB6uDU9zJiPSIQLtSoNbO2tuxjS5fPwma48GxK+Ckw","privKey":"GJzsTwDHj1nwBN2FA2kWtPVZYgiGqq8KIGmnmdi7j2s="},"lastRemoteEphemeralKey":"BXnlfnU9aIZWS0FaYxRfd5XEZbX8tCsQWD9y6kt5OlEi","previousCounter":0,"rootKey":"/6Jz4R9JLBkI0fPEfm/wU3nNbqyVYMKtcuCIkUSAi7M="},"indexInfo":{"baseKey":"BQvWeKEPzwVue4Jv8+Q8qRuDg0PpRr3bwm0mH/EpKM9I","baseKeyType":1,"closed":-1,"used":1689735105774,"created":1689735105774,"remoteIdentityKey":"Beuqqj7eaN/Dpq24iAHckxpHsV4PwgaFmPiibWRM2vQH"},"_chains":{"BZtB6uDU9zJiPSIQLtSoNbO2tuxjS5fPwma48GxK+Ckw":{"chainKey":{"counter":0,"key":"9BJD04LxWBK3LyWEcuGEDErbN9JP02vMbJU9HpOUFxU="},"chainType":1,"messageKeys":{}}},"pendingPreKey":{"signedKeyId":6096178,"baseKey":"BQvWeKEPzwVue4Jv8+Q8qRuDg0PpRr3bwm0mH/EpKM9I","preKeyId":13897}}},"version":"v1"}