{"_sessions":{"BY7j1cj7O3wB/AFfybgtwSLK7CzSJFO3jvwTNOanYPZ4":{"registrationId":1499134670,"currentRatchet":{"ephemeralKeyPair":{"pubKey":"BeDcUzAls74ClILQlujbH9Nyc3P9pl6E7pxpY9ZVUTwh","privKey":"QAjr7i72i9rYap7I84uAcperWFnXYOaYf5MJQKIbXU8="},"lastRemoteEphemeralKey":"BeAupwPIbCa9ddv3krEfwzC3a6v1VpzyQ/3knY88NJEY","previousCounter":0,"rootKey":"hFsS9tBy6LvxyLQOXVERzZksyDyV9Ws9EmKGZ6gAWWI="},"indexInfo":{"baseKey":"BY7j1cj7O3wB/AFfybgtwSLK7CzSJFO3jvwTNOanYPZ4","baseKeyType":1,"closed":-1,"used":1689735106241,"created":1689735106241,"remoteIdentityKey":"Ba/ejUJwOQn022I+jHiB+aw3R8d9pD+6exGFSLivwmFi"},"_chains":{"BeDcUzAls74ClILQlujbH9Nyc3P9pl6E7pxpY9ZVUTwh":{"chainKey":{"counter":0,"key":"e9M+oaj0Jne1zIQrvCv8tyTO16xLq6+D3XZ5vaPtaJg="},"chainType":1,"messageKeys":{}}},"pendingPreKey":{"signedKeyId":2,"baseKey":"BY7j1cj7O3wB/AFfybgtwSLK7CzSJFO3jvwTNOanYPZ4"}}},"version":"v1"}