{"_sessions":{"BaOcsFk1ADqDNnR8yN8kVbvqy1F88ivux+lvgMxNc8YT":{"registrationId":675228328,"currentRatchet":{"ephemeralKeyPair":{"pubKey":"BeYttvZ37qgZui0JdCugV7Xas/DfRAD5qEmXX6UM5e11","privKey":"+JD4OrK5MJqOdLzoTXTAHuNm9kG69qgk1uDeNGyWjXQ="},"lastRemoteEphemeralKey":"BdcNLdWQ+jl0v++a9cpGlRjOvpRHS8iyH0rWfx8IZjdy","previousCounter":0,"rootKey":"AMcJ+sPdNBdUdikDW6p+V2bXjTZarzFEeKDhUXqo7gU="},"indexInfo":{"baseKey":"BaOcsFk1ADqDNnR8yN8kVbvqy1F88ivux+lvgMxNc8YT","baseKeyType":1,"closed":-1,"used":1689735106051,"created":1689735106051,"remoteIdentityKey":"BS3w2mw8WfCIKcNVhFvVLATutpN9NGPVNqUv9NfDCB8E"},"_chains":{"BeYttvZ37qgZui0JdCugV7Xas/DfRAD5qEmXX6UM5e11":{"chainKey":{"counter":0,"key":"iQCH3QhZ/B4Z1HwrpxT3kKorImwJrBlr16Aiu4HQbfo="},"chainType":1,"messageKeys":{}}},"pendingPreKey":{"signedKeyId":0,"baseKey":"BaOcsFk1ADqDNnR8yN8kVbvqy1F88ivux+lvgMxNc8YT","preKeyId":15329665}}},"version":"v1"}