{"_sessions":{"BS/dKTOtIN5ABinmup4u0N5mS4SnkutbvtyFp/Cyj0Ye":{"registrationId":882741845,"currentRatchet":{"ephemeralKeyPair":{"pubKey":"BZbyRGOZEO7RWo+JS1i33nnCR4ul74qXk7LyYp2Mxb5h","privKey":"gIa6WdL5hkL9Gs5ocO7yQsyMshbHJmvkDPXVSlOhlUE="},"lastRemoteEphemeralKey":"BYrrzLTdiyhPjU+De/po1xDbPTr26XbNonzJSrS98x8J","previousCounter":0,"rootKey":"Gx0ggxF029HsGWFBYoYKTSoqBX5ttQZQstwj3lGHop8="},"indexInfo":{"baseKey":"BS/dKTOtIN5ABinmup4u0N5mS4SnkutbvtyFp/Cyj0Ye","baseKeyType":1,"closed":-1,"used":1689734147592,"created":1689734147592,"remoteIdentityKey":"BYIGCAH+eSBZ9lg4a6WtbOgWEyDPpbzfYillOEECs8tD"},"_chains":{"BZbyRGOZEO7RWo+JS1i33nnCR4ul74qXk7LyYp2Mxb5h":{"chainKey":{"counter":0,"key":"LWcMIfBb+1vA4MdGxcJLTHfcGXEUr9lrw+efqT/QyO4="},"chainType":1,"messageKeys":{}}},"pendingPreKey":{"signedKeyId":1,"baseKey":"BS/dKTOtIN5ABinmup4u0N5mS4SnkutbvtyFp/Cyj0Ye","preKeyId":227078}}},"version":"v1"}