{"_sessions":{"BX2S6ABsVhE8r9QuJBhIro047KK9oN7phCK12XhFDSgA":{"registrationId":1758424728,"currentRatchet":{"ephemeralKeyPair":{"pubKey":"BaD3kiCnxTgV8fnntpatuk2vPMY2sXnJ2mAd8S1U99Eg","privKey":"wCnlC3C4c56YMcEeywRBaOcSkwpVddgn+TxYpR9nN0s="},"lastRemoteEphemeralKey":"BZXFmM8XtDUS62+qTu2c/NnT3kuLonsn46MMdnCoLL4f","previousCounter":0,"rootKey":"fulJL6SIWUNWvrcLWYEm/i5C3/l6lRxzYzf8bDXQrRc="},"indexInfo":{"baseKey":"BX2S6ABsVhE8r9QuJBhIro047KK9oN7phCK12XhFDSgA","baseKeyType":1,"closed":-1,"used":1689735105869,"created":1689735105869,"remoteIdentityKey":"BZV7Jujv1szTXMF9HEtk/8OmmeAP02o9PPlzwVpTjaEE"},"_chains":{"BaD3kiCnxTgV8fnntpatuk2vPMY2sXnJ2mAd8S1U99Eg":{"chainKey":{"counter":0,"key":"kYjenfe4FAX+M4ZLxIcpF247BfioCf3EIJjnyTDfEJE="},"chainType":1,"messageKeys":{}}},"pendingPreKey":{"signedKeyId":31,"baseKey":"BX2S6ABsVhE8r9QuJBhIro047KK9oN7phCK12XhFDSgA","preKeyId":12310732}}},"version":"v1"}