{"_sessions":{"BUEC8EoujbU0WGzTvalUXbmud23hocsiF4Zm0dYJeHBp":{"registrationId":494115394,"currentRatchet":{"ephemeralKeyPair":{"pubKey":"BUS/AfYKjGnAOyMFTi433SD/H+akFtZUn82qUcNjJ1Fc","privKey":"sA9WcwMQpjCCPkYveH1sYGxoPaiMk9bm48bHRY9aqmE="},"lastRemoteEphemeralKey":"Bc52yxcVPCCZYf62Dk6jOBI+iCxIzkr3xOGdwGuSPSY9","previousCounter":0,"rootKey":"WDl9fSBOQR9X4CcvYr7M+NItsI6xurcbkuHwSS9PbSM="},"indexInfo":{"baseKey":"BUEC8EoujbU0WGzTvalUXbmud23hocsiF4Zm0dYJeHBp","baseKeyType":1,"closed":-1,"used":1689735105715,"created":1689735105715,"remoteIdentityKey":"BRI+kJUOu/LPfuzhJ6Bn25/4onOH9wlta3QQ4YQfa3xJ"},"_chains":{"BUS/AfYKjGnAOyMFTi433SD/H+akFtZUn82qUcNjJ1Fc":{"chainKey":{"counter":0,"key":"MXW7eczk3AxMEyEDtkc5okCz4KMkxcLhLImkTNjwPPQ="},"chainType":1,"messageKeys":{}}},"pendingPreKey":{"signedKeyId":2,"baseKey":"BUEC8EoujbU0WGzTvalUXbmud23hocsiF4Zm0dYJeHBp"}}},"version":"v1"}