{"_sessions":{"BZjOk2UARl9p3Z4+be7R4RzWyM0joEySINFzubGunoYW":{"registrationId":10047,"currentRatchet":{"ephemeralKeyPair":{"pubKey":"BfjhPo4+SToRipmhuX8K6/JwR+eoi944mQoijRwSeAk5","privKey":"ANLLjXmOJA45C+EOTJzyDPRqsp0DoI/934xdV81mEnY="},"lastRemoteEphemeralKey":"BfDBaZRXNOYhUIU2nqhz3loGQn3eRKx2K1i1Bu72InF7","previousCounter":0,"rootKey":"fbgxMNcVFZQLDDlKKc5x8edmYn26uP1DIMFg0HXl6kA="},"indexInfo":{"baseKey":"BZjOk2UARl9p3Z4+be7R4RzWyM0joEySINFzubGunoYW","baseKeyType":1,"closed":-1,"used":1689735105523,"created":1689735105523,"remoteIdentityKey":"BRn1b+ULbHYTxY5Li8FTu4t6tXxAyCXt+7qz8MjSThJK"},"_chains":{"BfjhPo4+SToRipmhuX8K6/JwR+eoi944mQoijRwSeAk5":{"chainKey":{"counter":0,"key":"Ar8HDlxd/cD0eajVyWmY1VpSNsNmhK41g7TPGeROGnM="},"chainType":1,"messageKeys":{}}},"pendingPreKey":{"signedKeyId":2,"baseKey":"BZjOk2UARl9p3Z4+be7R4RzWyM0joEySINFzubGunoYW","preKeyId":2405}}},"version":"v1"}