{"_sessions":{"BR+04hOjcjH2tJB9d61gWe7XaQ4OzDgfEHRLmmVcZFJ5":{"registrationId":9431,"currentRatchet":{"ephemeralKeyPair":{"pubKey":"BXEy8pkjFykZg9ZRsN40wjWeRCPn8n5yFU9ZLsrCcJA4","privKey":"mI3NV49FblzNUb8rNkVgsOJZ7Z2ktXEGWfgo0/8zTkg="},"lastRemoteEphemeralKey":"BepXqG+LY5/0tg1+0YtfhXhZGMlio5T2JqdWM0j2uWYQ","previousCounter":0,"rootKey":"++3Q3kgG9QvsY2JEdvtlZb4hdADhfykASgtmBwphIIg="},"indexInfo":{"baseKey":"BR+04hOjcjH2tJB9d61gWe7XaQ4OzDgfEHRLmmVcZFJ5","baseKeyType":1,"closed":-1,"used":1689734147537,"created":1689734147537,"remoteIdentityKey":"BRXeua223+gGPrLJfc0xnMx/GH7k1WrH1Wf5IUm+I+1b"},"_chains":{"BXEy8pkjFykZg9ZRsN40wjWeRCPn8n5yFU9ZLsrCcJA4":{"chainKey":{"counter":0,"key":"E0Vw6noWBHqxy18TV0LQYm23QT6iVsSslR61hGU92eg="},"chainType":1,"messageKeys":{}}},"pendingPreKey":{"signedKeyId":1,"baseKey":"BR+04hOjcjH2tJB9d61gWe7XaQ4OzDgfEHRLmmVcZFJ5"}}},"version":"v1"}