{"_sessions":{"BUteJLsJwqHWzNwuaU8uTV5nDeJT50FsfZcaaaJeoXtX":{"registrationId":1509103440,"currentRatchet":{"ephemeralKeyPair":{"pubKey":"BeLWB8Ju7cRvgE8nPMFTrnDqe8waol1hm0jjfDsK/Qd9","privKey":"mEFYNl9s4vqiQgwE1WA+LTty6sGaCs2HlKmTDa/aqUg="},"lastRemoteEphemeralKey":"BRTMZ8hcywXRWTsNGsJLgQM2HAfGfl9G8w7GyfXP81Fu","previousCounter":0,"rootKey":"r1+ENRFk1iIXWW3sws3MgNbnKd0I0LoXaDpYgz7CZo4="},"indexInfo":{"baseKey":"BUteJLsJwqHWzNwuaU8uTV5nDeJT50FsfZcaaaJeoXtX","baseKeyType":1,"closed":-1,"used":1689735106212,"created":1689735106212,"remoteIdentityKey":"BRFvo+lFNolH/zL5vdTtA7ovXc+4/yJxE41Rbb4K5cQ9"},"_chains":{"BeLWB8Ju7cRvgE8nPMFTrnDqe8waol1hm0jjfDsK/Qd9":{"chainKey":{"counter":0,"key":"9KDrlAgMtFDFGSTar6tSFG7aXiPUjmxTVukP2+6vkTE="},"chainType":1,"messageKeys":{}}},"pendingPreKey":{"signedKeyId":1,"baseKey":"BUteJLsJwqHWzNwuaU8uTV5nDeJT50FsfZcaaaJeoXtX","preKeyId":12084137}}},"version":"v1"}