{"_sessions":{"BRGWKC0A45O3CkP3yWCxYcF7+7wI79w9NMoIoT92cnM2":{"registrationId":1845470455,"currentRatchet":{"ephemeralKeyPair":{"pubKey":"BSE+pi8zrLLdWG6I8YluUT8sE2iwMU0dVWrT17IiMs1g","privKey":"GEZKzrnw0glQaiP2cTNLcRoOpQtajgmAKxI2N8ALLGY="},"lastRemoteEphemeralKey":"BVRtwSTmXcOdruVPwTxZHyGQQOvePpSWyKsvWghXlF4D","previousCounter":0,"rootKey":"kWli6d24v9U9P9cmeGpdpoYceDu+6lexKceeRhZfMho="},"indexInfo":{"baseKey":"BRGWKC0A45O3CkP3yWCxYcF7+7wI79w9NMoIoT92cnM2","baseKeyType":1,"closed":-1,"used":1689735106061,"created":1689735106061,"remoteIdentityKey":"Bd4Lu5e+IXIxeX672H0xIwaAj46d8oRTcEkR80wSWktH"},"_chains":{"BSE+pi8zrLLdWG6I8YluUT8sE2iwMU0dVWrT17IiMs1g":{"chainKey":{"counter":0,"key":"mUuTm/UiLboSVIKRv4bk49Q6IoQmlzS7yWAlK6KfozQ="},"chainType":1,"messageKeys":{}}},"pendingPreKey":{"signedKeyId":3,"baseKey":"BRGWKC0A45O3CkP3yWCxYcF7+7wI79w9NMoIoT92cnM2"}}},"version":"v1"}