{"_sessions":{"BQvoIIY/TLwqSujKVdvCQQmIXVRK6DKssBS8m1nwVm4F":{"registrationId":806952947,"currentRatchet":{"ephemeralKeyPair":{"pubKey":"Be44Tz05I/OJRGPlnbQbo4RSNn2LzMNg9B52R6sj5e8n","privKey":"6AOY3+li8Z21e09U4WMqfW95R6a8bFFZZz8KL5e3/n8="},"lastRemoteEphemeralKey":"BWrZm8zRvbzBUvt/RhCoWaibwx1qJ7oNBa/5gd4BwSAZ","previousCounter":0,"rootKey":"SUDwUDdaFsgtnwjN6GY0IrdrSWmp08/+W3o+haqx+6s="},"indexInfo":{"baseKey":"BQvoIIY/TLwqSujKVdvCQQmIXVRK6DKssBS8m1nwVm4F","baseKeyType":1,"closed":-1,"used":1689735105808,"created":1689735105808,"remoteIdentityKey":"BUo5A9RtKFAarx7f8P51tcfAjdb2EHFk+PQAxlnrIQFM"},"_chains":{"Be44Tz05I/OJRGPlnbQbo4RSNn2LzMNg9B52R6sj5e8n":{"chainKey":{"counter":0,"key":"Pf5LhH2+/XQNBWpP0r1WhNLOI/lcsGpHZoGGvHOGX24="},"chainType":1,"messageKeys":{}}},"pendingPreKey":{"signedKeyId":1,"baseKey":"BQvoIIY/TLwqSujKVdvCQQmIXVRK6DKssBS8m1nwVm4F","preKeyId":14571828}}},"version":"v1"}