{"_sessions":{"BYGuAIlpcl4m63VW1PzhCdhwQ4wWufOaY3r9vQyGNxg3":{"registrationId":558049762,"currentRatchet":{"ephemeralKeyPair":{"pubKey":"BRvHs9bFM3mgSEkljKfrLFUjAusUsqZFppZhn39oDlou","privKey":"KKH2YH24gEBRLLJ3DTnltB5aoXS2ma3BhUr4L9Wg0VY="},"lastRemoteEphemeralKey":"BcQY4rELGnyu3vuGU4iVBuRc+UM79tUJprPh8PQ0JSd7","previousCounter":0,"rootKey":"vVXjuv6/4tqxfAcZ5ZK5M/6syWSKNpp5R2Juy4V6yVI="},"indexInfo":{"baseKey":"BYGuAIlpcl4m63VW1PzhCdhwQ4wWufOaY3r9vQyGNxg3","baseKeyType":1,"closed":-1,"used":1689734147669,"created":1689734147669,"remoteIdentityKey":"BVKWPCiuJ0tDAT29x2ne8HNaQbotZVD2bsZAywkv8U9H"},"_chains":{"BRvHs9bFM3mgSEkljKfrLFUjAusUsqZFppZhn39oDlou":{"chainKey":{"counter":0,"key":"WUr2T86RjSlAPNuuNF3d6jh+Mavc8IF0T5FotZ7a3x4="},"chainType":1,"messageKeys":{}}},"pendingPreKey":{"signedKeyId":3,"baseKey":"BYGuAIlpcl4m63VW1PzhCdhwQ4wWufOaY3r9vQyGNxg3","preKeyId":10761704}}},"version":"v1"}