{"_sessions":{"BQQWAPYeEZwfWx9K+tvy2+8HuGpMeQhdxPN2Rrjtp9hC":{"registrationId":66268346,"currentRatchet":{"ephemeralKeyPair":{"pubKey":"Ba8j+g3SwgGpe3/YEOFCq9AWLBPFG3KzjjCn4Bdk+Gwp","privKey":"EKE0gwtRKZ/zzyNefCAP2PlHuTAEM0zf3OVmNxpD6Ww="},"lastRemoteEphemeralKey":"BSHG14yRckA8TPmAg1GdxVEMPohecw1ZZwqdVPvtdJNt","previousCounter":0,"rootKey":"nDL5lGpgQkL3ExCUcMn15BGYuc0L2Ec7C+5RTkcaKpA="},"indexInfo":{"baseKey":"BQQWAPYeEZwfWx9K+tvy2+8HuGpMeQhdxPN2Rrjtp9hC","baseKeyType":1,"closed":-1,"used":1689735105980,"created":1689735105980,"remoteIdentityKey":"BV8rcf4sDEHDPWdJ5NbLqK8BDsj7xSrVI1i0Ac/j9kYO"},"_chains":{"Ba8j+g3SwgGpe3/YEOFCq9AWLBPFG3KzjjCn4Bdk+Gwp":{"chainKey":{"counter":0,"key":"kBSVfZ7QClBbcfznKtOYp0dVsL4maHLYt7pRyZnU+qU="},"chainType":1,"messageKeys":{}}},"pendingPreKey":{"signedKeyId":2,"baseKey":"BQQWAPYeEZwfWx9K+tvy2+8HuGpMeQhdxPN2Rrjtp9hC","preKeyId":11695064}}},"version":"v1"}