{"_sessions":{"BfIigAaQiDuMjKyoCoafmxPZFfUgUDFq8Ts4YAWR73gh":{"registrationId":1790759032,"currentRatchet":{"ephemeralKeyPair":{"pubKey":"BWUE4YZ0EwIW/0zB8SCuJOiac/+w0b+OD3hYY0YocfwS","privKey":"SCgW2Z9Fd6TBqVv1cHryTwF1ZxDRP/jqQDN8bhwfvlU="},"lastRemoteEphemeralKey":"BezWR+74ZtWmXsHk1Kgl1MnKlYU1YVJhu9XoDk3vYIRg","previousCounter":0,"rootKey":"y5KVlGKDErLqu0yhbiaYJki/lW6jjGG9/4DUFTL/o4Q="},"indexInfo":{"baseKey":"BfIigAaQiDuMjKyoCoafmxPZFfUgUDFq8Ts4YAWR73gh","baseKeyType":1,"closed":-1,"used":1689734147603,"created":1689734147603,"remoteIdentityKey":"BcjfWZFtlu6hm9VMQNS9FoqU4JRisbMrPHDIjKJWVOA5"},"_chains":{"BWUE4YZ0EwIW/0zB8SCuJOiac/+w0b+OD3hYY0YocfwS":{"chainKey":{"counter":0,"key":"EzvDZ5sUJrkiSJDSVVMX8BzMn9O/30f5YHgvpJBnRPk="},"chainType":1,"messageKeys":{}}},"pendingPreKey":{"signedKeyId":19,"baseKey":"BfIigAaQiDuMjKyoCoafmxPZFfUgUDFq8Ts4YAWR73gh","preKeyId":13390100}}},"version":"v1"}