{"_sessions":{"BVar0BLXBsZw1rhVNxIogfc6a37COvV9pLDUgWBL22cj":{"registrationId":1535825280,"currentRatchet":{"ephemeralKeyPair":{"pubKey":"BXpcXGtBAhXRoYzSCrEijgprB3dhbl5g+9+vyB32Pd5D","privKey":"IN7Hss2zQ5cndEKqhyaJthF/yV2qOAua2OBlY/pdp1k="},"lastRemoteEphemeralKey":"BanUTOEaSdIht/J8y0eIs0C1cyYUHXWxlhV0ybm8pf9K","previousCounter":0,"rootKey":"KwpKdyGXm80glAVyHLciMrqs3IWJBJaXNbSxwixkLGw="},"indexInfo":{"baseKey":"BVar0BLXBsZw1rhVNxIogfc6a37COvV9pLDUgWBL22cj","baseKeyType":1,"closed":-1,"used":1689735105777,"created":1689735105777,"remoteIdentityKey":"BUkU+EMgEiC63l9X7k3k31HeiiO5pAheztdds2wKJPxM"},"_chains":{"BXpcXGtBAhXRoYzSCrEijgprB3dhbl5g+9+vyB32Pd5D":{"chainKey":{"counter":0,"key":"IzcSrLLBTvo4LWFBFS/CQJCS0nnhkwJlUx08AbEjrBo="},"chainType":1,"messageKeys":{}}},"pendingPreKey":{"signedKeyId":0,"baseKey":"BVar0BLXBsZw1rhVNxIogfc6a37COvV9pLDUgWBL22cj"}}},"version":"v1"}