{"_sessions":{"BYYv1GS9k/pszPJknqZnXqH5F8ncuCZEW/q1q7WMojds":{"registrationId":757484512,"currentRatchet":{"ephemeralKeyPair":{"pubKey":"BZyoeZDnp7ng3H320F7YX3B8lQBULbY9V3GvQcrujBYl","privKey":"uFvVuQdiWcoB7igEdn7r5qTZSabzS8dJgRcREbE76no="},"lastRemoteEphemeralKey":"BW70btfbzMQvshW6kZCj7dPTflsdCEvo1qyy8hYETfxR","previousCounter":0,"rootKey":"cw2IuRNzEN8HrpXrulwH3c7bP3k97hBXMZDJMAOhdQc="},"indexInfo":{"baseKey":"BYYv1GS9k/pszPJknqZnXqH5F8ncuCZEW/q1q7WMojds","baseKeyType":1,"closed":-1,"used":1689737094151,"created":1689735105657,"remoteIdentityKey":"BZYnxngyHJ9lC2ocnnEbH5vh1H8P/trnG18cf9+9SXcm"},"_chains":{"BW70btfbzMQvshW6kZCj7dPTflsdCEvo1qyy8hYETfxR":{"chainKey":{"counter":0,"key":"d/OEQ2jCmIeT9xuC00ciSDkGG33ta3l8S3f7GTqLoAI="},"chainType":2,"messageKeys":{}},"BZyoeZDnp7ng3H320F7YX3B8lQBULbY9V3GvQcrujBYl":{"chainKey":{"counter":-1,"key":"R04A+m6AvSrCL5wglt/EBBMlpR+augPAP25BMmIgC9w="},"chainType":1,"messageKeys":{}}}}},"version":"v1"}