{"_sessions":{"BfkCIYyXb3nvUynFA9XWuZQ24WhPKkmzYT+i8n7tQRc+":{"registrationId":1086735566,"currentRatchet":{"ephemeralKeyPair":{"pubKey":"BYHjal6zHYIv+mw6ZD7GhIq5+ywIhg2v+ONpfdsHjisl","privKey":"8B1DNXgBURhS+7mk37ezscXg5Y6DNHpHzIJpU7tDaW8="},"lastRemoteEphemeralKey":"Bd3CVhw/8V5B8ygF/qSg3u7F9DJ5Zk7prbXIekU/XWgw","previousCounter":0,"rootKey":"J+nHeEWFGpD//hvr9P8eC/9ULZsy6FjmAw4i5LbX0+k="},"indexInfo":{"baseKey":"BfkCIYyXb3nvUynFA9XWuZQ24WhPKkmzYT+i8n7tQRc+","baseKeyType":1,"closed":-1,"used":1689735106005,"created":1689735106005,"remoteIdentityKey":"BfYxymMXsDwjGmDLkqMMdYt0XjxB49yuOhjF2OdG2G4e"},"_chains":{"BYHjal6zHYIv+mw6ZD7GhIq5+ywIhg2v+ONpfdsHjisl":{"chainKey":{"counter":0,"key":"YKL3IHYOzWtRrhcL4R6Bx0W+Bh80A0MHSLb/Hds3TZw="},"chainType":1,"messageKeys":{}}},"pendingPreKey":{"signedKeyId":1,"baseKey":"BfkCIYyXb3nvUynFA9XWuZQ24WhPKkmzYT+i8n7tQRc+","preKeyId":6147366}}},"version":"v1"}