{"_sessions":{"BdlY+4SmRIa4mbbwUumt+yWFNGCba9Ur/ZwnCyaNBXIo":{"registrationId":1594576190,"currentRatchet":{"ephemeralKeyPair":{"pubKey":"BTjKRuyWpN3N/Keb2ybASBZbAtrnurFU5K9mIbtZkad/","privKey":"MF/V61qWc+9IxUOLccGBhNOcKFAFBZ4iZZEJDpZV808="},"lastRemoteEphemeralKey":"BRC2Kajxh5NwOqrvHAxgqxfPmO3RMFyHhqYxM2GrVxhw","previousCounter":0,"rootKey":"HsK4ruKx4agJ+gbd1v/Voc9EJiiN0mg9mkK5WLu6H8Y="},"indexInfo":{"baseKey":"BdlY+4SmRIa4mbbwUumt+yWFNGCba9Ur/ZwnCyaNBXIo","baseKeyType":1,"closed":-1,"used":1689735105826,"created":1689735105826,"remoteIdentityKey":"BU0DuHdtC6RtIm8nuxLALjnU06QvCqXM23D69ZaEHJtW"},"_chains":{"BTjKRuyWpN3N/Keb2ybASBZbAtrnurFU5K9mIbtZkad/":{"chainKey":{"counter":0,"key":"GvTIVUsAokoZA+rOMEBUQMLAWqRyhc/ciiTOVB0qyCI="},"chainType":1,"messageKeys":{}}},"pendingPreKey":{"signedKeyId":2,"baseKey":"BdlY+4SmRIa4mbbwUumt+yWFNGCba9Ur/ZwnCyaNBXIo","preKeyId":536796}}},"version":"v1"}