{"_sessions":{"BbPjMeWw/jrsoHcV38HHJhhpuKOwRlrjvptFhy9NSnhz":{"registrationId":1482922879,"currentRatchet":{"ephemeralKeyPair":{"pubKey":"BQAJY2fo/nXlI+c12KdsxShIyvlF4zoqFhRvJhP7PB0b","privKey":"SJHgt85rDzxt1T7Od+6L+DHQyFwaStj5DtfySC3roFA="},"lastRemoteEphemeralKey":"BUal7mKM1ejsOD3Otg4wdJlTrUETm3CVsuUGwxJIRVN7","previousCounter":0,"rootKey":"McgtO9t9Xh46u6SWjBeyX1O9OE+bpbgnwaNZ9ynmavY="},"indexInfo":{"baseKey":"BbPjMeWw/jrsoHcV38HHJhhpuKOwRlrjvptFhy9NSnhz","baseKeyType":1,"closed":-1,"used":1689735105834,"created":1689735105834,"remoteIdentityKey":"BbQkIdzMzLJKX0l71rMUl0YIl/oENQ+M/Z/AMn/OM+V0"},"_chains":{"BQAJY2fo/nXlI+c12KdsxShIyvlF4zoqFhRvJhP7PB0b":{"chainKey":{"counter":0,"key":"QtaVv0XBhA+xL/4d8rvQIqVZ3lBMpaXpWra6luM9GkA="},"chainType":1,"messageKeys":{}}},"pendingPreKey":{"signedKeyId":6,"baseKey":"BbPjMeWw/jrsoHcV38HHJhhpuKOwRlrjvptFhy9NSnhz","preKeyId":11812391}}},"version":"v1"}