{"_sessions":{"BWyKG5FVGnADki8J6DSH/7OuDqv7yO1NrNiCAIf4u0YR":{"registrationId":1716,"currentRatchet":{"ephemeralKeyPair":{"pubKey":"BXoF8kAz3jF0xK1i/VT5VuYupqzW8CCWLWTF64jH+/cY","privKey":"eLzTxqhxQpcUHweSKp8GoZ5uvCDQJJkOODjs584EukM="},"lastRemoteEphemeralKey":"Ba2hRI1wURcxz88WsTPXnNX14f2+chfJUoKT0LZxWzEp","previousCounter":0,"rootKey":"6taAdHmqi3dcXY6UlhNLR0Ou7VC+tFl90mduAfSnD6I="},"indexInfo":{"baseKey":"BWyKG5FVGnADki8J6DSH/7OuDqv7yO1NrNiCAIf4u0YR","baseKeyType":1,"closed":-1,"used":1689735105578,"created":1689735105578,"remoteIdentityKey":"BRxwzJLgN/+oyGB5Onld7qppAnPWe0eR6dej8hDbwiMT"},"_chains":{"BXoF8kAz3jF0xK1i/VT5VuYupqzW8CCWLWTF64jH+/cY":{"chainKey":{"counter":0,"key":"dAtaM5jgN09hZSa5Q7Y5o75hJ5tYBThvJzqOlSOSNnc="},"chainType":1,"messageKeys":{}}},"pendingPreKey":{"signedKeyId":2,"baseKey":"BWyKG5FVGnADki8J6DSH/7OuDqv7yO1NrNiCAIf4u0YR","preKeyId":8884}}},"version":"v1"}