{"_sessions":{"BVB5XV1Olytf99V1tB7/Iy8vaYKUmwtZtzuU3w5Pv2tE":{"registrationId":5068,"currentRatchet":{"ephemeralKeyPair":{"pubKey":"BWb8m7Bo/JqqnZzM1SPTr6RwkPQNkl5rBYqTUX6wiO89","privKey":"+FKVYdXrlKBz8jTJ4PGERG9JAK0cokD/21qSgRl1M2c="},"lastRemoteEphemeralKey":"BdRWMxaPNffln/IkEZ/yam+67A1MRrTdiMr7TSRtiv5l","previousCounter":0,"rootKey":"v61F56HVIFRRnJURldawSenfxytJE28fvbbKCibdY8A="},"indexInfo":{"baseKey":"BVB5XV1Olytf99V1tB7/Iy8vaYKUmwtZtzuU3w5Pv2tE","baseKeyType":1,"closed":-1,"used":1689734147527,"created":1689734147527,"remoteIdentityKey":"BZm/G0r5E4jmHMNG1uNs6rXqyril2STS5ULZrknc0B9E"},"_chains":{"BWb8m7Bo/JqqnZzM1SPTr6RwkPQNkl5rBYqTUX6wiO89":{"chainKey":{"counter":0,"key":"ORBN56wk/WFEGHEpXYb3zWwadbfMsbU9yjp5T9XtqBA="},"chainType":1,"messageKeys":{}}},"pendingPreKey":{"signedKeyId":1,"baseKey":"BVB5XV1Olytf99V1tB7/Iy8vaYKUmwtZtzuU3w5Pv2tE","preKeyId":169}}},"version":"v1"}