{"_sessions":{"BXijQ+B47iHsgDXVn0STaDtfZkbhuCJQSR5BeihINU5d":{"registrationId":983610194,"currentRatchet":{"ephemeralKeyPair":{"pubKey":"BZsFDC1SxXEi/Qst2dyazYTTpQsGbmDvdEZhvtUrlfFN","privKey":"GEUtjSRVuyp+Pmbf0p8V2uJ4o78DVqHMTlrsuU1d6WY="},"lastRemoteEphemeralKey":"BYBYdBfAIlbE/dlOVmDhC3BUqjWdyR74E9x0kmjyy7Vd","previousCounter":0,"rootKey":"7RQW0si4vp9qf8BJ6oX/xLErDW/MyQIXqImxB5KK68I="},"indexInfo":{"baseKey":"BXijQ+B47iHsgDXVn0STaDtfZkbhuCJQSR5BeihINU5d","baseKeyType":1,"closed":-1,"used":1689735106374,"created":1689735106374,"remoteIdentityKey":"BY7v0TRLF1WWcIXqt0JU1wdyMmZuHzje5DISsaTzLNQn"},"_chains":{"BZsFDC1SxXEi/Qst2dyazYTTpQsGbmDvdEZhvtUrlfFN":{"chainKey":{"counter":0,"key":"VPOCW+l87zuWuq08IYhSU5OhSPfywJAenNpJEMDTgV4="},"chainType":1,"messageKeys":{}}},"pendingPreKey":{"signedKeyId":2,"baseKey":"BXijQ+B47iHsgDXVn0STaDtfZkbhuCJQSR5BeihINU5d","preKeyId":7643795}}},"version":"v1"}