{"_sessions":{"BUbEjDCZcpqdpi7FTJaatJw6mnOC4+45mLlkvSZn3Bdc":{"registrationId":914786106,"currentRatchet":{"ephemeralKeyPair":{"pubKey":"BdLANBSV+tp3dS3cid2lX9u+DJPITRekkrqNkVe27FNQ","privKey":"SJs0di102GdVR0ClNfNlSkdKM/rsrMLryTyPs/LGRGg="},"lastRemoteEphemeralKey":"BQ3co2+bAzTllVt8f5qK2ejSmvHGxihaIMtuwhAcjJ0V","previousCounter":0,"rootKey":"uTT65lD1TdEZLc9WAB81fueNnJu0idCzvkUuoOb7bWE="},"indexInfo":{"baseKey":"BUbEjDCZcpqdpi7FTJaatJw6mnOC4+45mLlkvSZn3Bdc","baseKeyType":1,"closed":-1,"used":1689735106204,"created":1689735106204,"remoteIdentityKey":"BX2utZJR+X2Yo/hWaWMGdAWL3lU+vtd+I/VdO+1f3CVu"},"_chains":{"BdLANBSV+tp3dS3cid2lX9u+DJPITRekkrqNkVe27FNQ":{"chainKey":{"counter":0,"key":"OsW9j/VRNY2GdIT3HeGC0V7rZWdDf+IsdANC4TT8gQA="},"chainType":1,"messageKeys":{}}},"pendingPreKey":{"signedKeyId":5,"baseKey":"BUbEjDCZcpqdpi7FTJaatJw6mnOC4+45mLlkvSZn3Bdc","preKeyId":15183641}}},"version":"v1"}