{"_sessions":{"BdEJ4k2qJTYysf2LFzB4AZYoaZRW8gCrk3tu0Q1fhH54":{"registrationId":5815,"currentRatchet":{"ephemeralKeyPair":{"pubKey":"BRjoOgAtoSDE7L1I3MoZ3RoU2UUnmtBrem6PSfs7ButJ","privKey":"EDVZhCjQBVrHW94ZMaJsXLXzxY8udnjfisQ6Re8sQ38="},"lastRemoteEphemeralKey":"BS63oLNKTX9RxNwN1vEpH7uKOWjGtSb27qYFi3PhihcL","previousCounter":0,"rootKey":"oRcg0M4S0DztpaQIITqbGNvRBBJLaGhN77sqiYSaFZk="},"indexInfo":{"baseKey":"BdEJ4k2qJTYysf2LFzB4AZYoaZRW8gCrk3tu0Q1fhH54","baseKeyType":1,"closed":-1,"used":1689735679754,"created":1689735679754,"remoteIdentityKey":"Bfax1RnxdkFR3RHK2AJIAzswNkV1nX6As76aZOTCoKBD"},"_chains":{"BRjoOgAtoSDE7L1I3MoZ3RoU2UUnmtBrem6PSfs7ButJ":{"chainKey":{"counter":0,"key":"nR5+oGxM32/HHXjo+VzErkOZgiDgVb9DirV5aleaYGI="},"chainType":1,"messageKeys":{}}},"pendingPreKey":{"signedKeyId":1,"baseKey":"BdEJ4k2qJTYysf2LFzB4AZYoaZRW8gCrk3tu0Q1fhH54","preKeyId":64}}},"version":"v1"}