{"_sessions":{"BR2/fD0DkazGIBrWJI9YxiS9nLRixPt6iDGy9XX0ZGMV":{"registrationId":1604850585,"currentRatchet":{"ephemeralKeyPair":{"pubKey":"BTz/bQUVy/csYeEJodi+33/PBgbwEukV/9Hf/oZhAQlK","privKey":"KD7Yy5X49eNhBR7jB21Wcc10RY820LbeAN3IvjUjwHg="},"lastRemoteEphemeralKey":"BRmzD7URwJFBZtxYc7y1z1dRcXf35JPPi5Xr2jGMIuMe","previousCounter":0,"rootKey":"oQ5+s/o15WHAU5vmwayf2/W+0md5MNP7vJfpTTcu6To="},"indexInfo":{"baseKey":"BR2/fD0DkazGIBrWJI9YxiS9nLRixPt6iDGy9XX0ZGMV","baseKeyType":1,"closed":-1,"used":1689734809443,"created":1689734809443,"remoteIdentityKey":"BX7WtEnlcOaFNbBhViJKHHNRTPF7z9GXJg5swLB0KOcH"},"_chains":{"BTz/bQUVy/csYeEJodi+33/PBgbwEukV/9Hf/oZhAQlK":{"chainKey":{"counter":0,"key":"0MEnQDyDC0PIvRlH8lOLx3vmyVScCW9LrASgF3Cs1Mk="},"chainType":1,"messageKeys":{}}},"pendingPreKey":{"signedKeyId":1,"baseKey":"BR2/fD0DkazGIBrWJI9YxiS9nLRixPt6iDGy9XX0ZGMV","preKeyId":4342451}}},"version":"v1"}