{"_sessions":{"BRQCyBWe3jffbOlMB03wou1/Le+yXeD7WW19FyWvphgC":{"registrationId":1112214075,"currentRatchet":{"ephemeralKeyPair":{"pubKey":"BefEK4XNB+th8UxHGPQU+QhnwLhQHmk6GMlLSf6w0gBQ","privKey":"QETW5yW7jSwRj+zODv43rWLO5BGMavzG2WobHpEhwnY="},"lastRemoteEphemeralKey":"BXv6rx6TT/UcP8dIZznHHBOj05bKDFvzLSEdIwstIusI","previousCounter":0,"rootKey":"aUu+1ydFp9s6FySWnUQ1v62tRlvKRlHkGMedyvecovE="},"indexInfo":{"baseKey":"BRQCyBWe3jffbOlMB03wou1/Le+yXeD7WW19FyWvphgC","baseKeyType":1,"closed":-1,"used":1689735105881,"created":1689735105881,"remoteIdentityKey":"BRZa9yNKrg2tkbeErA5vh7OEIY4tsqdBvRVC2enIsyZZ"},"_chains":{"BefEK4XNB+th8UxHGPQU+QhnwLhQHmk6GMlLSf6w0gBQ":{"chainKey":{"counter":0,"key":"K4bfdHPBnfidfXn1QbADcGpe7Lh+SWjVUSt0uxGxBEM="},"chainType":1,"messageKeys":{}}},"pendingPreKey":{"signedKeyId":2,"baseKey":"BRQCyBWe3jffbOlMB03wou1/Le+yXeD7WW19FyWvphgC","preKeyId":3504919}}},"version":"v1"}