{"_sessions":{"BQHTOz1mEjQ+9r+/1nbkuVGxIGORVliUGpDM4ZDdFsoc":{"registrationId":415350913,"currentRatchet":{"ephemeralKeyPair":{"pubKey":"Be/nN7oVkdVmN2dhw94407Lz326h8rlq2QbDwKctnqsP","privKey":"uPre0m1gTSs50ZFwSis0HqjTTgWFRSIWjQHNmMehlGg="},"lastRemoteEphemeralKey":"BZVGKiYqXAMsKdC1kLcEUW3evjIcgZRxQT/LGmmKxD4c","previousCounter":0,"rootKey":"c0rjJvujOkvQq7nAL2SJJhND3WtURHyQV009b4ekeY0="},"indexInfo":{"baseKey":"BQHTOz1mEjQ+9r+/1nbkuVGxIGORVliUGpDM4ZDdFsoc","baseKeyType":1,"closed":-1,"used":1689735105742,"created":1689735105742,"remoteIdentityKey":"BY6eIjPkBylvjoZrHnmy6yfBBUnxF8bzAIptz+qJP9N5"},"_chains":{"Be/nN7oVkdVmN2dhw94407Lz326h8rlq2QbDwKctnqsP":{"chainKey":{"counter":0,"key":"6NXWsDrzJhnR60CarBneAwrV5OjgrUaoPXtxhkT27c0="},"chainType":1,"messageKeys":{}}},"pendingPreKey":{"signedKeyId":8196094,"baseKey":"BQHTOz1mEjQ+9r+/1nbkuVGxIGORVliUGpDM4ZDdFsoc","preKeyId":3169}}},"version":"v1"}