{"_sessions":{"BVem3ROISQT1K18cj8M4wBoe15Pv0Ma93lLp0E1weMAb":{"registrationId":1204561855,"currentRatchet":{"ephemeralKeyPair":{"pubKey":"BRATYwPjIez5mzkWMINB6Cmsw5yfv2xJeOdTxM7i90MX","privKey":"2LnqXAlPUx2SFBLUciWs4VpOm8b2zK3iAOcvUwVyCWg="},"lastRemoteEphemeralKey":"BdnIXvYj+Y3ROIJeyMOr8Y/PMm2ZPEq7BaEiW/eVao5a","previousCounter":0,"rootKey":"pB7cudp9MYF8DG62/kZpyDHwt5hsun7XdC7MUqZeawY="},"indexInfo":{"baseKey":"BVem3ROISQT1K18cj8M4wBoe15Pv0Ma93lLp0E1weMAb","baseKeyType":1,"closed":-1,"used":1689735106076,"created":1689735106076,"remoteIdentityKey":"BSuO4fW7DhSGXk1mWFUWZqmAkPEq9Ehup9TlYSe6GE95"},"_chains":{"BRATYwPjIez5mzkWMINB6Cmsw5yfv2xJeOdTxM7i90MX":{"chainKey":{"counter":0,"key":"wQQMaODj91zuL5zAkuczbHUC3IjXx2uveuklVNRpZB8="},"chainType":1,"messageKeys":{}}},"pendingPreKey":{"signedKeyId":8936524,"baseKey":"BVem3ROISQT1K18cj8M4wBoe15Pv0Ma93lLp0E1weMAb","preKeyId":5849}}},"version":"v1"}