{"_sessions":{"BdbsApso1KF2TApnYCJs/5n5A5xaQf4khj3VVgFyU15t":{"registrationId":8625,"currentRatchet":{"ephemeralKeyPair":{"pubKey":"Bf2/q/+aCNQQAtdWbpcDHqApnZNZ1CFY5tegnReD3VUt","privKey":"GIKMqr69dFsRMs6Opwwz73zN9coXO3JE9j6bFNRNilw="},"lastRemoteEphemeralKey":"BW8Kmb/Xtb/b/z7vbYusAvgo6RBqUWKOrZDcghrGsYNp","previousCounter":0,"rootKey":"XyI/NLHqaJK/Tzl5meJvvEug4Xy/xH7lAZxVZ9vpCJE="},"indexInfo":{"baseKey":"BdbsApso1KF2TApnYCJs/5n5A5xaQf4khj3VVgFyU15t","baseKeyType":1,"closed":-1,"used":1689735105465,"created":1689735105465,"remoteIdentityKey":"Bep33PAjzzGV8mkC91n+O/ZSQ8pjylfUD5h2HxLGnbwM"},"_chains":{"Bf2/q/+aCNQQAtdWbpcDHqApnZNZ1CFY5tegnReD3VUt":{"chainKey":{"counter":0,"key":"XB2Ptl1kVC/cwn6t40hNOhW2Uvql1gsjKWQj3UiH95s="},"chainType":1,"messageKeys":{}}},"pendingPreKey":{"signedKeyId":1,"baseKey":"BdbsApso1KF2TApnYCJs/5n5A5xaQf4khj3VVgFyU15t"}}},"version":"v1"}