{"_sessions":{"BV/NDr7JDjxtvLJxTIQo8mZnII+ftBwK1UBOKsioD/gz":{"registrationId":1421036404,"currentRatchet":{"ephemeralKeyPair":{"pubKey":"Bcu1wg55DuB5wlHiJ95gwE4L/fDUthoImtEFgkoy/EYa","privKey":"UDcGWwiuEiJMhtdkD2Rd/yEYEB20kKrlu4LbkT9tlGs="},"lastRemoteEphemeralKey":"BVXYiAKzSNfwlSUo5KM6l7E0etuovGlR1QJ99ODAetoh","previousCounter":0,"rootKey":"LZL5p55uiReT+xfFrGs+M/VTyNWaVWKM68SgVs93o/A="},"indexInfo":{"baseKey":"BV/NDr7JDjxtvLJxTIQo8mZnII+ftBwK1UBOKsioD/gz","baseKeyType":1,"closed":-1,"used":1689735105661,"created":1689735105661,"remoteIdentityKey":"Bdo7I+dSOlV8TaYEgLKnsq9OnrKv8a7hgmB6jvNG8EVn"},"_chains":{"Bcu1wg55DuB5wlHiJ95gwE4L/fDUthoImtEFgkoy/EYa":{"chainKey":{"counter":0,"key":"uBf6tR8MppE5rPErJwxoM9GhxHP3EWqB62EaZkI+rLQ="},"chainType":1,"messageKeys":{}}},"pendingPreKey":{"signedKeyId":998452,"baseKey":"BV/NDr7JDjxtvLJxTIQo8mZnII+ftBwK1UBOKsioD/gz","preKeyId":2735}}},"version":"v1"}