{"_sessions":{"BY11RfbIGi0XvvU7du3R4NHhqZZlIvz2tNND9OCBqTJ7":{"registrationId":1154069343,"currentRatchet":{"ephemeralKeyPair":{"pubKey":"BaaGgftgHI0RWre6s9fzMmnyaPRYc3sQXe74viafgTlc","privKey":"WMlU7/olBIa7VVjPprEkt4cNbwe6ySuXySAeCoJWQls="},"lastRemoteEphemeralKey":"BeLW9gAx2OFh5sLAJoGph0EdXgkr0Q7bcEIY+gmgunJu","previousCounter":0,"rootKey":"rpXwI3ae+0FrdsZuICvXVhkv3AJTF1L/qwnKfDiGWTM="},"indexInfo":{"baseKey":"BY11RfbIGi0XvvU7du3R4NHhqZZlIvz2tNND9OCBqTJ7","baseKeyType":1,"closed":-1,"used":1690018926973,"created":1690018926973,"remoteIdentityKey":"Beo8wAMBXtrI9KaxzFtlMZZ2RNC+9a5PBB8BxE78/3sI"},"_chains":{"BaaGgftgHI0RWre6s9fzMmnyaPRYc3sQXe74viafgTlc":{"chainKey":{"counter":0,"key":"CyLvgnmOCY3GOvJ/lBFrGDSxpwVeV+XWIXnAPFvKz7E="},"chainType":1,"messageKeys":{}}},"pendingPreKey":{"signedKeyId":31,"baseKey":"BY11RfbIGi0XvvU7du3R4NHhqZZlIvz2tNND9OCBqTJ7","preKeyId":5210500}}},"version":"v1"}