{"_sessions":{"BSLZeTFLY9aFRgB7cn2OIugt3FhL+Njxbrc/iSscpVEE":{"registrationId":221026393,"currentRatchet":{"ephemeralKeyPair":{"pubKey":"BYC0uLkLNwNO6tfzhRi8Eu43+zjjUGzjTE0SOR9dtGd7","privKey":"ICPZ1oTjUOsrD8i9KpreUCDRw5p/JKVAqhXlzVUmb20="},"lastRemoteEphemeralKey":"BR41YPAtjmgTSiTkQCFJBJ4hBr87ByDRyO63LUAqO5IK","previousCounter":0,"rootKey":"PaVisDQ6Iv7odG69NZK6h0M0990UW10L2/rfYuqDO7U="},"indexInfo":{"baseKey":"BSLZeTFLY9aFRgB7cn2OIugt3FhL+Njxbrc/iSscpVEE","baseKeyType":1,"closed":-1,"used":1689735106044,"created":1689735106044,"remoteIdentityKey":"BVpGluZMwag2iw/VUvxBXtKGT5VHnStS/J3wR475cV8L"},"_chains":{"BYC0uLkLNwNO6tfzhRi8Eu43+zjjUGzjTE0SOR9dtGd7":{"chainKey":{"counter":0,"key":"jhK4TlnRvzyZ79BPiK3ZzMy+PUcc2WFmgF+Y/3rQWZM="},"chainType":1,"messageKeys":{}}},"pendingPreKey":{"signedKeyId":0,"baseKey":"BSLZeTFLY9aFRgB7cn2OIugt3FhL+Njxbrc/iSscpVEE"}}},"version":"v1"}