{"_sessions":{"BVHKJjiYweoI5dh7Ti6c0bc8HUXLSOMHfHYQWhuNpq58":{"registrationId":10956,"currentRatchet":{"ephemeralKeyPair":{"pubKey":"BdvXNJSJl4auHIh4kb3IanO/wsRrfu7P2PLI2pdDHX1W","privKey":"oIi+8kxaeQ4KPQKcjfIqAGgmbof8orJeIKUbYiMsvVY="},"lastRemoteEphemeralKey":"BQPyxp4ey5J/Ba0KO+JWKFQCFUTMrKOyKGEUUUtPy/gX","previousCounter":0,"rootKey":"pjA8MzwygT/KbTmmR5NKER/ysoQIGe2KhhCg4LDH4sU="},"indexInfo":{"baseKey":"BVHKJjiYweoI5dh7Ti6c0bc8HUXLSOMHfHYQWhuNpq58","baseKeyType":1,"closed":-1,"used":1689735105581,"created":1689735105581,"remoteIdentityKey":"BWPJ10qgB9Ang+wdclQpBFSB5bCIBiZ5VUQ9GG+YRUQE"},"_chains":{"BdvXNJSJl4auHIh4kb3IanO/wsRrfu7P2PLI2pdDHX1W":{"chainKey":{"counter":0,"key":"ysE1XM6jY4P1CvaMcOYFQjOaSword7rMxCbjIna70fY="},"chainType":1,"messageKeys":{}}},"pendingPreKey":{"signedKeyId":1,"baseKey":"BVHKJjiYweoI5dh7Ti6c0bc8HUXLSOMHfHYQWhuNpq58"}}},"version":"v1"}