{"_sessions":{"BYAr9E0l9pQCo0UKMhQ2cpucOsXW1EqfPhn2vJc5aQcW":{"registrationId":1565145845,"currentRatchet":{"ephemeralKeyPair":{"pubKey":"BV8W42qFHK+ILDfeYEgSQ3hNfzwKAZrV1CFGe7AobU0G","privKey":"0NmiEJx10hGL5XsypyYvq5bTe3JkRaXX615XJ16ffl0="},"lastRemoteEphemeralKey":"BVAhOKymg88gY/1+/MWvzl7QHQ6/k7vyoCI5BTQ+3Ac1","previousCounter":0,"rootKey":"HSCZphdDnfLQlYIC+FiaSETbk/CdgulRO5ewAmswuvs="},"indexInfo":{"baseKey":"BYAr9E0l9pQCo0UKMhQ2cpucOsXW1EqfPhn2vJc5aQcW","baseKeyType":1,"closed":-1,"used":1689735106047,"created":1689735106047,"remoteIdentityKey":"BVe3V1k13iBPqCZiQtKT5cqIQrDrm5k9Kig+6kdVm/R3"},"_chains":{"BV8W42qFHK+ILDfeYEgSQ3hNfzwKAZrV1CFGe7AobU0G":{"chainKey":{"counter":0,"key":"ca0s2zZda9x+Mtpt3CQA3mxcoxQU4dgkSCJxbYGxasw="},"chainType":1,"messageKeys":{}}},"pendingPreKey":{"signedKeyId":3,"baseKey":"BYAr9E0l9pQCo0UKMhQ2cpucOsXW1EqfPhn2vJc5aQcW","preKeyId":3365812}}},"version":"v1"}