{"_sessions":{"BQp7kihXqNkhL4JwLwSQtMaiGgFEypbXHj6vs+K4qQI8":{"registrationId":1414370652,"currentRatchet":{"ephemeralKeyPair":{"pubKey":"BQ6pCczFMIS5mLMVw64AIOUz9vxSnBcy9KYDctWm0p9c","privKey":"YPYPU36ke/haf0U5YuoCQlKkK7Yhnth61EGGkcQjt2w="},"lastRemoteEphemeralKey":"BeNIp1t0Nle+6abrIG28HBm68xHFVDMwvRhRzjdfphFF","previousCounter":0,"rootKey":"X8zlVZoksQSJq17UQ6ni4kBPxW757cvdCf2xwedxVBM="},"indexInfo":{"baseKey":"BQp7kihXqNkhL4JwLwSQtMaiGgFEypbXHj6vs+K4qQI8","baseKeyType":1,"closed":-1,"used":1689735105947,"created":1689735105947,"remoteIdentityKey":"BU4+wuC1Wj0BWVeklxfMIa+GsqCex4WPZhaw7/wRhNUy"},"_chains":{"BQ6pCczFMIS5mLMVw64AIOUz9vxSnBcy9KYDctWm0p9c":{"chainKey":{"counter":0,"key":"XaKscze4MjvjJGs9vdMWG0NDh8454+iBNyoSKzzh/CM="},"chainType":1,"messageKeys":{}}},"pendingPreKey":{"signedKeyId":1,"baseKey":"BQp7kihXqNkhL4JwLwSQtMaiGgFEypbXHj6vs+K4qQI8","preKeyId":5363727}}},"version":"v1"}