{"_sessions":{"BSOqrHd3+Wf5siwx+wSy2OozMZzQ+5lqojaE1TUBqpE0":{"registrationId":522599947,"currentRatchet":{"ephemeralKeyPair":{"pubKey":"BXcSKTrGDqXh6CAkN0bMzGFVvB3lk9NEJ1cLN5TyeVRZ","privKey":"eJuU1f6cwJMBwOfTMhZWdl1QZ/VByytvxQxoEtvg40k="},"lastRemoteEphemeralKey":"BZwBXLqXh5KOVEqn5U8YFdeMQSCGv3fLjQe+Gyml92IL","previousCounter":0,"rootKey":"1XR8KGKsO55FPQBX6NaYvLJzWVTv0W16nZ9r9oAlupE="},"indexInfo":{"baseKey":"BSOqrHd3+Wf5siwx+wSy2OozMZzQ+5lqojaE1TUBqpE0","baseKeyType":1,"closed":-1,"used":1689735105766,"created":1689735105766,"remoteIdentityKey":"BUXHqQWAOXo3mbFZePZD1iHdVzFnZ7DC6zyE/k88qPtW"},"_chains":{"BXcSKTrGDqXh6CAkN0bMzGFVvB3lk9NEJ1cLN5TyeVRZ":{"chainKey":{"counter":0,"key":"X9iDqnLlK5JhoHqoj7xM7KMayUANRnTJyfAWf/2Nszw="},"chainType":1,"messageKeys":{}}},"pendingPreKey":{"signedKeyId":3,"baseKey":"BSOqrHd3+Wf5siwx+wSy2OozMZzQ+5lqojaE1TUBqpE0","preKeyId":9871658}}},"version":"v1"}