{"_sessions":{"BecRk+LgutLjpDtWLVK+dA1c2Lgtc9iJAZFfntq2Wm9z":{"registrationId":239069942,"currentRatchet":{"ephemeralKeyPair":{"pubKey":"BSiFPc+YLiW35g0XHD5sMRyYGq386hp29DKiOFLmwQBV","privKey":"QJhBAEweFnEJKtHkNdtQYMpzNgi8Y/vKJbBpWMive0c="},"lastRemoteEphemeralKey":"BYSW4LlTRkegkElqYWCj5aqusvE078zixv6hjkuorEdU","previousCounter":0,"rootKey":"k9ucofSwv69CqamZVyf05qUHzM5r1JENUakrgbdHSOM="},"indexInfo":{"baseKey":"BecRk+LgutLjpDtWLVK+dA1c2Lgtc9iJAZFfntq2Wm9z","baseKeyType":1,"closed":-1,"used":1689735106087,"created":1689735106087,"remoteIdentityKey":"BR0OO9Vt0swjx+GnOK+B7K0dKK9TxHvsZyKEVRBjmHEf"},"_chains":{"BSiFPc+YLiW35g0XHD5sMRyYGq386hp29DKiOFLmwQBV":{"chainKey":{"counter":0,"key":"n4cN1Kuc351oHY19Hp7QoAMeB7334NSeFcI73OMPayM="},"chainType":1,"messageKeys":{}}},"pendingPreKey":{"signedKeyId":3,"baseKey":"BecRk+LgutLjpDtWLVK+dA1c2Lgtc9iJAZFfntq2Wm9z","preKeyId":12241793}}},"version":"v1"}