{"_sessions":{"BeG2d6PEPv/l30gW61ngWwoCY48HeQGc2PjYTtJlA1cx":{"registrationId":1440000157,"currentRatchet":{"ephemeralKeyPair":{"pubKey":"BeRRvvhgTgt9pxpEk5sUj3+K1jgwP43C2BJjdoXdGHcK","privKey":"gM/yIYQySWsQ06uez1TJCNSjPSqhp2VqejZlXYMTxlk="},"lastRemoteEphemeralKey":"BZavau91GBjTNhDHQtnCeRyOfu6ldMbt350OKyEXt4ZE","previousCounter":0,"rootKey":"tpaRRtfstVMwmdHJkglOpVJpE11dsIF60q3PCFMTBow="},"indexInfo":{"baseKey":"BeG2d6PEPv/l30gW61ngWwoCY48HeQGc2PjYTtJlA1cx","baseKeyType":1,"closed":-1,"used":1689733338582,"created":1689733338582,"remoteIdentityKey":"BeMtFeW3ye7aHp2/31XeD7Z04VTibKjCiAkgVJBGla9G"},"_chains":{"BeRRvvhgTgt9pxpEk5sUj3+K1jgwP43C2BJjdoXdGHcK":{"chainKey":{"counter":0,"key":"K8QNw3APe6hNbo2FJUiYcPaKbCNhGUAqGo4MHEOPMkA="},"chainType":1,"messageKeys":{}}},"pendingPreKey":{"signedKeyId":14,"baseKey":"BeG2d6PEPv/l30gW61ngWwoCY48HeQGc2PjYTtJlA1cx","preKeyId":3591835}}},"version":"v1"}