{"_sessions":{"BdwAoAsG3mTlPQvcMH9+5fYshmo8sXFLMOxZFlpjhwBM":{"registrationId":830778178,"currentRatchet":{"ephemeralKeyPair":{"pubKey":"BVz6l90NKoQpw6rbQUrWvC6WGv+a8EDdnSW6SUEjlv9U","privKey":"sPRpIMkJItoJpb82RgpaEe9d6voWZc0DVI6EkxfbjVw="},"lastRemoteEphemeralKey":"BYckhLmeBW70GFZ/jNU6xBt+nzOuVNKQo8fwQ++BgcIF","previousCounter":0,"rootKey":"RbWndZ4DLuQG8WUB/YOznqnzByICC5YzrIMBtQZJktg="},"indexInfo":{"baseKey":"BdwAoAsG3mTlPQvcMH9+5fYshmo8sXFLMOxZFlpjhwBM","baseKeyType":1,"closed":-1,"used":1689735028081,"created":1689735028081,"remoteIdentityKey":"BY/5UQmhxdh7R8aQ/q2x2IYc3+KZugbR+ExT6wjW999q"},"_chains":{"BVz6l90NKoQpw6rbQUrWvC6WGv+a8EDdnSW6SUEjlv9U":{"chainKey":{"counter":0,"key":"RaQegL859LAOv261/CwOLduYmJJj30r/WB0AV5Ol7UI="},"chainType":1,"messageKeys":{}}},"pendingPreKey":{"signedKeyId":2,"baseKey":"BdwAoAsG3mTlPQvcMH9+5fYshmo8sXFLMOxZFlpjhwBM","preKeyId":1017399}}},"version":"v1"}