{"_sessions":{"BTnlcjK1n+SjOOwL7emmeQVeqN/tI4jD7Ve2kH+VSjAX":{"registrationId":289569039,"currentRatchet":{"ephemeralKeyPair":{"pubKey":"BWjmpR4ZcNnoMzjAbvaDaxnOKf8i7lrn6biixwcMA+5l","privKey":"2D9vmN/sHNzndpCiLix+MLHMdr2B4Af+J+X1TOP54Wc="},"lastRemoteEphemeralKey":"BRlQuFp2t37mfp2CGLZr0qRprDPUW9sl1bypLbztHjcY","previousCounter":0,"rootKey":"iMYom1n9EgQCU4maD4IcKafOGexDgis6eXh6v+1B2+I="},"indexInfo":{"baseKey":"BTnlcjK1n+SjOOwL7emmeQVeqN/tI4jD7Ve2kH+VSjAX","baseKeyType":1,"closed":-1,"used":1689735106366,"created":1689735106366,"remoteIdentityKey":"BfKdtMJnVYeGcJ6FPCPvs9xx2zHG/XQwtkykck6fPuso"},"_chains":{"BWjmpR4ZcNnoMzjAbvaDaxnOKf8i7lrn6biixwcMA+5l":{"chainKey":{"counter":0,"key":"3UXMHOUg8UP53oetf3rTEeK1oU7Qo18vPMUItXGrTyk="},"chainType":1,"messageKeys":{}}},"pendingPreKey":{"signedKeyId":1,"baseKey":"BTnlcjK1n+SjOOwL7emmeQVeqN/tI4jD7Ve2kH+VSjAX","preKeyId":1404979}}},"version":"v1"}