{"_sessions":{"BTocxJKeuiUqVzim/+sNBx7yq+HvfHa3DsvqlMJ++qVs":{"registrationId":1784554693,"currentRatchet":{"ephemeralKeyPair":{"pubKey":"BUcUl3Cs8OdZia1UR9D2+1v0MjZxtiCCYKE3yDoFOOIk","privKey":"UD7tdwScjBI2k0JVzXK/vaNzyly6zisBKOpqrGSgoEA="},"lastRemoteEphemeralKey":"BdB5AAbEBMUdcDkjU/5+M4qfPS5MapBsEjS7LqXNCGNq","previousCounter":0,"rootKey":"oXi7W9z6rpZx/5Us620HefQk4Psl8HitKnZXZ+B9KJk="},"indexInfo":{"baseKey":"BTocxJKeuiUqVzim/+sNBx7yq+HvfHa3DsvqlMJ++qVs","baseKeyType":1,"closed":-1,"used":1689734809380,"created":1689734809380,"remoteIdentityKey":"BYdnXZnddyYH24P+zy7kC0uwfFdTI4Iuz+iTIHtFnTEM"},"_chains":{"BUcUl3Cs8OdZia1UR9D2+1v0MjZxtiCCYKE3yDoFOOIk":{"chainKey":{"counter":0,"key":"/gHd4Ls9M8h01ekLYrSIsrIepVcuNcWuFYMP/j0ejUE="},"chainType":1,"messageKeys":{}}},"pendingPreKey":{"signedKeyId":0,"baseKey":"BTocxJKeuiUqVzim/+sNBx7yq+HvfHa3DsvqlMJ++qVs"}}},"version":"v1"}