{"_sessions":{"BQ+GNfDzV8iq9gTBE9EMrGHIoj41zcA5VI9xXmJXxZlI":{"registrationId":812422757,"currentRatchet":{"ephemeralKeyPair":{"pubKey":"BfST7H0JS1PI1P1+FvgBezXyunZc2ijbetcqtlSl0Bln","privKey":"CHwTsaQwHmRoiPEivdjJTvyMnFuqrODkBjw9n8YwZnM="},"lastRemoteEphemeralKey":"BUyy768lJnnWaTKxlPzls3+qKsl13y8E21gBKyS5QRBB","previousCounter":0,"rootKey":"0Yo1jNYTWdWtrJNqiJ5gaD3Kv3tnE6RHhLQWQz5kn0U="},"indexInfo":{"baseKey":"BQ+GNfDzV8iq9gTBE9EMrGHIoj41zcA5VI9xXmJXxZlI","baseKeyType":1,"closed":-1,"used":1689735105861,"created":1689735105861,"remoteIdentityKey":"BeAWvVBQFlSZuGVgOwaLhRLi8vojmXdJvEECJP7zC4cX"},"_chains":{"BfST7H0JS1PI1P1+FvgBezXyunZc2ijbetcqtlSl0Bln":{"chainKey":{"counter":0,"key":"4Eu98uiF11o+f1AMu6jYhxT+BY6cX7dvFgPoR8cnAPc="},"chainType":1,"messageKeys":{}}},"pendingPreKey":{"signedKeyId":2,"baseKey":"BQ+GNfDzV8iq9gTBE9EMrGHIoj41zcA5VI9xXmJXxZlI","preKeyId":10229774}}},"version":"v1"}