{"_sessions":{"BfQ1QdNeTggh5yvHE12IDSiWKR9KlZuT8RFS+m5wkhM+":{"registrationId":993580875,"currentRatchet":{"ephemeralKeyPair":{"pubKey":"BQbn65Li5sq1b4Xi+birhXzDMXfy5PQ+siFz2036bvxa","privKey":"qDa8WeRXyGO2NIvlN3cC9ht1YRrslWt2fXAmUwhu+10="},"lastRemoteEphemeralKey":"BbzxLedIubBoJUaxvllq5uC5ph/lu2hjyIovO/+GSZM1","previousCounter":0,"rootKey":"oO0ZTxmGyiKPxV9kdCDM0AMJY45Kq+wc6TrBWm4Xxng="},"indexInfo":{"baseKey":"BfQ1QdNeTggh5yvHE12IDSiWKR9KlZuT8RFS+m5wkhM+","baseKeyType":1,"closed":-1,"used":1689735105804,"created":1689735105804,"remoteIdentityKey":"BTV1vRPOd8lJRLY2XXujPPpETYwe0PjYv28QQWCWhnQ6"},"_chains":{"BQbn65Li5sq1b4Xi+birhXzDMXfy5PQ+siFz2036bvxa":{"chainKey":{"counter":0,"key":"ekwQcspHljMxDFG7YKwqQUaOERaTxpvmECS9qWz1xM0="},"chainType":1,"messageKeys":{}}},"pendingPreKey":{"signedKeyId":15,"baseKey":"BfQ1QdNeTggh5yvHE12IDSiWKR9KlZuT8RFS+m5wkhM+","preKeyId":7879637}}},"version":"v1"}