{"_sessions":{"BfWd7QIvmyCsK/6hJALvgszxhIB/lfC4rAr1h3kZVZMQ":{"registrationId":263986426,"currentRatchet":{"ephemeralKeyPair":{"pubKey":"BUFGo41W4hB+4r9+xj2L60D7cQfAqiXCpM6JsQ6Do9Ud","privKey":"0H//B4FQQy7hWI4YWhG0U+Kmv/obbPDeYUJwRZTjxVY="},"lastRemoteEphemeralKey":"BXSrhRZpRwz3qjeuqKHHSe8g9YnWdQjNWx2EMXRsYekY","previousCounter":0,"rootKey":"1XqucjSfcvrHR79CqJph28St9kPjr85R/ykNJOxSNWg="},"indexInfo":{"baseKey":"BfWd7QIvmyCsK/6hJALvgszxhIB/lfC4rAr1h3kZVZMQ","baseKeyType":1,"closed":-1,"used":1689735105852,"created":1689735105852,"remoteIdentityKey":"BUNAnsMNzQQhpq8PIh6rsXtYfdcCecYSueo/NXJ6hgUC"},"_chains":{"BUFGo41W4hB+4r9+xj2L60D7cQfAqiXCpM6JsQ6Do9Ud":{"chainKey":{"counter":0,"key":"kAcO/AmKZ63xL+hPnwnahH1XqStiJLK14Sf7jW47ykQ="},"chainType":1,"messageKeys":{}}},"pendingPreKey":{"signedKeyId":0,"baseKey":"BfWd7QIvmyCsK/6hJALvgszxhIB/lfC4rAr1h3kZVZMQ","preKeyId":12264733}}},"version":"v1"}