{"_sessions":{"BQrYUtUGpjkNr+G6KMXJ8e9PsAZod290g2YppIhJxS1R":{"registrationId":1227161336,"currentRatchet":{"ephemeralKeyPair":{"pubKey":"BY2q7mUjTCr9IHC/oIlEqu1cAYPGObQEkbiT5SiP0ylC","privKey":"mGLbdWaVffd4qWaLh1SJcB3xrgDuqkT0hRgnYWTmM2c="},"lastRemoteEphemeralKey":"BevJXrTsKLr5TlWwhq2IWjEcWeuoZYhJDVeRdR98T74H","previousCounter":0,"rootKey":"DfIRIeLE7eajaq8c57MwAtuDbU97sE0lgpkg0OT2ex4="},"indexInfo":{"baseKey":"BQrYUtUGpjkNr+G6KMXJ8e9PsAZod290g2YppIhJxS1R","baseKeyType":1,"closed":-1,"used":1689735106033,"created":1689735106033,"remoteIdentityKey":"BRUB5bh/jQmpan0D+Fny7Ow2orTayz20fvqQzeKg5XEx"},"_chains":{"BY2q7mUjTCr9IHC/oIlEqu1cAYPGObQEkbiT5SiP0ylC":{"chainKey":{"counter":0,"key":"8Y+Fr1jJ6BLJwAr8dKO51iNpJArZ1B622QglsEHFmB4="},"chainType":1,"messageKeys":{}}},"pendingPreKey":{"signedKeyId":3,"baseKey":"BQrYUtUGpjkNr+G6KMXJ8e9PsAZod290g2YppIhJxS1R"}}},"version":"v1"}