{"_sessions":{"Be7r67LiX4KBwBkN9hRLjCIjwta2so+qDDAKsBJaWyo7":{"registrationId":280961068,"currentRatchet":{"ephemeralKeyPair":{"pubKey":"BaN+z6DN+apyi91e49HErXndMcsMGFo1b8OcmL4tloN2","privKey":"CBs7/SDHsUrcKG1WDcMT2VX7cRksBlHS3CfKu+WdxkA="},"lastRemoteEphemeralKey":"BZ6FvtMOSXmDXt+OulPZ/V8JCybwY07wjwVib8uQilVd","previousCounter":0,"rootKey":"Ul+8lUrGlTpawU7wIJ080xuvDFkLdEwc9KQmPliXi6g="},"indexInfo":{"baseKey":"Be7r67LiX4KBwBkN9hRLjCIjwta2so+qDDAKsBJaWyo7","baseKeyType":1,"closed":-1,"used":1690018926654,"created":1690018926654,"remoteIdentityKey":"BfO3j0sWnyPxshZ32rwc6op46zH5tp2uB4OnhZjxFjhO"},"_chains":{"BaN+z6DN+apyi91e49HErXndMcsMGFo1b8OcmL4tloN2":{"chainKey":{"counter":0,"key":"CoopL+FM/z9QlaZTKxdZdcwQyW1xmJ3IaKvjG/9qgtw="},"chainType":1,"messageKeys":{}}},"pendingPreKey":{"signedKeyId":8,"baseKey":"Be7r67LiX4KBwBkN9hRLjCIjwta2so+qDDAKsBJaWyo7","preKeyId":7462775}}},"version":"v1"}