{"_sessions":{"BS9E3I3qNilDnESG0stK54yxjgJUhy9XvV1CNya+FWMI":{"registrationId":1785522911,"currentRatchet":{"ephemeralKeyPair":{"pubKey":"BXFB1HzM8aYDh5CPzRN4GNduBoX3SNXLjkPxX18+/n1R","privKey":"ENy2qGaTD0Xpp9QuTKr2GRAozsB049oIcUrfWII+aV4="},"lastRemoteEphemeralKey":"BWU/++N7Uhtjoav/zgxwEQOqN750pEDbN6dTfM8Vw98K","previousCounter":0,"rootKey":"s8tzYc4oH8brNQn4BuTfd5hOmdiQMYwTNt2mabBPl3Y="},"indexInfo":{"baseKey":"BS9E3I3qNilDnESG0stK54yxjgJUhy9XvV1CNya+FWMI","baseKeyType":1,"closed":-1,"used":1689735106208,"created":1689735106208,"remoteIdentityKey":"BeSojRT0dfJR2FhCsGbfeAqRLCVX7wQzO/Cv6bSY9hkS"},"_chains":{"BXFB1HzM8aYDh5CPzRN4GNduBoX3SNXLjkPxX18+/n1R":{"chainKey":{"counter":0,"key":"t7ncqIvyu1/roDbJbUpuCjA3K+YQ34uXj4jUSlmPqEg="},"chainType":1,"messageKeys":{}}},"pendingPreKey":{"signedKeyId":5,"baseKey":"BS9E3I3qNilDnESG0stK54yxjgJUhy9XvV1CNya+FWMI","preKeyId":12225436}}},"version":"v1"}