{"_sessions":{"Be1ARrbZDEWQDpmhEIWHSPMveXrnV2j3eKbRv1P7oulz":{"registrationId":2072516809,"currentRatchet":{"ephemeralKeyPair":{"pubKey":"BS2SO3NZsbaucEINqICZ8jajZVuPVOmp2aCFuv/mYEJH","privKey":"KEidv0I9BshJPR/yLyX6y15WUxS6M+A8lKt7lkDTTEA="},"lastRemoteEphemeralKey":"BTOphIZjDvUBFfNL3iUQ45sEBaJkZPUg0WnlOYYWN8Ee","previousCounter":0,"rootKey":"n8tVeqEwNp5xPTddCpfzCRs4vzUUN6sfE4vLXDRgfxc="},"indexInfo":{"baseKey":"Be1ARrbZDEWQDpmhEIWHSPMveXrnV2j3eKbRv1P7oulz","baseKeyType":1,"closed":-1,"used":1689735105822,"created":1689735105822,"remoteIdentityKey":"BYUoIETa2Tucw8h0tXQL4grgWqlvv7ppKsy8ohCVRBI3"},"_chains":{"BS2SO3NZsbaucEINqICZ8jajZVuPVOmp2aCFuv/mYEJH":{"chainKey":{"counter":0,"key":"Kuk+n1EF3vRb0bZVguiWKS/gszuzzCcuqWQBBhAgVkM="},"chainType":1,"messageKeys":{}}},"pendingPreKey":{"signedKeyId":9,"baseKey":"Be1ARrbZDEWQDpmhEIWHSPMveXrnV2j3eKbRv1P7oulz","preKeyId":8976810}}},"version":"v1"}