{"_sessions":{"Bcf1Q5Lbl2AKsLppPl6YTQRyAPtZgsrx14FxbraYNmIj":{"registrationId":475758514,"currentRatchet":{"ephemeralKeyPair":{"pubKey":"BY4Hx0TlGtZPWN6ohcwZdma/KhYDcwqyqv4UBvHOmEwa","privKey":"iALikF7J24VnA+S16H+MUGpX6gQASxRwQ/r99zqSD3U="},"lastRemoteEphemeralKey":"Bc5Wkse3fbDjQvP0x2x68jOpjjQ5Fl+ykfTZZOETsfBQ","previousCounter":0,"rootKey":"QUs32sLiTiFlDmLRFSUUhL6u+7K1qDmUlTkCmVz0v78="},"indexInfo":{"baseKey":"Bcf1Q5Lbl2AKsLppPl6YTQRyAPtZgsrx14FxbraYNmIj","baseKeyType":1,"closed":-1,"used":1689734147695,"created":1689734147695,"remoteIdentityKey":"BUw0WrQ6j87Odl/JA8HRkkIbpmTaU/GDCrZXR158gKNR"},"_chains":{"BY4Hx0TlGtZPWN6ohcwZdma/KhYDcwqyqv4UBvHOmEwa":{"chainKey":{"counter":0,"key":"uXQDxRlm/ZjFUjP98YKG+ixr0gI0AyAMrmzItrUl66s="},"chainType":1,"messageKeys":{}}},"pendingPreKey":{"signedKeyId":12,"baseKey":"Bcf1Q5Lbl2AKsLppPl6YTQRyAPtZgsrx14FxbraYNmIj","preKeyId":16505991}}},"version":"v1"}