{"_sessions":{"BVnCjDhuQ08kLFZ/05G5/nrT4SV/FAJIJ1MlmvAXNix/":{"registrationId":25605644,"currentRatchet":{"ephemeralKeyPair":{"pubKey":"Bd+mJqoH98qiU3nHUQhzhGzCubmDdQLK/6yKCBudO65q","privKey":"yPBx0Ei62/HOc+wjjajN99lrNhQpaIzqtu8bqIrQvFY="},"lastRemoteEphemeralKey":"BZB4GMyyreFVNdzhxOcueQE/B4xjA/m37nni3WG97V1L","previousCounter":0,"rootKey":"dJ6M/LYnCUskrDHKVSV+DOirfgg2tQfMF02+g82ShDg="},"indexInfo":{"baseKey":"BVnCjDhuQ08kLFZ/05G5/nrT4SV/FAJIJ1MlmvAXNix/","baseKeyType":1,"closed":-1,"used":1689735105856,"created":1689735105856,"remoteIdentityKey":"BZXckXtmEFs0M1l13npHBJ/0g3xQOUPbTwu5GlVCFa5O"},"_chains":{"Bd+mJqoH98qiU3nHUQhzhGzCubmDdQLK/6yKCBudO65q":{"chainKey":{"counter":0,"key":"pQfnmkBgwEyXwVn171elPZRPNfIW9FlSF2jFx7Wv3ZY="},"chainType":1,"messageKeys":{}}},"pendingPreKey":{"signedKeyId":0,"baseKey":"BVnCjDhuQ08kLFZ/05G5/nrT4SV/FAJIJ1MlmvAXNix/","preKeyId":5177968}}},"version":"v1"}