{"_sessions":{"BcGRKbudvoFV3HcclCBBUDGp9p9ibKW8BZrt/lplJGlR":{"registrationId":807855675,"currentRatchet":{"ephemeralKeyPair":{"pubKey":"BeT/bSPrtj8VZADSHF/+Qx0y56pEXmhiSWsOMgWiEqMr","privKey":"uD7gO5MESq2otUtCQ8j6We8e/Mc/DNGbdKEtlQRjyU8="},"lastRemoteEphemeralKey":"BX3cyoPs4PUTtsLr9uSaVk5kg/2C4/k7/WgDE3/PJ+lA","previousCounter":0,"rootKey":"1j6NQfeeWCS6LrsFjESQoPgRA3BoVgOpvzKoCAhYthY="},"indexInfo":{"baseKey":"BcGRKbudvoFV3HcclCBBUDGp9p9ibKW8BZrt/lplJGlR","baseKeyType":1,"closed":-1,"used":1689735105939,"created":1689735105939,"remoteIdentityKey":"BabldYrtZ3KiCHFJxR80tZiDKL9zRg4IHjeDdja2201R"},"_chains":{"BeT/bSPrtj8VZADSHF/+Qx0y56pEXmhiSWsOMgWiEqMr":{"chainKey":{"counter":0,"key":"elDKUUZUrIKkrYQJyvyF0UohGyXfW5kRlI7QZBZ3prQ="},"chainType":1,"messageKeys":{}}},"pendingPreKey":{"signedKeyId":2,"baseKey":"BcGRKbudvoFV3HcclCBBUDGp9p9ibKW8BZrt/lplJGlR","preKeyId":10293433}}},"version":"v1"}