{"_sessions":{"BWSogmMdjcZi2Ib2lA3WM/0t5pbRF+/prRUAycaI+Ocs":{"registrationId":1278880260,"currentRatchet":{"ephemeralKeyPair":{"pubKey":"BTJnvF2l7DTkpp8VQ2bWJIvg4143UyRtjVIJzLRiHcYj","privKey":"uPZ44Ordzm8gfISr3OSobNySuoY9lDiBGOd9meMTAHA="},"lastRemoteEphemeralKey":"BdCqloMC1mpyrOdutFxKs8LAgg1hswSPzRpkmPeqPR0L","previousCounter":0,"rootKey":"EvXH/e+Kl30nkMN5R1iH/8sbcA1pVZLSXS85mzJ5wxk="},"indexInfo":{"baseKey":"BWSogmMdjcZi2Ib2lA3WM/0t5pbRF+/prRUAycaI+Ocs","baseKeyType":1,"closed":-1,"used":1689734147658,"created":1689734147658,"remoteIdentityKey":"BVbh0tdBPIl0nXsj0Yiznk2pl2VeO7OAuD2rBdYnMxxs"},"_chains":{"BTJnvF2l7DTkpp8VQ2bWJIvg4143UyRtjVIJzLRiHcYj":{"chainKey":{"counter":0,"key":"nEgpEkx9k2BYqH1xvO1LWtVE2+umAoDN15L5RB3TeD8="},"chainType":1,"messageKeys":{}}},"pendingPreKey":{"signedKeyId":1,"baseKey":"BWSogmMdjcZi2Ib2lA3WM/0t5pbRF+/prRUAycaI+Ocs","preKeyId":200123}}},"version":"v1"}