{"_sessions":{"BQGofc0v/W2KTI4/Ap5BNzhA0r0WpRTV6/BhcVolF8hg":{"registrationId":492317214,"currentRatchet":{"ephemeralKeyPair":{"pubKey":"BQ/ZvzJghlMKYQ/7+pVdZSbJ257Bx+B5e+1wiyfJ8xIU","privKey":"0CLC3ehs5vWdlTHHVGr523o7fugLXjrN7cu0sReY9Gk="},"lastRemoteEphemeralKey":"BTxdDA/ihIUAEO2Ahb9896oPV00i6jx7YUCJqnG5ZCst","previousCounter":0,"rootKey":"EDZUoWrD74MdM+zZLqeBLa/xmdDegj3IOJhZqqaZiWw="},"indexInfo":{"baseKey":"BQGofc0v/W2KTI4/Ap5BNzhA0r0WpRTV6/BhcVolF8hg","baseKeyType":1,"closed":-1,"used":1689735106157,"created":1689735106157,"remoteIdentityKey":"BddlOuKtVaGpChERe5kmi+j02gv/SVUv4Eibd9hSzNJX"},"_chains":{"BQ/ZvzJghlMKYQ/7+pVdZSbJ257Bx+B5e+1wiyfJ8xIU":{"chainKey":{"counter":0,"key":"B3zzvRKoYKn7F8x6hquD14CaL/Oxso9h9N5Rf4ehjhY="},"chainType":1,"messageKeys":{}}},"pendingPreKey":{"signedKeyId":6,"baseKey":"BQGofc0v/W2KTI4/Ap5BNzhA0r0WpRTV6/BhcVolF8hg","preKeyId":8961052}}},"version":"v1"}