{"_sessions":{"BX/3YiAMnWyhJWXo3Bx64lzE6OXoUUudyxte93YB2qYn":{"registrationId":176529019,"currentRatchet":{"ephemeralKeyPair":{"pubKey":"BToIiMECRtlKmsr05yltqVnWSUIH9bM/0zg7B/gvxLN4","privKey":"cKoaGuoDlUPRFC+GU4GuzVa3VZqK/eVqgf70skmH53I="},"lastRemoteEphemeralKey":"BbE03Q4+N/WtS5Y7QlrQpbCd3obdPrEUbJPQOhT43es8","previousCounter":0,"rootKey":"NM1J11KUbQB05hiDO/pdHM5DrJb/ZNkqeOdmh3jbukQ="},"indexInfo":{"baseKey":"BX/3YiAMnWyhJWXo3Bx64lzE6OXoUUudyxte93YB2qYn","baseKeyType":2,"closed":-1,"used":1689735637343,"created":1689735637343,"remoteIdentityKey":"Bd14Bg82egbwqY2OdrwKCm8sPvNOqiV7OexNalfWjdYd"},"_chains":{"BbE03Q4+N/WtS5Y7QlrQpbCd3obdPrEUbJPQOhT43es8":{"chainKey":{"counter":0,"key":"QSWTpAKjvDqddlBRJ9Jd9CLM6SjjXoU8PeJIBXAcgEQ="},"chainType":2,"messageKeys":{}},"BToIiMECRtlKmsr05yltqVnWSUIH9bM/0zg7B/gvxLN4":{"chainKey":{"counter":-1,"key":"3NMS2sHCIh/2IkTgd9Q+O9L4Gwh46bVBiVfkvo8dJik="},"chainType":1,"messageKeys":{}}}}},"version":"v1"}