{"_sessions":{"BcCMwAAGXe9ZTlUw9X33wyn5DMLq3A0zFwoQoD5blv9z":{"registrationId":2422,"currentRatchet":{"ephemeralKeyPair":{"pubKey":"BcNTrnqz8RRZ5oNs1pCvxuj2ZsDNJaKiCkvytJPQOaVW","privKey":"6Ew0cqXaU75FzvC/4IOI9bkTb13d+t9eZUUD8N5EsEk="},"lastRemoteEphemeralKey":"BWbi1/s1/yEZPNfvHqFTTOs8avS85/TzdDW7kMPWCms8","previousCounter":0,"rootKey":"xgrbCdnCEpIHTCzNz1OrYslGJmjIU3VTBCHmE6j9Nes="},"indexInfo":{"baseKey":"BcCMwAAGXe9ZTlUw9X33wyn5DMLq3A0zFwoQoD5blv9z","baseKeyType":1,"closed":-1,"used":1689734147553,"created":1689734147553,"remoteIdentityKey":"BaHUDyCil3lQMwvKZD+uwMHzX+pWuMfgkU5vt3vZH0oU"},"_chains":{"BcNTrnqz8RRZ5oNs1pCvxuj2ZsDNJaKiCkvytJPQOaVW":{"chainKey":{"counter":0,"key":"zFRs2L/BT7hh78R8LQqs6esuDutOmcgh7f7aYFS7VJQ="},"chainType":1,"messageKeys":{}}},"pendingPreKey":{"signedKeyId":1,"baseKey":"BcCMwAAGXe9ZTlUw9X33wyn5DMLq3A0zFwoQoD5blv9z"}}},"version":"v1"}