{"_sessions":{"BQku+iy0cuVH9CfBhS4cqIPa2l2NHZ6XgnitLXkuf+cz":{"registrationId":14925,"currentRatchet":{"ephemeralKeyPair":{"pubKey":"Ba7ed0Y2MbdQfA6TeQ4WkESoDZC8Hr5VZSINJcDr2B9j","privKey":"KCEWyGv8UdmaVGZabAExjSsRCmj6ZwdekkE4nk2e4kk="},"lastRemoteEphemeralKey":"BWstq5x7LDCMRTSZEuMYxNU2Ej0VdSMOc8iyhMVvmv9F","previousCounter":0,"rootKey":"y1cjlnCA1vXGGEYdILVk0eL14CwocTH7e2RLjQxhSGA="},"indexInfo":{"baseKey":"BQku+iy0cuVH9CfBhS4cqIPa2l2NHZ6XgnitLXkuf+cz","baseKeyType":1,"closed":-1,"used":1689735105551,"created":1689735105551,"remoteIdentityKey":"BSxjhQjtqu2vHijp7/WQRFIxXzhBxCqZG4dVtgKs4Khf"},"_chains":{"Ba7ed0Y2MbdQfA6TeQ4WkESoDZC8Hr5VZSINJcDr2B9j":{"chainKey":{"counter":0,"key":"fvJDcfGS3rlPixhALuPvYVvl314OTS35XRLVt/mn9s0="},"chainType":1,"messageKeys":{}}},"pendingPreKey":{"signedKeyId":1,"baseKey":"BQku+iy0cuVH9CfBhS4cqIPa2l2NHZ6XgnitLXkuf+cz","preKeyId":2038}}},"version":"v1"}