{"_sessions":{"BfQxSbm03jPbC5A5QixVdqDsQXiG5DmjPjZsJv9J5k4E":{"registrationId":557734339,"currentRatchet":{"ephemeralKeyPair":{"pubKey":"BfpzqvRmfVL38sy5LdGbrKx3wtYAwkBhY7hVuN6YhdEx","privKey":"0D12nCPuX58D1hl2ku9DuckbNrpBFLSsf3pIlG0aeX8="},"lastRemoteEphemeralKey":"BUifyUJdVHgNmAOojbOVN6At8X9Uhgt+1BOkYM7eXUtV","previousCounter":0,"rootKey":"Agkov7q5IsCaeW2eW7hHXxIjuJRkTnkU8Jf93V6YVhA="},"indexInfo":{"baseKey":"BfQxSbm03jPbC5A5QixVdqDsQXiG5DmjPjZsJv9J5k4E","baseKeyType":1,"closed":-1,"used":1689734147599,"created":1689734147599,"remoteIdentityKey":"BbZIx5UkkLWHpIFcvACC/544o5q2PE3onCKTXK8v1itK"},"_chains":{"BfpzqvRmfVL38sy5LdGbrKx3wtYAwkBhY7hVuN6YhdEx":{"chainKey":{"counter":0,"key":"dQvvq1b3Det1ZkLrHxNiHLGFiv6Mi29v2UCV1qJL0TQ="},"chainType":1,"messageKeys":{}}},"pendingPreKey":{"signedKeyId":10,"baseKey":"BfQxSbm03jPbC5A5QixVdqDsQXiG5DmjPjZsJv9J5k4E","preKeyId":1249528}}},"version":"v1"}