{"_sessions":{"BRb+n6ZJ8aSBQNHeLuOONRwp194IDyispTSauWaY+csm":{"registrationId":98841045,"currentRatchet":{"ephemeralKeyPair":{"pubKey":"BfZoas1bFR75X90krG5Cd9vP3L8dl+jUq67zDYGmAQZ7","privKey":"gOVnWcJEr2n38RKTLYhFWFr2zuCe5jiR0Z3rL3l+N24="},"lastRemoteEphemeralKey":"BX1NrAkYzl1uHrKn+J0TRMK+WCMJQmrdw+VhlueRZwkR","previousCounter":0,"rootKey":"JHvSB/HyUrl2LS/cYZqVSCRrf6qDSuk5Q618Gv/X1/U="},"indexInfo":{"baseKey":"BRb+n6ZJ8aSBQNHeLuOONRwp194IDyispTSauWaY+csm","baseKeyType":1,"closed":-1,"used":1689735105910,"created":1689735105910,"remoteIdentityKey":"BZZURWjoRw0u4Nhxe36yRxt1qi6v2f0BfvJmOFWe4aVh"},"_chains":{"BfZoas1bFR75X90krG5Cd9vP3L8dl+jUq67zDYGmAQZ7":{"chainKey":{"counter":0,"key":"Y/T3qX002G02qbD3VE9wO9+UujGOTLdLcoPoADkxOmA="},"chainType":1,"messageKeys":{}}},"pendingPreKey":{"signedKeyId":1,"baseKey":"BRb+n6ZJ8aSBQNHeLuOONRwp194IDyispTSauWaY+csm","preKeyId":12089588}}},"version":"v1"}