{"_sessions":{"BfWIiVGdoDEmKeUJZZ7q5mCdFpn9LL4xRlHdcfgZ01NR":{"registrationId":889452109,"currentRatchet":{"ephemeralKeyPair":{"pubKey":"BT6W4cURoi07AKHfErpTseVFjoPDaGc8/XzeeMrrXO4d","privKey":"IFN6TSliQPjeU2LkiGtRq4XdCc41JMyiXXrAia1tgVw="},"lastRemoteEphemeralKey":"BSMabBKOGQmNbk8HtUSMEhJ6R0cUNAkKx5sR3XOSaKNv","previousCounter":0,"rootKey":"P1H/3mxZHoSbIgpdYdzlGd+CUgBoc01gllrXNr42btA="},"indexInfo":{"baseKey":"BfWIiVGdoDEmKeUJZZ7q5mCdFpn9LL4xRlHdcfgZ01NR","baseKeyType":1,"closed":-1,"used":1689734809454,"created":1689734809454,"remoteIdentityKey":"BYSDAIWXMlAErRQW/iOGOlOOErmgL2B8V3TlVkhw52wo"},"_chains":{"BT6W4cURoi07AKHfErpTseVFjoPDaGc8/XzeeMrrXO4d":{"chainKey":{"counter":0,"key":"Ii4k+ITgTLtL+vIFoHM3qSRBE+6EujQm2MSwoqqgucU="},"chainType":1,"messageKeys":{}}},"pendingPreKey":{"signedKeyId":5,"baseKey":"BfWIiVGdoDEmKeUJZZ7q5mCdFpn9LL4xRlHdcfgZ01NR","preKeyId":4277049}}},"version":"v1"}