{"_sessions":{"BcGZvztuYt3N83LQfZrRZB6bcmJWZIHIh87yD3ln5xlX":{"registrationId":2102618993,"currentRatchet":{"ephemeralKeyPair":{"pubKey":"BZN8hhIzxXKkQwTxnOuR3hP8+B3YGbPmrOToRs+F038s","privKey":"gBTP3h8Ot9MLm6pGQNUM5nte51/lp8VXNoopM/StdXI="},"lastRemoteEphemeralKey":"Bc21gwBgk+jRTgK5HuXF/19pDbOFfNMj2FAZ7N4Z1lFN","previousCounter":0,"rootKey":"q7X+USjw0D1EG5zP5AQPScq3G2S0E67eeA9kneVNUNo="},"indexInfo":{"baseKey":"BcGZvztuYt3N83LQfZrRZB6bcmJWZIHIh87yD3ln5xlX","baseKeyType":1,"closed":-1,"used":1689735106132,"created":1689735106132,"remoteIdentityKey":"BdJiPvynlMeeHSPPK0WJv4rjtAfMo7DvCxYtjC6Er8gk"},"_chains":{"BZN8hhIzxXKkQwTxnOuR3hP8+B3YGbPmrOToRs+F038s":{"chainKey":{"counter":0,"key":"8TfDwbzDnLeYtxRYx3+obAf0n2QTHpQdgV1J3EDz2S0="},"chainType":1,"messageKeys":{}}},"pendingPreKey":{"signedKeyId":13,"baseKey":"BcGZvztuYt3N83LQfZrRZB6bcmJWZIHIh87yD3ln5xlX"}}},"version":"v1"}