{"_sessions":{"BaVnQsnpUvwqilPO1E1bsamg5LWtqbFGeiCHzoiOVOgw":{"registrationId":354386770,"currentRatchet":{"ephemeralKeyPair":{"pubKey":"Bdi4v/FZZLh0496AJtLlf4DSQrDxURPOb/NfGctWXMgF","privKey":"QGx6uoKWPdbWoX0rgxA/m991Bim3sMpH3b8ZpTu8XVw="},"lastRemoteEphemeralKey":"BZJg6TB3CwcdNqoDQkl8mU5w8xnm/K2dRyZPUYmg2N89","previousCounter":0,"rootKey":"lLkxeVOn5wu64z+MRFyCvwmmIapL+kRvln6/VgllBJ4="},"indexInfo":{"baseKey":"BaVnQsnpUvwqilPO1E1bsamg5LWtqbFGeiCHzoiOVOgw","baseKeyType":1,"closed":-1,"used":1689733541016,"created":1689733541016,"remoteIdentityKey":"BTlBdEKnMUu8D0Q3xIRcfLGVI7JVWAYeC8NDii0o+ctb"},"_chains":{"Bdi4v/FZZLh0496AJtLlf4DSQrDxURPOb/NfGctWXMgF":{"chainKey":{"counter":0,"key":"6+2E13zrGmSYiIV0cQqk5xSRnjyUnHAxxDUxW5ixm1o="},"chainType":1,"messageKeys":{}}},"pendingPreKey":{"signedKeyId":0,"baseKey":"BaVnQsnpUvwqilPO1E1bsamg5LWtqbFGeiCHzoiOVOgw","preKeyId":10613633}}},"version":"v1"}