{"_sessions":{"BbTd9tuR0xmAQE7mvobCPXWeBe9wY6rJTCvTg+HhauVi":{"registrationId":767818289,"currentRatchet":{"ephemeralKeyPair":{"pubKey":"BWe2OolCnQem9cwIvIL3cwk9jB+SVVZk8Xu/ni1v69sr","privKey":"wBRbhh8L19BT84VpxiEGj4W+cAZEtLWdGlSi8EGi2Gg="},"lastRemoteEphemeralKey":"BaKikV6BNKdhROiXRjVi5aZPaWqIN7QXSniI8qjIqHBy","previousCounter":0,"rootKey":"3O3xlkZRMh0HUppdiYlXrzlizOIbEvVX6PGu6pE+aKc="},"indexInfo":{"baseKey":"BbTd9tuR0xmAQE7mvobCPXWeBe9wY6rJTCvTg+HhauVi","baseKeyType":1,"closed":-1,"used":1689736443671,"created":1689734809447,"remoteIdentityKey":"BZi70O4rAOi3/gpXEE2vTJ3oYfIL9wbLl2K0v7qmAtxv"},"_chains":{"BaKikV6BNKdhROiXRjVi5aZPaWqIN7QXSniI8qjIqHBy":{"chainKey":{"counter":1,"key":"BEoRwYcrdDt2zx2zRulfeNH6/NTadYjuQ9elKu8yUe8="},"chainType":2,"messageKeys":{}},"BWe2OolCnQem9cwIvIL3cwk9jB+SVVZk8Xu/ni1v69sr":{"chainKey":{"counter":-1,"key":"UZ3GymRT2VbSZG+dQshgOh1TmvvtTintQ+bZmAJelXo="},"chainType":1,"messageKeys":{}}}}},"version":"v1"}