{"_sessions":{"BSYxYAD+CzzvGcxN0jmDGWLXhjVBE3tvqUFMgEtXvMc/":{"registrationId":13238,"currentRatchet":{"ephemeralKeyPair":{"pubKey":"BRsDre2bu2Hku0nFnj5KOBIq7nKJvMGovfPUNfR7oRd8","privKey":"WFiqwbZFhNBhXeTA1x6SD06PLI1JF90cFUnlvMEOmW4="},"lastRemoteEphemeralKey":"BRYumCgPAo07POF5Kxj034DgZbzKe7+ymaohZQiAK9JX","previousCounter":0,"rootKey":"tvzy5M5n3RiJeDIeO90t0DzwDK3ArWoU65LQ8vJiVGE="},"indexInfo":{"baseKey":"BSYxYAD+CzzvGcxN0jmDGWLXhjVBE3tvqUFMgEtXvMc/","baseKeyType":1,"closed":-1,"used":1689735105498,"created":1689735105498,"remoteIdentityKey":"BQkeugdy7ksQLdMsTnku89NKDUL5QSruYrQtpEIqSKBr"},"_chains":{"BRsDre2bu2Hku0nFnj5KOBIq7nKJvMGovfPUNfR7oRd8":{"chainKey":{"counter":0,"key":"ePaT6PTJLcEN9ofFlRNiuea2aKl3xmcGT5XaxyfOs0A="},"chainType":1,"messageKeys":{}}},"pendingPreKey":{"signedKeyId":1,"baseKey":"BSYxYAD+CzzvGcxN0jmDGWLXhjVBE3tvqUFMgEtXvMc/"}}},"version":"v1"}