{"_sessions":{"BdZJun0vsYXs8jXdVYhQVBoyymJU1AFFVTQqcDqQ07Vd":{"registrationId":14773,"currentRatchet":{"ephemeralKeyPair":{"pubKey":"BS9JRTheKCFq15hwk8a3C/MonJtgm209eGRuHia9Jiwp","privKey":"0PeNYwKRfBlJVimaa6hcDL63g9hmWIhiOBTQe85Kg0M="},"lastRemoteEphemeralKey":"BeJv3WsLCCAOMo33QvURB0so+nCaRVH7whcSq/aLXRIK","previousCounter":0,"rootKey":"oTonufIPGssBF8NkfJ5qFVZti6RHXjWlQk9baVzWiy8="},"indexInfo":{"baseKey":"BdZJun0vsYXs8jXdVYhQVBoyymJU1AFFVTQqcDqQ07Vd","baseKeyType":1,"closed":-1,"used":1689735105584,"created":1689735105584,"remoteIdentityKey":"BbRLrrPmqBcCUcKDWTSWaMBodhcG/s51+Pp0Y3tUXN8N"},"_chains":{"BS9JRTheKCFq15hwk8a3C/MonJtgm209eGRuHia9Jiwp":{"chainKey":{"counter":0,"key":"+GOxIuvLRnjJUMYbW2kE5zn7JvSe3UJ+j9vT5FEwt8g="},"chainType":1,"messageKeys":{}}},"pendingPreKey":{"signedKeyId":1,"baseKey":"BdZJun0vsYXs8jXdVYhQVBoyymJU1AFFVTQqcDqQ07Vd"}}},"version":"v1"}