{"_sessions":{"BYSmtI+ONXBpHboCsr9+j+ursABhzBXvb55eEn6C2i0z":{"registrationId":11596,"currentRatchet":{"ephemeralKeyPair":{"pubKey":"BXKURE33Lu0tpYLp5xkxKgfJn2BQ57ZpHJ9GWU2KWbUt","privKey":"iOGTrM7Tmso48YhcyUurcwBiyKm9wpXuzXi1goK+3Xk="},"lastRemoteEphemeralKey":"BcgwTeRER5eLm+CJsyatKhXD/e2mQbfMmr+Gpp0tfYcT","previousCounter":0,"rootKey":"7BFZAc+XbrDOU7lrEInuZVQMV2a25N/YDvJjjmGDVAs="},"indexInfo":{"baseKey":"BYSmtI+ONXBpHboCsr9+j+ursABhzBXvb55eEn6C2i0z","baseKeyType":1,"closed":-1,"used":1689735105544,"created":1689735105544,"remoteIdentityKey":"Bcrp4js5+dwLkvOT9041VhzSeYJBbNdjBhUfZEj7lbAx"},"_chains":{"BXKURE33Lu0tpYLp5xkxKgfJn2BQ57ZpHJ9GWU2KWbUt":{"chainKey":{"counter":0,"key":"Ulnm2ZHMIMuJ5gJ03x1m9idpDrf+y0gQaO6RT2QNnYY="},"chainType":1,"messageKeys":{}}},"pendingPreKey":{"signedKeyId":2,"baseKey":"BYSmtI+ONXBpHboCsr9+j+ursABhzBXvb55eEn6C2i0z","preKeyId":3470}}},"version":"v1"}