{"_sessions":{"Bd9eLV9J5S1d6lF75b4MFQID86pQpPRALyrUCFU7mx94":{"registrationId":207250031,"currentRatchet":{"ephemeralKeyPair":{"pubKey":"BSOVzWRjKtLvkf/8hxx2JYMI8mT91ExV48MuTftsmJ8q","privKey":"iG2DslAHuBsXPq4MygGbOIBIM5DsgxPpdFLTDwMM8HU="},"lastRemoteEphemeralKey":"BfjiAwMPu46oAhHuzjvumoWNof82TTBCw4grXbfTZW0U","previousCounter":0,"rootKey":"iTRgPXvgPiCRTb+H88evBfVSd/J645B5UJf/cPvhwa0="},"indexInfo":{"baseKey":"Bd9eLV9J5S1d6lF75b4MFQID86pQpPRALyrUCFU7mx94","baseKeyType":1,"closed":-1,"used":1689735106055,"created":1689735106055,"remoteIdentityKey":"BYHsVBf9x4LB8Jh2F3B0fD8lhlVkQqlFDU81f+EHWY1z"},"_chains":{"BSOVzWRjKtLvkf/8hxx2JYMI8mT91ExV48MuTftsmJ8q":{"chainKey":{"counter":0,"key":"RVqBermTcIT4rofShjuREC8Dmx4+WAcE3kL7VOa+scw="},"chainType":1,"messageKeys":{}}},"pendingPreKey":{"signedKeyId":3,"baseKey":"Bd9eLV9J5S1d6lF75b4MFQID86pQpPRALyrUCFU7mx94","preKeyId":11707506}}},"version":"v1"}